-- MySQL dump 10.13  Distrib 5.7.21, for Linux (x86_64)
--
-- Host: localhost    Database: bathhouse
-- ------------------------------------------------------
-- Server version	5.7.21-0ubuntu0.16.04.1

/*!40101 SET @OLD_CHARACTER_SET_CLIENT=@@CHARACTER_SET_CLIENT */;
/*!40101 SET @OLD_CHARACTER_SET_RESULTS=@@CHARACTER_SET_RESULTS */;
/*!40101 SET @OLD_COLLATION_CONNECTION=@@COLLATION_CONNECTION */;
/*!40101 SET NAMES utf8 */;
/*!40103 SET @OLD_TIME_ZONE=@@TIME_ZONE */;
/*!40103 SET TIME_ZONE='+00:00' */;
/*!40014 SET @OLD_UNIQUE_CHECKS=@@UNIQUE_CHECKS, UNIQUE_CHECKS=0 */;
/*!40014 SET @OLD_FOREIGN_KEY_CHECKS=@@FOREIGN_KEY_CHECKS, FOREIGN_KEY_CHECKS=0 */;
/*!40101 SET @OLD_SQL_MODE=@@SQL_MODE, SQL_MODE='NO_AUTO_VALUE_ON_ZERO' */;
/*!40111 SET @OLD_SQL_NOTES=@@SQL_NOTES, SQL_NOTES=0 */;

--
-- Table structure for table `accounting_income`
--

DROP TABLE IF EXISTS `accounting_income`;
/*!40101 SET @saved_cs_client     = @@character_set_client */;
/*!40101 SET character_set_client = utf8 */;
CREATE TABLE `accounting_income` (
  `id` int(11) NOT NULL AUTO_INCREMENT,
  `customer_name` varchar(60) DEFAULT NULL,
  `total` decimal(25,15) NOT NULL,
  `date` datetime(6) NOT NULL,
  `payment_method_id` int(11) DEFAULT NULL,
  `recorder_id` int(11) NOT NULL,
  `card_no` varchar(60) NOT NULL,
  `is_deleted` tinyint(1) NOT NULL,
  `is_paid` tinyint(1) NOT NULL,
  `vip_id` int(11) DEFAULT NULL,
  `gender` tinyint(1) NOT NULL,
  `paid_date` datetime(6) DEFAULT NULL,
  PRIMARY KEY (`id`),
  KEY `accounting_income_recorder_id_080fbab5_fk_accountin` (`recorder_id`),
  KEY `accounting_income_payment_method_id_051be954_fk_accountin` (`payment_method_id`),
  KEY `accounting_income_vip_id_e7338ff9_fk_accounting_vip_id` (`vip_id`),
  CONSTRAINT `accounting_income_payment_method_id_051be954_fk_accountin` FOREIGN KEY (`payment_method_id`) REFERENCES `accounting_paymentmethod` (`id`),
  CONSTRAINT `accounting_income_recorder_id_080fbab5_fk_accountin` FOREIGN KEY (`recorder_id`) REFERENCES `accounting_systemuser` (`id`),
  CONSTRAINT `accounting_income_vip_id_e7338ff9_fk_accounting_vip_id` FOREIGN KEY (`vip_id`) REFERENCES `accounting_vip` (`id`)
) ENGINE=InnoDB AUTO_INCREMENT=1922 DEFAULT CHARSET=utf8;
/*!40101 SET character_set_client = @saved_cs_client */;

--
-- Dumping data for table `accounting_income`
--

LOCK TABLES `accounting_income` WRITE;
/*!40000 ALTER TABLE `accounting_income` DISABLE KEYS */;
INSERT INTO `accounting_income` VALUES (1,NULL,0.000000000000000,'2018-02-21 02:03:06.863212',NULL,2,'23',1,0,NULL,0,NULL),(2,NULL,0.000000000000000,'2018-02-21 02:25:18.036731',NULL,2,'18',1,0,NULL,0,NULL),(3,NULL,0.000000000000000,'2018-02-21 02:34:49.335369',NULL,2,'18',1,0,NULL,0,NULL),(4,NULL,0.000000000000000,'2018-02-21 02:34:49.390681',NULL,2,'18',1,0,NULL,0,NULL),(5,NULL,32.000000000000000,'2018-02-21 03:02:16.417704',1,2,'17',0,1,NULL,0,NULL),(6,NULL,0.000000000000000,'2018-02-21 03:13:15.682733',NULL,2,'21',1,0,NULL,0,NULL),(7,NULL,32.000000000000000,'2018-02-21 03:14:40.490179',1,2,'36',0,1,NULL,0,NULL),(8,NULL,22.000000000000000,'2018-02-21 03:16:12.537321',3,2,'7',0,1,NULL,0,NULL),(9,NULL,42.000000000000000,'2018-02-21 03:17:34.757568',3,2,'5',0,1,NULL,0,NULL),(10,NULL,52.000000000000000,'2018-02-22 11:28:12.468310',1,2,'18',0,1,NULL,0,NULL),(11,NULL,0.000000000000000,'2018-02-22 11:37:16.543060',NULL,2,'0',1,0,NULL,0,NULL),(12,NULL,108.000000000000000,'2018-02-22 11:40:21.592976',3,2,'29',0,1,NULL,1,NULL),(13,NULL,0.000000000000000,'2018-02-22 13:49:54.781052',NULL,2,'0',1,0,NULL,0,NULL),(14,NULL,35.000000000000000,'2018-02-23 02:34:24.952897',1,3,'1',0,1,NULL,0,NULL),(15,NULL,27.000000000000000,'2018-02-23 02:34:30.059249',1,3,'14',0,1,NULL,0,NULL),(16,NULL,59.000000000000000,'2018-02-23 02:34:35.106514',1,3,'16',0,1,NULL,0,NULL),(17,NULL,0.000000000000000,'2018-02-23 02:35:09.243792',NULL,3,'8',1,0,NULL,1,NULL),(18,NULL,0.000000000000000,'2018-02-23 02:35:24.172211',NULL,3,'30',1,0,NULL,1,NULL),(19,NULL,0.000000000000000,'2018-02-23 02:35:34.822506',NULL,3,'34',1,0,NULL,1,NULL),(20,NULL,0.000000000000000,'2018-02-23 02:35:42.179393',NULL,3,'15',1,0,NULL,1,NULL),(21,NULL,0.000000000000000,'2018-02-23 02:35:44.593776',NULL,3,'16',1,0,NULL,1,NULL),(22,NULL,0.000000000000000,'2018-02-23 02:35:46.403306',NULL,3,'14',1,0,NULL,1,NULL),(23,NULL,0.000000000000000,'2018-02-23 02:35:58.039180',NULL,3,'32',1,0,NULL,1,NULL),(24,NULL,0.000000000000000,'2018-02-23 02:36:04.480258',NULL,3,'25',1,0,NULL,1,NULL),(25,NULL,0.000000000000000,'2018-02-23 02:36:09.560781',NULL,3,'28',1,0,NULL,1,NULL),(26,NULL,0.000000000000000,'2018-02-23 02:36:17.057276',NULL,3,'29',1,0,NULL,1,NULL),(27,NULL,33.000000000000000,'2018-02-23 02:50:23.505422',1,3,'31',0,1,NULL,1,NULL),(28,NULL,0.000000000000000,'2018-02-23 02:57:19.785293',NULL,3,'3',1,0,NULL,0,NULL),(29,NULL,0.000000000000000,'2018-02-23 02:58:29.831514',NULL,3,'3',1,0,NULL,0,NULL),(30,NULL,0.000000000000000,'2018-02-23 03:01:33.958064',NULL,3,'3',1,0,NULL,0,NULL),(31,NULL,0.000000000000000,'2018-02-23 06:03:03.487253',1,3,'1',0,1,NULL,0,NULL),(32,NULL,37.000000000000000,'2018-02-23 06:08:03.906443',1,3,'21',0,1,NULL,0,NULL),(33,NULL,0.000000000000000,'2018-02-23 06:10:34.775551',NULL,3,'0',1,0,NULL,0,NULL),(34,'陈健',22.000000000000000,'2018-02-23 14:02:05.534214',2,3,'2',0,1,3,0,NULL),(35,NULL,0.000000000000000,'2018-02-23 14:08:27.747029',1,3,'1',0,1,NULL,0,NULL),(36,NULL,22.000000000000000,'2018-02-23 14:10:01.711242',1,3,'1',0,1,NULL,0,NULL),(37,NULL,58.000000000000000,'2018-02-24 03:19:57.564532',6,2,'0',0,1,NULL,0,NULL),(38,NULL,37.000000000000000,'2018-02-24 03:20:00.590660',1,2,'1',0,1,NULL,0,NULL),(39,NULL,22.000000000000000,'2018-02-24 03:20:03.973942',1,2,'7',0,1,NULL,0,NULL),(40,NULL,22.000000000000000,'2018-02-24 03:20:07.462274',1,2,'14',0,1,NULL,0,NULL),(41,NULL,62.000000000000000,'2018-02-24 03:20:12.598909',7,2,'21',0,1,NULL,0,NULL),(42,NULL,22.000000000000000,'2018-02-24 03:20:19.260783',7,2,'28',0,1,NULL,0,NULL),(43,NULL,37.000000000000000,'2018-02-24 03:30:07.993673',1,2,'0',0,1,NULL,0,NULL),(44,NULL,37.000000000000000,'2018-02-24 03:34:49.950580',5,2,'2',0,1,NULL,0,NULL),(45,NULL,0.000000000000000,'2018-02-24 03:38:12.325889',NULL,2,'2',1,0,NULL,0,NULL),(46,NULL,77.000000000000000,'2018-02-24 04:24:27.858140',1,2,'9',0,1,NULL,0,NULL),(47,NULL,37.000000000000000,'2018-02-24 04:26:58.788581',1,2,'34',0,1,NULL,0,NULL),(48,NULL,22.000000000000000,'2018-02-24 04:28:17.628296',6,2,'7',0,1,NULL,0,NULL),(49,NULL,37.000000000000000,'2018-02-24 05:31:58.941570',1,2,'20',0,1,NULL,0,NULL),(50,NULL,22.000000000000000,'2018-02-24 06:35:24.201103',1,2,'7',0,1,NULL,0,NULL),(51,NULL,22.000000000000000,'2018-02-24 06:52:58.489629',1,2,'28',0,1,NULL,0,NULL),(52,NULL,37.000000000000000,'2018-02-24 07:03:11.211876',1,2,'14',0,1,NULL,0,NULL),(53,NULL,33.000000000000000,'2018-02-24 07:03:48.623197',1,2,'15',0,1,NULL,1,NULL),(54,NULL,67.000000000000000,'2018-02-24 07:20:01.154653',6,2,'2',0,1,NULL,0,NULL),(55,NULL,22.000000000000000,'2018-02-24 07:27:25.981914',1,2,'34',0,1,NULL,0,NULL),(56,NULL,77.000000000000000,'2018-02-24 07:27:38.622844',1,2,'21',0,1,NULL,0,NULL),(57,NULL,37.000000000000000,'2018-02-24 07:28:04.160056',6,2,'35',0,1,NULL,0,NULL),(58,NULL,57.000000000000000,'2018-02-24 07:28:12.684309',6,2,'29',0,1,NULL,0,NULL),(59,NULL,77.000000000000000,'2018-02-24 07:28:19.175405',1,2,'20',0,1,NULL,0,NULL),(60,NULL,22.000000000000000,'2018-02-24 07:28:24.879608',4,2,'7',0,1,NULL,0,NULL),(61,NULL,37.000000000000000,'2018-02-24 07:28:31.593722',1,2,'1',0,1,NULL,0,NULL),(62,NULL,37.000000000000000,'2018-02-24 07:28:37.143158',1,2,'22',0,1,NULL,0,NULL),(63,NULL,22.000000000000000,'2018-02-24 07:28:47.197753',1,2,'24',0,1,NULL,0,NULL),(64,NULL,18.000000000000000,'2018-02-24 07:29:26.053012',1,2,'7',0,1,NULL,1,NULL),(65,NULL,18.000000000000000,'2018-02-24 07:29:30.447439',1,2,'14',0,1,NULL,1,NULL),(66,NULL,123.000000000000000,'2018-02-24 07:29:38.463197',1,2,'36',0,1,NULL,1,NULL),(67,NULL,18.000000000000000,'2018-02-24 07:29:43.675605',1,2,'28',0,1,NULL,1,NULL),(68,NULL,33.000000000000000,'2018-02-24 07:29:49.085340',6,2,'32',0,1,NULL,1,NULL),(69,NULL,18.000000000000000,'2018-02-24 07:29:54.567800',1,2,'31',0,1,NULL,1,NULL),(70,NULL,63.000000000000000,'2018-02-24 07:29:58.711473',1,2,'15',0,1,NULL,1,NULL),(71,NULL,18.000000000000000,'2018-02-24 07:30:06.321383',4,2,'29',0,1,NULL,1,NULL),(72,NULL,37.000000000000000,'2018-02-24 07:40:50.471160',1,2,'0',0,1,NULL,0,NULL),(73,NULL,22.000000000000000,'2018-02-24 08:33:20.275667',7,2,'10',0,1,NULL,0,NULL),(74,NULL,22.000000000000000,'2018-02-24 08:33:27.944334',7,2,'30',0,1,NULL,0,NULL),(75,NULL,47.000000000000000,'2018-02-24 08:33:41.412635',1,2,'28',0,1,NULL,0,NULL),(76,NULL,33.000000000000000,'2018-02-24 08:33:53.962552',4,2,'20',0,1,NULL,1,NULL),(77,NULL,18.000000000000000,'2018-02-24 08:33:58.625606',4,2,'16',0,1,NULL,1,NULL),(78,NULL,72.000000000000000,'2018-02-24 08:52:43.315913',1,2,'59',0,1,NULL,0,NULL),(79,NULL,53.000000000000000,'2018-02-24 09:58:25.781435',4,2,'7',0,1,NULL,1,NULL),(80,NULL,22.000000000000000,'2018-02-24 09:58:40.020480',1,2,'20',0,1,NULL,0,NULL),(81,NULL,57.000000000000000,'2018-02-24 09:58:45.140595',7,2,'37',0,1,NULL,0,NULL),(82,NULL,62.000000000000000,'2018-02-24 09:58:54.217992',4,2,'34',0,1,NULL,0,NULL),(83,NULL,57.000000000000000,'2018-02-24 09:58:59.318144',4,2,'35',0,1,NULL,0,NULL),(84,NULL,33.000000000000000,'2018-02-24 10:15:46.172051',1,2,'31',0,1,NULL,1,NULL),(85,NULL,37.000000000000000,'2018-02-24 10:15:50.710467',6,2,'14',0,1,NULL,0,NULL),(86,NULL,37.000000000000000,'2018-02-24 10:15:58.393921',6,2,'16',0,1,NULL,0,NULL),(87,NULL,37.000000000000000,'2018-02-24 11:00:11.458813',1,2,'22',0,1,NULL,0,NULL),(88,NULL,37.000000000000000,'2018-02-24 11:03:54.313707',1,2,'0',0,1,NULL,0,NULL),(89,NULL,57.000000000000000,'2018-02-24 11:04:08.053153',6,2,'21',0,1,NULL,0,NULL),(90,NULL,48.000000000000000,'2018-02-24 13:33:00.483503',6,2,'36',0,1,NULL,1,NULL),(91,NULL,93.000000000000000,'2018-02-24 13:33:13.263630',6,2,'47',0,1,NULL,1,NULL),(92,NULL,0.000000000000000,'2018-02-25 01:51:42.709394',NULL,3,'14',1,0,NULL,0,NULL),(93,NULL,0.000000000000000,'2018-02-25 01:51:56.999145',NULL,3,'18',1,0,NULL,0,NULL),(94,NULL,0.000000000000000,'2018-02-25 01:52:11.513527',NULL,3,'14',1,0,NULL,1,NULL),(95,NULL,0.000000000000000,'2018-02-25 01:52:17.676207',NULL,3,'18',1,0,NULL,1,NULL),(96,NULL,28.000000000000000,'2018-02-25 01:52:24.736576',1,3,'32',0,1,NULL,1,NULL),(97,NULL,83.000000000000000,'2018-02-25 01:56:11.166168',6,3,'7',0,1,NULL,1,NULL),(98,NULL,0.000000000000000,'2018-02-25 01:56:25.686785',NULL,3,'28',1,0,NULL,1,NULL),(99,NULL,42.000000000000000,'2018-02-25 02:23:12.885609',1,3,'20',0,1,NULL,0,NULL),(100,NULL,22.000000000000000,'2018-02-25 02:24:55.498159',7,3,'17',0,1,NULL,0,NULL),(101,NULL,43.000000000000000,'2018-02-25 02:25:37.061156',1,3,'18',0,1,NULL,1,NULL),(102,NULL,51.000000000000000,'2018-02-25 02:26:16.053628',1,3,'14',0,1,NULL,1,NULL),(103,NULL,42.000000000000000,'2018-02-25 02:27:26.584704',1,3,'28',0,1,NULL,0,NULL),(104,NULL,42.000000000000000,'2018-02-25 02:28:14.369601',1,3,'34',0,1,NULL,0,NULL),(105,NULL,32.000000000000000,'2018-02-25 02:29:02.090985',1,3,'7',0,1,NULL,0,NULL),(106,NULL,22.000000000000000,'2018-02-25 02:29:08.229080',1,3,'9',0,1,NULL,0,NULL),(107,NULL,32.000000000000000,'2018-02-25 02:29:12.284600',1,3,'14',0,1,NULL,0,NULL),(108,NULL,22.000000000000000,'2018-02-25 02:29:17.692001',1,3,'10',0,1,NULL,0,NULL),(109,NULL,32.000000000000000,'2018-02-25 02:29:23.837617',6,3,'21',0,1,NULL,0,NULL),(110,NULL,52.000000000000000,'2018-02-25 02:29:29.227448',6,3,'22',0,1,NULL,0,NULL),(111,NULL,0.000000000000000,'2018-02-25 02:29:34.883989',NULL,3,'29',1,0,NULL,0,NULL),(112,NULL,22.000000000000000,'2018-02-25 02:29:39.619722',1,3,'30',0,1,NULL,0,NULL),(113,NULL,42.000000000000000,'2018-02-25 02:29:45.505160',1,3,'35',0,1,NULL,0,NULL),(114,NULL,22.000000000000000,'2018-02-25 02:29:55.686441',1,3,'17',0,1,NULL,0,NULL),(115,NULL,22.000000000000000,'2018-02-25 02:30:01.214788',1,3,'28',0,1,NULL,0,NULL),(116,NULL,0.000000000000000,'2018-02-25 02:55:45.124361',NULL,3,'0',1,0,NULL,1,NULL),(117,NULL,18.000000000000000,'2018-02-25 02:55:47.768900',1,3,'5',0,1,NULL,1,NULL),(118,NULL,18.000000000000000,'2018-02-25 02:57:43.459222',1,3,'4',0,1,NULL,1,NULL),(119,NULL,0.000000000000000,'2018-02-25 03:39:34.491882',NULL,3,'20',1,0,NULL,0,NULL),(120,NULL,0.000000000000000,'2018-02-25 03:39:41.225373',NULL,3,'34',1,0,NULL,0,NULL),(121,NULL,52.000000000000000,'2018-02-25 03:40:04.770685',1,3,'21',0,1,NULL,0,NULL),(122,NULL,92.000000000000000,'2018-02-25 03:41:03.061943',1,3,'14',0,1,NULL,0,NULL),(123,NULL,52.000000000000000,'2018-02-25 03:41:05.424112',1,3,'7',0,1,NULL,0,NULL),(124,NULL,43.000000000000000,'2018-02-25 04:03:39.821642',1,3,'31',0,1,NULL,1,NULL),(125,NULL,0.000000000000000,'2018-02-25 04:33:44.459620',NULL,3,'35',1,0,NULL,0,NULL),(126,NULL,0.000000000000000,'2018-02-25 04:40:56.336010',NULL,3,'16',1,0,NULL,0,NULL),(127,NULL,0.000000000000000,'2018-02-25 04:41:02.827797',NULL,3,'22',1,0,NULL,0,NULL),(128,NULL,0.000000000000000,'2018-02-25 04:44:41.945006',NULL,3,'0',1,0,NULL,0,NULL),(129,NULL,0.000000000000000,'2018-02-25 04:44:44.084935',NULL,3,'1',1,0,NULL,0,NULL),(130,NULL,0.000000000000000,'2018-02-25 05:03:42.244821',NULL,3,'14',1,0,NULL,1,NULL),(131,NULL,0.000000000000000,'2018-02-25 05:03:48.147916',NULL,3,'18',1,0,NULL,1,NULL),(132,NULL,32.000000000000000,'2018-02-25 05:16:34.187393',1,3,'2',0,1,NULL,0,NULL),(133,NULL,32.000000000000000,'2018-02-25 05:16:40.223417',1,3,'9',0,1,NULL,0,NULL),(134,NULL,37.000000000000000,'2018-02-25 05:29:51.327919',1,3,'37',0,1,NULL,0,NULL),(135,NULL,32.000000000000000,'2018-02-25 05:29:59.153456',1,3,'21',0,1,NULL,0,NULL),(136,NULL,37.000000000000000,'2018-02-25 05:30:04.796428',1,3,'30',0,1,NULL,0,NULL),(137,NULL,0.000000000000000,'2018-02-25 05:31:17.513666',NULL,3,'38',1,0,NULL,0,NULL),(138,NULL,0.000000000000000,'2018-02-25 05:31:26.255452',NULL,3,'24',1,0,NULL,0,NULL),(139,NULL,0.000000000000000,'2018-02-25 05:32:08.485102',NULL,3,'10',1,0,NULL,0,NULL),(140,NULL,0.000000000000000,'2018-02-25 05:32:15.612377',NULL,3,'8',1,0,NULL,1,NULL),(141,NULL,0.000000000000000,'2018-02-25 05:32:27.989991',NULL,3,'31',1,0,NULL,1,NULL),(142,NULL,0.000000000000000,'2018-02-25 05:32:31.750335',NULL,3,'34',1,0,NULL,1,NULL),(143,NULL,0.000000000000000,'2018-02-25 05:32:35.631569',NULL,3,'9',1,0,NULL,1,NULL),(144,NULL,0.000000000000000,'2018-02-25 05:32:40.226648',NULL,3,'28',1,0,NULL,1,NULL),(145,NULL,0.000000000000000,'2018-02-25 05:35:42.455962',NULL,3,'14',1,0,NULL,0,NULL),(146,NULL,0.000000000000000,'2018-02-25 05:44:23.187236',NULL,3,'28',1,0,NULL,0,NULL),(147,NULL,0.000000000000000,'2018-02-25 05:49:17.803470',NULL,3,'7',1,0,NULL,0,NULL),(148,NULL,0.000000000000000,'2018-02-25 05:49:22.506016',NULL,3,'4',1,0,NULL,0,NULL),(149,NULL,0.000000000000000,'2018-02-25 05:49:27.308675',NULL,3,'18',1,0,NULL,0,NULL),(150,NULL,0.000000000000000,'2018-02-25 05:49:31.915179',NULL,3,'17',1,0,NULL,0,NULL),(151,NULL,0.000000000000000,'2018-02-25 05:49:36.748112',NULL,3,'12',1,0,NULL,0,NULL),(152,NULL,0.000000000000000,'2018-02-25 05:50:06.521082',NULL,3,'16',1,0,NULL,1,NULL),(153,NULL,0.000000000000000,'2018-02-25 05:50:09.856376',NULL,3,'15',1,0,NULL,1,NULL),(154,NULL,0.000000000000000,'2018-02-25 05:50:14.389684',NULL,3,'24',1,0,NULL,1,NULL),(155,NULL,0.000000000000000,'2018-02-25 06:48:50.173964',NULL,3,'9',1,0,NULL,0,NULL),(156,NULL,0.000000000000000,'2018-02-25 06:48:56.832493',NULL,3,'7',1,0,NULL,0,NULL),(157,NULL,0.000000000000000,'2018-02-25 06:48:59.428095',NULL,3,'0',1,0,NULL,0,NULL),(158,NULL,98.000000000000000,'2018-02-26 00:41:20.784623',1,2,'8',0,1,NULL,1,NULL),(159,NULL,28.000000000000000,'2018-02-26 00:51:40.658964',1,2,'18',0,1,NULL,1,NULL),(160,NULL,42.000000000000000,'2018-02-26 00:51:54.407517',4,2,'14',0,1,NULL,0,NULL),(161,NULL,62.000000000000000,'2018-02-26 00:51:59.289779',1,2,'20',0,1,NULL,0,NULL),(162,NULL,47.000000000000000,'2018-02-26 00:52:03.696158',1,2,'21',0,1,NULL,0,NULL),(163,NULL,22.000000000000000,'2018-02-26 01:11:46.534385',1,2,'0',0,1,NULL,0,NULL),(164,NULL,67.000000000000000,'2018-02-26 01:11:50.899343',1,2,'7',0,1,NULL,0,NULL),(165,NULL,22.000000000000000,'2018-02-26 01:12:02.088741',1,2,'22',0,1,NULL,0,NULL),(166,NULL,0.000000000000000,'2018-02-26 01:32:33.941209',NULL,2,'24',1,0,NULL,0,NULL),(167,NULL,43.000000000000000,'2018-02-26 01:32:47.972888',6,2,'24',0,1,NULL,1,NULL),(168,NULL,22.000000000000000,'2018-02-26 02:23:35.071563',1,2,'14',0,1,NULL,0,NULL),(169,NULL,22.000000000000000,'2018-02-26 02:54:11.043079',1,2,'17',0,1,NULL,0,NULL),(170,NULL,68.000000000000000,'2018-02-26 03:22:20.797381',4,2,'18',0,1,NULL,1,NULL),(171,NULL,37.000000000000000,'2018-02-26 03:22:31.139756',1,2,'34',0,1,NULL,0,NULL),(172,NULL,22.000000000000000,'2018-02-26 03:48:36.902715',4,2,'0',0,1,NULL,0,NULL),(173,NULL,42.000000000000000,'2018-02-26 04:08:46.074381',6,2,'20',0,1,NULL,0,NULL),(174,NULL,43.000000000000000,'2018-02-26 05:19:44.922122',1,2,'14',0,1,NULL,1,NULL),(175,NULL,43.000000000000000,'2018-02-26 05:19:57.811319',1,2,'31',0,1,NULL,1,NULL),(176,NULL,47.000000000000000,'2018-02-26 05:20:08.227507',1,2,'14',0,1,NULL,0,NULL),(177,NULL,47.000000000000000,'2018-02-26 05:20:14.967250',1,2,'34',0,1,NULL,0,NULL),(178,NULL,0.000000000000000,'2018-02-26 05:45:21.689386',NULL,2,'7',1,0,NULL,0,NULL),(179,NULL,22.000000000000000,'2018-02-26 06:34:23.052966',4,2,'0',0,1,NULL,0,NULL),(180,NULL,62.000000000000000,'2018-02-26 06:34:27.655818',4,2,'21',0,1,NULL,0,NULL),(181,NULL,82.000000000000000,'2018-02-26 06:34:32.015234',4,2,'22',0,1,NULL,0,NULL),(182,NULL,42.000000000000000,'2018-02-26 06:34:35.800563',4,2,'28',0,1,NULL,0,NULL),(183,NULL,28.000000000000000,'2018-02-26 06:34:52.884823',1,2,'32',0,1,NULL,1,NULL),(184,NULL,22.000000000000000,'2018-02-26 06:38:27.922963',4,2,'20',0,1,NULL,0,NULL),(185,NULL,57.000000000000000,'2018-02-26 06:46:32.337460',6,2,'9',0,1,NULL,0,NULL),(186,NULL,22.000000000000000,'2018-02-26 06:46:36.530788',6,2,'29',0,1,NULL,0,NULL),(187,NULL,22.000000000000000,'2018-02-26 07:03:41.972084',4,2,'16',0,1,NULL,0,NULL),(188,NULL,62.000000000000000,'2018-02-26 07:03:47.674343',4,2,'31',0,1,NULL,0,NULL),(189,NULL,37.000000000000000,'2018-02-26 07:13:28.357075',6,2,'18',0,1,NULL,0,NULL),(190,NULL,28.000000000000000,'2018-02-26 07:14:00.484548',1,2,'28',0,1,NULL,1,NULL),(191,NULL,40.000000000000000,'2018-02-26 07:14:35.327823',1,2,'20',0,1,NULL,0,NULL),(192,NULL,33.000000000000000,'2018-02-26 08:11:28.872072',1,2,'4',0,1,NULL,1,NULL),(193,NULL,18.000000000000000,'2018-02-26 08:11:40.258783',1,2,'38',0,1,NULL,1,NULL),(194,NULL,38.000000000000000,'2018-02-26 08:11:51.619781',6,2,'15',0,1,NULL,1,NULL),(195,NULL,0.000000000000000,'2018-02-26 08:12:00.098688',NULL,2,'24',1,0,NULL,1,NULL),(196,NULL,67.000000000000000,'2018-02-26 08:12:06.929283',1,2,'59',0,1,NULL,0,NULL),(197,NULL,0.000000000000000,'2018-02-26 08:29:29.151633',NULL,2,'1',1,0,NULL,0,NULL),(198,NULL,18.000000000000000,'2018-02-26 08:31:15.299982',7,2,'14',0,1,NULL,1,NULL),(199,NULL,0.000000000000000,'2018-02-26 08:31:16.846588',NULL,2,'8',1,0,NULL,1,NULL),(200,NULL,18.000000000000000,'2018-02-26 08:31:20.388840',7,2,'7',0,1,NULL,1,NULL),(201,NULL,0.000000000000000,'2018-02-26 08:31:25.683405',NULL,2,'0',1,0,NULL,1,NULL),(202,NULL,52.000000000000000,'2018-02-26 08:31:31.208867',7,2,'14',0,1,NULL,0,NULL),(203,NULL,22.000000000000000,'2018-02-26 08:34:34.931443',7,2,'22',0,1,NULL,0,NULL),(204,NULL,37.000000000000000,'2018-02-26 08:56:00.312337',6,2,'37',0,1,NULL,0,NULL),(205,NULL,18.000000000000000,'2018-02-26 09:02:55.467996',4,2,'31',0,1,NULL,1,NULL),(206,NULL,37.000000000000000,'2018-02-26 09:03:23.962928',1,2,'29',0,1,NULL,1,NULL),(207,NULL,68.000000000000000,'2018-02-26 09:10:32.519387',1,2,'18',0,1,NULL,1,NULL),(208,NULL,18.000000000000000,'2018-02-26 09:14:35.887871',7,2,'5',0,1,NULL,1,NULL),(209,NULL,32.000000000000000,'2018-02-26 09:17:41.592826',1,2,'28',0,1,NULL,0,NULL),(210,NULL,22.000000000000000,'2018-02-26 09:29:58.559162',6,2,'0',0,1,NULL,0,NULL),(211,NULL,22.000000000000000,'2018-02-26 09:38:54.938709',1,2,'34',0,1,NULL,0,NULL),(212,NULL,22.000000000000000,'2018-02-26 10:03:05.091196',7,2,'14',0,1,NULL,0,NULL),(213,NULL,122.000000000000000,'2018-02-26 10:40:51.819243',1,2,'20',0,1,NULL,0,NULL),(214,NULL,67.000000000000000,'2018-02-26 11:23:44.993730',6,2,'34',0,1,NULL,0,NULL),(215,NULL,43.000000000000000,'2018-02-26 11:28:46.842888',1,2,'7',0,1,NULL,1,NULL),(216,NULL,88.000000000000000,'2018-02-26 11:29:49.740589',6,2,'32',0,1,NULL,1,NULL),(217,NULL,22.000000000000000,'2018-02-26 12:00:16.241297',1,2,'35',0,1,NULL,0,NULL),(218,NULL,50.000000000000000,'2018-02-26 12:38:51.829339',4,2,'59',0,1,NULL,0,NULL),(219,NULL,32.000000000000000,'2018-02-27 00:12:32.523752',1,2,'22',0,1,NULL,0,NULL),(220,NULL,0.000000000000000,'2018-02-27 00:37:13.207264',NULL,2,'0',1,0,NULL,1,NULL),(221,NULL,18.000000000000000,'2018-02-27 00:37:19.343316',1,2,'14',0,1,NULL,1,NULL),(222,NULL,32.000000000000000,'2018-02-27 01:00:07.539989',4,2,'9',0,1,NULL,0,NULL),(223,NULL,57.000000000000000,'2018-02-27 01:00:41.711146',1,2,'28',0,1,NULL,0,NULL),(224,NULL,0.000000000000000,'2018-02-27 01:04:35.118924',NULL,2,'2',1,0,NULL,1,NULL),(225,NULL,22.000000000000000,'2018-02-27 01:23:37.727716',1,2,'1',0,1,NULL,0,NULL),(226,NULL,32.000000000000000,'2018-02-27 01:23:41.984967',1,2,'34',0,1,NULL,0,NULL),(227,NULL,32.000000000000000,'2018-02-27 01:36:11.674775',1,2,'29',0,1,NULL,0,NULL),(228,NULL,48.000000000000000,'2018-02-27 01:38:21.997728',1,2,'24',0,1,NULL,1,NULL),(229,NULL,18.000000000000000,'2018-02-27 01:38:24.068217',1,2,'28',0,1,NULL,1,NULL),(230,NULL,22.000000000000000,'2018-02-27 01:49:52.594783',1,2,'0',0,1,NULL,0,NULL),(231,NULL,32.000000000000000,'2018-02-27 02:05:52.101663',7,2,'17',0,1,NULL,0,NULL),(232,NULL,32.000000000000000,'2018-02-27 02:07:51.069319',6,2,'20',0,1,NULL,0,NULL),(233,NULL,22.000000000000000,'2018-02-27 02:07:53.915467',6,2,'35',0,1,NULL,0,NULL),(234,NULL,22.000000000000000,'2018-02-27 03:10:54.310569',1,2,'21',0,1,NULL,0,NULL),(235,NULL,0.000000000000000,'2018-02-27 03:52:02.539425',NULL,2,'38',1,0,NULL,0,NULL),(236,NULL,77.000000000000000,'2018-02-27 04:03:29.490894',1,2,'7',0,1,NULL,0,NULL),(237,NULL,37.000000000000000,'2018-02-27 04:07:48.725549',6,2,'20',0,1,NULL,0,NULL),(238,NULL,52.000000000000000,'2018-02-27 04:07:50.688837',6,2,'34',0,1,NULL,0,NULL),(239,NULL,37.000000000000000,'2018-02-27 04:07:51.197397',6,2,'35',0,1,NULL,0,NULL),(240,NULL,42.000000000000000,'2018-02-27 04:25:32.223416',4,2,'14',0,1,NULL,0,NULL),(241,NULL,32.000000000000000,'2018-02-27 04:26:39.591840',1,2,'31',0,1,NULL,0,NULL),(242,NULL,97.000000000000000,'2018-02-27 04:32:45.168755',1,2,'28',0,1,NULL,0,NULL),(243,NULL,18.000000000000000,'2018-02-27 04:49:45.069983',1,2,'31',0,1,NULL,1,NULL),(244,NULL,42.000000000000000,'2018-02-27 04:49:48.956232',1,2,'21',0,1,NULL,0,NULL),(245,NULL,67.000000000000000,'2018-02-27 05:31:17.203262',1,2,'22',0,1,NULL,0,NULL),(246,NULL,68.000000000000000,'2018-02-27 05:38:54.455663',1,2,'14',0,1,NULL,1,NULL),(247,NULL,0.000000000000000,'2018-02-27 05:38:55.132887',NULL,2,'8',1,0,NULL,1,NULL),(248,NULL,103.000000000000000,'2018-02-27 05:39:04.369709',4,2,'15',0,1,NULL,1,NULL),(249,NULL,18.000000000000000,'2018-02-27 05:39:05.554096',1,2,'18',0,1,NULL,1,NULL),(250,NULL,118.000000000000000,'2018-02-27 06:03:14.413184',1,2,'38',0,1,NULL,1,NULL),(251,NULL,22.000000000000000,'2018-02-27 06:06:49.181033',4,2,'35',0,1,NULL,0,NULL),(252,NULL,32.000000000000000,'2018-02-27 06:11:35.565354',1,2,'7',0,1,NULL,0,NULL),(253,NULL,22.000000000000000,'2018-02-27 06:11:59.533100',1,2,'0',0,1,NULL,0,NULL),(254,NULL,47.000000000000000,'2018-02-27 06:12:00.772179',6,2,'21',0,1,NULL,0,NULL),(255,NULL,32.000000000000000,'2018-02-27 06:13:23.945061',1,2,'34',0,1,NULL,0,NULL),(256,NULL,58.000000000000000,'2018-02-27 06:28:29.376612',6,2,'32',0,1,NULL,1,NULL),(257,NULL,57.000000000000000,'2018-02-27 06:49:32.620694',1,2,'20',0,1,NULL,0,NULL),(258,NULL,0.000000000000000,'2018-02-27 07:09:39.013448',NULL,2,'31',1,0,NULL,1,NULL),(259,NULL,22.000000000000000,'2018-02-27 07:57:49.748766',6,2,'38',0,1,NULL,0,NULL),(260,NULL,28.000000000000000,'2018-02-27 10:07:25.458577',1,2,'31',0,1,NULL,1,NULL),(261,NULL,52.000000000000000,'2018-02-27 11:00:38.432404',6,2,'0',0,1,NULL,0,NULL),(262,NULL,62.000000000000000,'2018-02-27 11:30:58.422856',1,2,'2',0,1,NULL,0,NULL),(263,NULL,62.000000000000000,'2018-02-27 11:31:00.261590',6,2,'14',0,1,NULL,0,NULL),(264,NULL,118.000000000000000,'2018-02-27 11:31:07.149909',7,2,'29',0,1,NULL,1,NULL),(265,NULL,88.000000000000000,'2018-02-27 11:50:58.658096',6,2,'7',0,1,NULL,1,NULL),(266,NULL,32.000000000000000,'2018-02-27 11:56:05.371179',6,2,'34',0,1,NULL,0,NULL),(267,NULL,32.000000000000000,'2018-02-28 01:07:07.943594',6,3,'0',0,1,NULL,0,NULL),(268,NULL,92.000000000000000,'2018-02-28 01:07:12.731031',6,3,'35',0,1,NULL,0,NULL),(269,NULL,47.000000000000000,'2018-02-28 01:07:14.292234',1,3,'7',0,1,NULL,0,NULL),(270,NULL,42.000000000000000,'2018-02-28 01:07:19.553536',1,3,'28',0,1,NULL,0,NULL),(271,NULL,47.000000000000000,'2018-02-28 01:07:23.150713',1,3,'34',0,1,NULL,0,NULL),(272,NULL,33.000000000000000,'2018-02-28 01:07:27.906536',7,3,'31',0,1,NULL,1,NULL),(273,NULL,43.000000000000000,'2018-02-28 01:07:28.987252',1,3,'32',0,1,NULL,1,NULL),(274,NULL,32.000000000000000,'2018-02-28 01:15:54.043777',1,3,'20',0,1,NULL,0,NULL),(275,NULL,42.000000000000000,'2018-02-28 01:16:20.973982',1,3,'14',0,1,NULL,0,NULL),(276,NULL,54.000000000000000,'2018-02-28 01:22:49.124985',1,3,'16',0,1,NULL,0,NULL),(277,NULL,68.000000000000000,'2018-02-28 01:22:57.493074',1,3,'15',0,1,NULL,1,NULL),(278,NULL,48.000000000000000,'2018-02-28 01:23:28.348093',1,3,'34',0,1,NULL,1,NULL),(279,NULL,22.000000000000000,'2018-02-28 01:56:32.627181',1,3,'21',0,1,NULL,0,NULL),(280,NULL,62.000000000000000,'2018-02-28 02:01:18.690092',1,3,'34',0,1,NULL,0,NULL),(281,NULL,77.000000000000000,'2018-02-28 02:22:39.601673',1,3,'28',0,1,NULL,0,NULL),(282,NULL,57.000000000000000,'2018-02-28 02:45:10.240608',6,3,'16',0,1,NULL,0,NULL),(283,NULL,0.000000000000000,'2018-02-28 03:48:41.159037',NULL,3,'9',1,0,NULL,0,NULL),(284,NULL,22.000000000000000,'2018-02-28 03:49:17.378338',6,3,'14',0,1,NULL,0,NULL),(285,NULL,22.000000000000000,'2018-02-28 03:49:20.066372',1,3,'20',0,1,NULL,0,NULL),(286,NULL,32.000000000000000,'2018-02-28 03:52:37.166737',1,3,'7',0,1,NULL,0,NULL),(287,NULL,138.000000000000000,'2018-02-28 04:18:08.519810',1,3,'18',0,1,NULL,1,NULL),(288,NULL,37.000000000000000,'2018-02-28 04:43:57.281909',1,3,'35',0,1,NULL,0,NULL),(289,NULL,28.000000000000000,'2018-02-28 04:45:43.044112',1,3,'31',0,1,NULL,1,NULL),(290,NULL,0.000000000000000,'2018-02-28 04:54:00.176599',NULL,3,'29',1,0,NULL,1,NULL),(291,NULL,0.000000000000000,'2018-02-28 04:58:36.006511',NULL,3,'21',1,0,NULL,0,NULL),(292,NULL,22.000000000000000,'2018-02-28 04:58:38.980336',6,3,'30',0,1,NULL,0,NULL),(293,NULL,67.000000000000000,'2018-02-28 04:58:41.116005',6,3,'28',0,1,NULL,0,NULL),(294,NULL,52.000000000000000,'2018-02-28 05:01:54.466056',1,3,'37',0,1,NULL,0,NULL),(295,NULL,28.000000000000000,'2018-02-28 05:02:15.194115',1,3,'28',0,1,NULL,1,NULL),(296,NULL,57.000000000000000,'2018-02-28 05:12:53.170934',1,3,'22',0,1,NULL,0,NULL),(297,NULL,22.000000000000000,'2018-02-28 05:33:22.808216',1,3,'0',0,1,NULL,0,NULL),(298,NULL,57.000000000000000,'2018-02-28 05:39:43.601284',1,3,'29',0,1,NULL,0,NULL),(299,NULL,18.000000000000000,'2018-02-28 05:47:13.112808',1,3,'32',0,1,NULL,1,NULL),(300,NULL,18.000000000000000,'2018-02-28 05:47:18.533865',1,3,'14',0,1,NULL,1,NULL),(301,NULL,18.000000000000000,'2018-02-28 05:47:20.791837',1,3,'34',0,1,NULL,1,NULL),(302,NULL,18.000000000000000,'2018-02-28 05:47:25.812167',1,3,'24',0,1,NULL,1,NULL),(303,NULL,28.000000000000000,'2018-02-28 05:51:13.066392',1,3,'15',0,1,NULL,1,NULL),(304,'王少剑',30.000000000000000,'2018-02-28 06:19:12.653767',2,3,'35',0,1,70,0,NULL),(305,'王少剑',65.000000000000000,'2018-02-28 06:19:14.490544',2,3,'16',0,1,70,0,NULL),(306,'陈健',60.000000000000000,'2018-02-28 06:27:52.048204',2,3,'59',0,1,3,0,NULL),(307,NULL,32.000000000000000,'2018-02-28 06:29:32.067152',1,3,'1',0,1,NULL,0,NULL),(308,NULL,32.000000000000000,'2018-02-28 06:29:34.621781',1,3,'31',0,1,NULL,0,NULL),(309,NULL,52.000000000000000,'2018-02-28 06:29:37.573863',1,3,'17',0,1,NULL,0,NULL),(310,NULL,57.000000000000000,'2018-02-28 06:42:16.128264',1,3,'24',0,1,NULL,0,NULL),(311,NULL,37.000000000000000,'2018-02-28 06:42:18.615971',1,3,'38',0,1,NULL,0,NULL),(312,NULL,22.000000000000000,'2018-02-28 06:48:22.963694',1,3,'2',0,1,NULL,0,NULL),(313,NULL,22.000000000000000,'2018-02-28 06:48:24.662363',1,3,'4',0,1,NULL,0,NULL),(314,NULL,22.000000000000000,'2018-02-28 06:48:26.910025',6,3,'10',0,1,NULL,0,NULL),(315,NULL,22.000000000000000,'2018-02-28 06:48:28.106593',6,3,'9',0,1,NULL,0,NULL),(316,NULL,43.000000000000000,'2018-02-28 07:09:28.029778',6,3,'8',0,1,NULL,1,NULL),(317,NULL,0.000000000000000,'2018-02-28 07:09:33.584443',NULL,3,'9',1,0,NULL,1,NULL),(318,NULL,67.000000000000000,'2018-02-28 07:09:44.043610',1,3,'18',0,1,NULL,0,NULL),(319,NULL,0.000000000000000,'2018-02-28 07:09:47.330316',NULL,3,'25',1,0,NULL,0,NULL),(320,NULL,0.000000000000000,'2018-02-28 07:46:47.736724',NULL,3,'20',1,0,NULL,1,NULL),(321,NULL,50.000000000000000,'2018-02-28 07:49:35.787024',1,3,'28',0,1,NULL,1,NULL),(322,NULL,22.000000000000000,'2018-02-28 08:10:24.600796',6,3,'30',0,1,NULL,0,NULL),(323,NULL,102.000000000000000,'2018-02-28 08:16:41.151740',6,3,'28',0,1,NULL,0,NULL),(324,NULL,82.000000000000000,'2018-02-28 08:27:02.241663',6,3,'21',0,1,NULL,0,NULL),(325,NULL,30.000000000000000,'2018-02-28 08:31:58.021701',1,3,'1',0,1,NULL,0,NULL),(326,NULL,83.000000000000000,'2018-02-28 08:45:29.990766',6,3,'31',0,1,NULL,1,NULL),(327,NULL,22.000000000000000,'2018-02-28 08:53:02.943891',1,3,'10',0,1,NULL,0,NULL),(328,NULL,22.000000000000000,'2018-02-28 08:54:25.684922',1,3,'37',0,1,NULL,0,NULL),(329,NULL,37.000000000000000,'2018-02-28 08:54:41.319926',1,3,'31',0,1,NULL,0,NULL),(330,NULL,0.000000000000000,'2018-02-28 09:08:11.166839',NULL,3,'22',1,0,NULL,1,NULL),(331,NULL,32.000000000000000,'2018-02-28 10:04:00.624063',1,3,'2',0,1,NULL,0,NULL),(332,NULL,18.000000000000000,'2018-02-28 10:14:12.456279',1,3,'18',0,1,NULL,1,NULL),(333,NULL,18.000000000000000,'2018-02-28 10:14:15.613551',1,3,'14',0,1,NULL,1,NULL),(334,NULL,23.000000000000000,'2018-02-28 10:14:17.621867',1,3,'4',0,1,NULL,1,NULL),(335,NULL,47.000000000000000,'2018-02-28 10:18:13.836158',6,3,'35',0,1,NULL,0,NULL),(336,NULL,52.000000000000000,'2018-02-28 10:47:58.183540',1,3,'21',0,1,NULL,0,NULL),(337,NULL,33.000000000000000,'2018-02-28 10:56:13.909423',6,3,'14',0,1,NULL,0,NULL),(338,NULL,68.000000000000000,'2018-02-28 10:59:20.794051',1,3,'14',0,1,NULL,1,NULL),(339,NULL,32.000000000000000,'2018-02-28 10:59:23.107704',1,3,'20',0,1,NULL,0,NULL),(340,NULL,102.000000000000000,'2018-02-28 11:04:16.251158',7,3,'7',0,1,NULL,0,NULL),(341,NULL,32.000000000000000,'2018-02-28 11:12:19.545299',1,3,'30',0,1,NULL,0,NULL),(342,NULL,32.000000000000000,'2018-02-28 11:12:23.955019',1,3,'37',0,1,NULL,0,NULL),(343,NULL,32.000000000000000,'2018-03-01 00:41:00.401945',6,2,'20',0,1,NULL,0,NULL),(344,'林广辉',22.000000000000000,'2018-03-01 01:05:49.108546',2,2,'34',0,1,72,0,NULL),(345,NULL,32.000000000000000,'2018-03-01 01:22:52.321868',1,2,'14',0,1,NULL,0,NULL),(346,NULL,52.000000000000000,'2018-03-01 01:36:58.896409',1,2,'0',0,1,NULL,0,NULL),(347,NULL,32.000000000000000,'2018-03-01 01:58:47.415558',1,2,'16',0,1,NULL,0,NULL),(348,NULL,32.000000000000000,'2018-03-01 01:58:48.055783',1,2,'17',0,1,NULL,0,NULL),(349,NULL,102.000000000000000,'2018-03-01 02:24:18.865758',1,2,'7',0,1,NULL,0,NULL),(350,NULL,32.000000000000000,'2018-03-01 02:24:21.489593',6,2,'28',0,1,NULL,0,NULL),(351,NULL,28.000000000000000,'2018-03-01 03:51:35.588545',7,2,'7',0,1,NULL,1,NULL),(352,NULL,28.000000000000000,'2018-03-01 03:51:36.156526',7,2,'8',0,1,NULL,1,NULL),(353,'李洪兵',1.000000000000000,'2018-03-01 03:59:38.439942',2,2,'59',0,1,27,0,NULL),(354,'李洪兵',1.000000000000000,'2018-03-01 04:00:53.757461',2,2,'59',0,1,27,0,NULL),(355,'李洪兵',1.000000000000000,'2018-03-01 04:02:00.687604',2,2,'59',0,1,27,0,NULL),(356,NULL,46.000000000000000,'2018-03-01 04:06:49.140856',1,2,'38',0,1,NULL,0,NULL),(357,NULL,22.000000000000000,'2018-03-01 04:43:51.724888',1,2,'7',0,1,NULL,0,NULL),(358,NULL,0.000000000000000,'2018-03-01 04:43:55.549788',NULL,2,'14',1,0,NULL,1,NULL),(359,NULL,0.000000000000000,'2018-03-01 04:43:55.996048',NULL,2,'15',1,0,NULL,1,NULL),(360,NULL,25.000000000000000,'2018-03-01 04:48:49.112376',1,2,'31',0,1,NULL,1,NULL),(361,NULL,52.000000000000000,'2018-03-01 05:03:03.480633',1,2,'34',0,1,NULL,0,NULL),(362,NULL,0.000000000000000,'2018-03-01 05:03:04.158434',NULL,2,'26',1,0,NULL,0,NULL),(363,NULL,52.000000000000000,'2018-03-01 05:03:07.321402',1,2,'35',0,1,NULL,0,NULL),(364,NULL,32.000000000000000,'2018-03-01 05:04:50.822520',1,2,'16',0,1,NULL,0,NULL),(365,NULL,28.000000000000000,'2018-03-01 05:06:38.660406',6,2,'16',0,1,NULL,1,NULL),(366,NULL,0.000000000000000,'2018-03-01 05:24:58.634389',NULL,2,'20',1,0,NULL,0,NULL),(367,NULL,42.000000000000000,'2018-03-01 05:25:00.455323',1,2,'28',0,1,NULL,0,NULL),(368,NULL,42.000000000000000,'2018-03-01 05:25:24.038489',1,2,'29',0,1,NULL,0,NULL),(369,NULL,32.000000000000000,'2018-03-01 05:29:03.349948',1,2,'14',0,1,NULL,0,NULL),(370,'刘丽',70.000000000000000,'2018-03-01 05:40:04.545816',2,2,'28',0,1,100,1,NULL),(371,NULL,62.000000000000000,'2018-03-01 05:40:09.157873',1,2,'21',0,1,NULL,0,NULL),(372,NULL,32.000000000000000,'2018-03-01 05:52:51.121513',1,2,'7',0,1,NULL,0,NULL),(373,NULL,22.000000000000000,'2018-03-01 06:00:02.505987',1,2,'9',0,1,NULL,0,NULL),(374,NULL,52.000000000000000,'2018-03-01 06:00:55.436831',1,2,'0',0,1,NULL,0,NULL),(375,'陈健',40.000000000000000,'2018-03-01 06:00:57.498251',2,2,'59',0,1,3,0,NULL),(376,NULL,28.000000000000000,'2018-03-01 06:07:52.392730',1,2,'24',0,1,NULL,1,NULL),(377,NULL,37.000000000000000,'2018-03-01 06:56:32.940335',6,2,'22',0,1,NULL,0,NULL),(378,NULL,28.000000000000000,'2018-03-01 06:56:36.146632',1,2,'32',0,1,NULL,1,NULL),(379,NULL,52.000000000000000,'2018-03-01 07:09:55.622059',1,2,'29',0,1,NULL,0,NULL),(380,NULL,82.000000000000000,'2018-03-01 07:09:57.916684',1,2,'49',0,1,NULL,0,NULL),(381,NULL,18.000000000000000,'2018-03-01 07:38:59.506475',1,2,'7',0,1,NULL,1,NULL),(382,NULL,18.000000000000000,'2018-03-01 07:41:21.918845',1,2,'5',0,1,NULL,1,NULL),(383,NULL,57.000000000000000,'2018-03-01 08:08:33.331502',1,2,'20',0,1,NULL,0,NULL),(384,NULL,10.000000000000000,'2018-03-01 08:11:43.994336',1,2,'14',0,1,NULL,1,NULL),(385,NULL,44.000000000000000,'2018-03-01 08:21:55.170006',1,2,'21',0,1,NULL,0,NULL),(386,NULL,0.000000000000000,'2018-03-01 08:22:17.268402',NULL,2,'28',1,0,NULL,0,NULL),(387,NULL,32.000000000000000,'2018-03-01 08:22:25.073556',6,2,'34',0,1,NULL,0,NULL),(388,NULL,28.000000000000000,'2018-03-01 08:23:26.015697',1,2,'32',0,1,NULL,1,NULL),(389,NULL,43.000000000000000,'2018-03-01 08:23:32.753787',6,2,'28',0,1,NULL,1,NULL),(390,'李凤',68.000000000000000,'2018-03-01 08:23:38.760082',2,2,'14',0,1,17,1,NULL),(391,NULL,48.000000000000000,'2018-03-01 08:23:52.116494',6,2,'24',0,1,NULL,1,NULL),(392,NULL,33.000000000000000,'2018-03-01 08:23:53.209346',1,2,'31',0,1,NULL,1,NULL),(393,NULL,32.000000000000000,'2018-03-01 09:16:09.633942',1,2,'35',0,1,NULL,0,NULL),(394,NULL,18.000000000000000,'2018-03-01 09:16:35.229987',6,2,'29',0,1,NULL,1,NULL),(395,NULL,18.000000000000000,'2018-03-01 09:16:38.062932',6,2,'34',0,1,NULL,1,NULL),(396,NULL,28.000000000000000,'2018-03-01 10:08:22.489701',6,2,'15',0,1,NULL,1,NULL),(397,NULL,32.000000000000000,'2018-03-01 10:20:58.392956',7,2,'29',0,1,NULL,0,NULL),(398,NULL,32.000000000000000,'2018-03-01 10:21:00.259503',7,2,'21',0,1,NULL,0,NULL),(399,NULL,32.000000000000000,'2018-03-01 10:21:05.797328',7,2,'0',0,1,NULL,0,NULL),(400,NULL,32.000000000000000,'2018-03-01 10:21:08.022839',7,2,'16',0,1,NULL,0,NULL),(401,NULL,102.000000000000000,'2018-03-01 10:21:13.692948',6,2,'2',0,1,NULL,0,NULL),(402,NULL,22.000000000000000,'2018-03-01 10:21:15.135364',7,2,'9',0,1,NULL,0,NULL),(403,NULL,22.000000000000000,'2018-03-01 10:21:15.652459',7,2,'10',0,1,NULL,0,NULL),(404,NULL,57.000000000000000,'2018-03-01 10:21:36.149951',6,2,'14',0,1,NULL,0,NULL),(405,NULL,77.000000000000000,'2018-03-01 10:21:38.017287',6,2,'20',0,1,NULL,0,NULL),(406,NULL,22.000000000000000,'2018-03-01 10:21:42.353208',1,2,'7',0,1,NULL,0,NULL),(407,NULL,46.000000000000000,'2018-03-01 10:42:10.358549',1,2,'8',0,1,NULL,1,NULL),(408,NULL,28.000000000000000,'2018-03-01 10:42:13.313582',1,2,'14',0,1,NULL,1,NULL),(409,NULL,28.000000000000000,'2018-03-01 10:42:14.160400',1,2,'18',0,1,NULL,1,NULL),(410,NULL,32.000000000000000,'2018-03-01 10:42:34.218410',1,2,'1',0,1,NULL,0,NULL),(411,NULL,42.000000000000000,'2018-03-01 10:42:36.883023',1,2,'28',0,1,NULL,0,NULL),(412,NULL,18.000000000000000,'2018-03-01 11:08:41.933805',7,2,'29',0,1,NULL,1,NULL),(413,NULL,18.000000000000000,'2018-03-01 11:08:53.290648',7,2,'31',0,1,NULL,1,NULL),(414,NULL,28.000000000000000,'2018-03-01 11:08:54.704763',7,2,'32',0,1,NULL,1,NULL),(415,NULL,28.000000000000000,'2018-03-01 11:26:10.644312',1,2,'16',0,1,NULL,1,NULL),(416,NULL,57.000000000000000,'2018-03-01 11:29:43.370152',6,2,'22',0,1,NULL,0,NULL),(417,NULL,82.000000000000000,'2018-03-01 11:29:48.681916',7,2,'35',0,1,NULL,0,NULL),(418,NULL,15.000000000000000,'2018-03-01 11:48:35.900831',1,2,'7',0,1,NULL,0,NULL),(419,NULL,32.000000000000000,'2018-03-01 11:48:37.870753',1,2,'34',0,1,NULL,0,NULL),(420,NULL,22.000000000000000,'2018-03-01 12:27:57.349599',1,2,'37',0,1,NULL,0,NULL),(421,NULL,93.000000000000000,'2018-03-01 12:58:57.143481',6,2,'7',0,1,NULL,1,NULL),(422,NULL,30.000000000000000,'2018-03-01 13:01:08.321889',6,2,'47',0,1,NULL,1,NULL),(423,'曾路茗',35.000000000000000,'2018-03-01 13:06:25.425097',2,2,'15',0,1,77,1,NULL),(424,'曾路茗',30.000000000000000,'2018-03-01 13:09:22.521755',2,2,'20',0,1,77,0,NULL),(425,NULL,32.000000000000000,'2018-03-02 00:05:04.249196',1,3,'7',0,1,NULL,0,NULL),(426,NULL,68.000000000000000,'2018-03-02 00:56:42.026535',6,3,'14',0,1,NULL,1,NULL),(427,NULL,42.000000000000000,'2018-03-02 00:56:45.002519',6,3,'20',0,1,NULL,0,NULL),(428,NULL,0.000000000000000,'2018-03-02 01:29:02.115977',NULL,3,'31',1,0,NULL,0,NULL),(429,NULL,68.000000000000000,'2018-03-02 01:40:17.767085',6,3,'31',0,1,NULL,1,NULL),(430,NULL,52.000000000000000,'2018-03-02 01:46:57.297484',6,3,'2',0,1,NULL,0,NULL),(431,NULL,47.000000000000000,'2018-03-02 01:46:59.286623',6,3,'14',0,1,NULL,0,NULL),(432,'林广辉',22.000000000000000,'2018-03-02 02:15:40.391966',2,3,'34',0,1,72,0,NULL),(433,'林广辉',47.000000000000000,'2018-03-02 02:15:43.338486',2,3,'7',0,1,72,0,NULL),(434,NULL,18.000000000000000,'2018-03-02 02:34:48.324696',1,3,'28',0,1,NULL,0,NULL),(435,NULL,32.000000000000000,'2018-03-02 02:34:52.080337',1,3,'29',0,1,NULL,0,NULL),(436,NULL,18.000000000000000,'2018-03-02 02:41:50.401048',1,3,'28',0,1,NULL,1,NULL),(437,NULL,108.000000000000000,'2018-03-02 02:47:38.685490',1,3,'31',0,1,NULL,1,NULL),(438,NULL,10.000000000000000,'2018-03-02 02:59:08.450503',1,3,'18',0,1,NULL,1,NULL),(439,NULL,63.000000000000000,'2018-03-02 02:59:12.989370',1,3,'32',0,1,NULL,1,NULL),(440,NULL,22.000000000000000,'2018-03-02 03:05:59.682227',1,3,'21',0,1,NULL,0,NULL),(441,NULL,22.000000000000000,'2018-03-02 03:46:51.914725',1,3,'0',0,1,NULL,0,NULL),(442,NULL,22.000000000000000,'2018-03-02 03:47:05.765245',1,3,'1',0,1,NULL,0,NULL),(443,NULL,18.000000000000000,'2018-03-02 03:51:49.394922',1,3,'0',0,1,NULL,1,NULL),(444,NULL,32.000000000000000,'2018-03-02 03:53:24.184572',1,3,'28',0,1,NULL,0,NULL),(445,NULL,33.000000000000000,'2018-03-02 04:23:51.049467',1,3,'28',0,1,NULL,1,NULL),(446,NULL,103.000000000000000,'2018-03-02 04:39:01.056634',7,3,'18',0,1,NULL,1,NULL),(447,NULL,0.000000000000000,'2018-03-02 04:45:27.666479',1,3,'34',0,1,NULL,0,NULL),(448,'陈健',32.000000000000000,'2018-03-02 04:49:59.503909',2,3,'20',0,1,3,0,NULL),(449,'陈健',22.000000000000000,'2018-03-02 04:50:02.287378',2,3,'35',0,1,3,0,NULL),(450,NULL,77.000000000000000,'2018-03-02 05:06:47.863831',6,3,'9',0,1,NULL,0,NULL),(451,NULL,22.000000000000000,'2018-03-02 05:46:07.727747',1,3,'0',0,1,NULL,0,NULL),(452,NULL,62.000000000000000,'2018-03-02 05:51:51.060136',6,3,'28',0,1,NULL,0,NULL),(453,NULL,22.000000000000000,'2018-03-02 05:51:52.086260',6,3,'29',0,1,NULL,0,NULL),(454,NULL,102.000000000000000,'2018-03-02 05:54:18.571721',6,3,'21',0,1,NULL,0,NULL),(455,NULL,0.000000000000000,'2018-03-02 06:00:32.474478',NULL,3,'15',1,0,NULL,1,NULL),(456,NULL,32.000000000000000,'2018-03-02 06:00:37.465775',6,3,'14',0,1,NULL,0,NULL),(457,NULL,22.000000000000000,'2018-03-02 06:01:09.043206',1,3,'22',0,1,NULL,0,NULL),(458,NULL,52.000000000000000,'2018-03-02 06:13:08.235288',1,3,'25',0,1,NULL,0,NULL),(459,NULL,57.000000000000000,'2018-03-02 06:20:47.946338',1,3,'16',0,1,NULL,0,NULL),(460,NULL,32.000000000000000,'2018-03-02 06:25:53.289196',1,3,'30',0,1,NULL,0,NULL),(461,NULL,32.000000000000000,'2018-03-02 06:25:55.006045',1,3,'7',0,1,NULL,0,NULL),(462,NULL,38.000000000000000,'2018-03-02 06:26:40.045159',1,3,'31',0,1,NULL,1,NULL),(463,NULL,43.000000000000000,'2018-03-02 07:01:12.969512',6,3,'24',0,1,NULL,1,NULL),(464,NULL,18.000000000000000,'2018-03-02 07:01:16.389161',6,3,'28',0,1,NULL,1,NULL),(465,NULL,52.000000000000000,'2018-03-02 07:10:52.184313',1,3,'1',0,1,NULL,0,NULL),(466,'王建平',10.000000000000000,'2018-03-02 07:11:25.842323',2,3,'7',0,1,82,1,NULL),(467,NULL,22.000000000000000,'2018-03-03 00:17:52.860907',1,2,'14',0,1,NULL,0,NULL),(468,NULL,68.000000000000000,'2018-03-03 00:17:56.510513',1,2,'7',0,1,NULL,1,NULL),(469,NULL,68.000000000000000,'2018-03-03 00:17:59.371548',1,2,'15',0,1,NULL,1,NULL),(470,'王晨',42.000000000000000,'2018-03-03 00:18:30.931200',2,2,'35',0,1,48,0,NULL),(471,NULL,52.000000000000000,'2018-03-03 00:30:17.479822',1,2,'21',0,1,NULL,0,NULL),(472,NULL,0.000000000000000,'2018-03-03 00:52:41.212333',1,2,'16',0,1,NULL,0,NULL),(473,NULL,42.000000000000000,'2018-03-03 00:52:42.622890',1,2,'20',0,1,NULL,0,NULL),(474,NULL,64.000000000000000,'2018-03-03 00:52:46.215787',1,2,'34',0,1,NULL,0,NULL),(475,NULL,0.000000000000000,'2018-03-03 00:52:51.842813',NULL,2,'0',1,0,NULL,0,NULL),(476,NULL,108.000000000000000,'2018-03-03 01:18:00.466218',1,2,'31',0,1,NULL,1,NULL),(477,NULL,32.000000000000000,'2018-03-03 01:19:27.915590',6,2,'7',0,1,NULL,0,NULL),(478,NULL,42.000000000000000,'2018-03-03 01:48:20.787449',1,2,'9',0,1,NULL,0,NULL),(479,NULL,22.000000000000000,'2018-03-03 01:48:21.719535',1,2,'28',0,1,NULL,0,NULL),(480,'林广辉',62.000000000000000,'2018-03-03 01:57:50.070673',2,2,'7',0,1,72,0,NULL),(481,NULL,32.000000000000000,'2018-03-03 01:59:38.402239',7,2,'1',0,1,NULL,0,NULL),(482,NULL,32.000000000000000,'2018-03-03 01:59:41.942546',6,2,'29',0,1,NULL,0,NULL),(483,NULL,22.000000000000000,'2018-03-03 01:59:42.787714',6,2,'22',0,1,NULL,0,NULL),(484,NULL,18.000000000000000,'2018-03-03 02:34:44.296204',6,2,'32',0,1,NULL,1,NULL),(485,NULL,43.000000000000000,'2018-03-03 02:34:48.679367',1,2,'18',0,1,NULL,1,NULL),(486,NULL,43.000000000000000,'2018-03-03 02:34:49.530282',1,2,'14',0,1,NULL,1,NULL),(487,NULL,43.000000000000000,'2018-03-03 02:35:11.404563',1,2,'24',0,1,NULL,1,NULL),(488,NULL,10.000000000000000,'2018-03-03 02:49:47.277515',1,2,'30',0,1,NULL,0,NULL),(489,NULL,83.000000000000000,'2018-03-03 03:14:42.801512',1,2,'7',0,1,NULL,1,NULL),(490,NULL,0.000000000000000,'2018-03-03 03:19:05.272207',NULL,2,'20',1,0,NULL,0,NULL),(491,NULL,22.000000000000000,'2018-03-03 03:19:47.320614',7,2,'21',0,1,NULL,0,NULL),(492,NULL,83.000000000000000,'2018-03-03 03:19:53.685807',6,2,'28',0,1,NULL,1,NULL),(493,NULL,37.000000000000000,'2018-03-03 03:30:43.430470',1,2,'20',0,1,NULL,0,NULL),(494,NULL,32.000000000000000,'2018-03-03 03:30:48.837176',1,2,'34',0,1,NULL,0,NULL),(495,NULL,28.000000000000000,'2018-03-03 03:37:28.906158',1,2,'0',0,1,NULL,1,NULL),(496,NULL,18.000000000000000,'2018-03-03 04:26:30.535835',6,2,'31',0,1,NULL,1,NULL),(497,NULL,22.000000000000000,'2018-03-03 04:26:34.999050',6,2,'7',0,1,NULL,0,NULL),(498,NULL,0.000000000000000,'2018-03-03 04:29:53.455768',NULL,2,'28',1,0,NULL,0,NULL),(499,NULL,0.000000000000000,'2018-03-03 04:30:18.768457',1,2,'0',0,1,NULL,0,NULL),(500,NULL,42.000000000000000,'2018-03-03 04:57:59.554266',1,2,'0',0,1,NULL,0,NULL),(501,NULL,37.000000000000000,'2018-03-03 04:58:00.201869',1,2,'1',0,1,NULL,0,NULL),(502,'王晨',28.000000000000000,'2018-03-03 05:09:11.892189',2,2,'18',0,1,48,1,NULL),(503,NULL,62.000000000000000,'2018-03-03 05:12:17.306583',6,2,'14',0,1,NULL,0,NULL),(504,NULL,47.000000000000000,'2018-03-03 05:23:23.663586',1,2,'7',0,1,NULL,0,NULL),(505,NULL,57.000000000000000,'2018-03-03 05:24:54.604952',1,2,'2',0,1,NULL,0,NULL),(506,NULL,22.000000000000000,'2018-03-03 05:33:33.100970',1,2,'20',0,1,NULL,0,NULL),(507,NULL,28.000000000000000,'2018-03-03 05:33:34.456107',1,2,'7',0,1,NULL,1,NULL),(508,NULL,38.000000000000000,'2018-03-03 05:37:50.746675',1,2,'4',0,1,NULL,1,NULL),(509,NULL,18.000000000000000,'2018-03-03 05:37:52.212937',1,2,'28',0,1,NULL,1,NULL),(510,NULL,32.000000000000000,'2018-03-03 05:37:59.812041',1,2,'4',0,1,NULL,0,NULL),(511,NULL,32.000000000000000,'2018-03-03 05:38:01.123724',1,2,'9',0,1,NULL,0,NULL),(512,NULL,32.000000000000000,'2018-03-03 05:42:13.814320',1,2,'22',0,1,NULL,0,NULL),(513,NULL,52.000000000000000,'2018-03-03 05:42:15.329061',1,2,'16',0,1,NULL,0,NULL),(514,NULL,92.000000000000000,'2018-03-03 05:54:24.935613',1,2,'34',0,1,NULL,0,NULL),(515,NULL,32.000000000000000,'2018-03-03 05:54:25.711253',1,2,'35',0,1,NULL,0,NULL),(516,NULL,47.000000000000000,'2018-03-03 06:08:55.952440',1,2,'59',0,1,NULL,0,NULL),(517,NULL,133.000000000000000,'2018-03-03 06:08:59.067371',1,2,'38',0,1,NULL,1,NULL),(518,NULL,32.000000000000000,'2018-03-03 06:28:17.781230',6,2,'21',0,1,NULL,0,NULL),(519,NULL,97.000000000000000,'2018-03-03 06:28:19.211362',6,2,'28',0,1,NULL,0,NULL),(520,NULL,48.000000000000000,'2018-03-03 06:34:29.199042',1,2,'14',0,1,NULL,1,NULL),(521,NULL,37.000000000000000,'2018-03-03 06:35:43.393928',6,2,'37',0,1,NULL,0,NULL),(522,NULL,42.000000000000000,'2018-03-03 07:07:07.061684',1,2,'29',0,1,NULL,0,NULL),(523,NULL,28.000000000000000,'2018-03-03 07:32:03.165184',1,2,'9',0,1,NULL,1,NULL),(524,'王欣恬',30.000000000000000,'2018-03-03 07:55:11.659693',2,2,'18',0,1,87,1,NULL),(525,'陈健',1.000000000000000,'2018-03-03 07:56:53.372846',2,2,'0',0,1,3,0,NULL),(526,NULL,47.000000000000000,'2018-03-03 08:03:03.503872',1,2,'7',0,1,NULL,0,NULL),(527,NULL,32.000000000000000,'2018-03-03 08:03:07.141387',7,2,'34',0,1,NULL,0,NULL),(528,NULL,47.000000000000000,'2018-03-03 08:20:23.534785',6,2,'0',0,1,NULL,0,NULL),(529,NULL,22.000000000000000,'2018-03-03 08:20:24.532193',6,2,'1',0,1,NULL,0,NULL),(530,NULL,18.000000000000000,'2018-03-03 08:22:02.457049',6,2,'31',0,1,NULL,1,NULL),(531,NULL,44.000000000000000,'2018-03-03 08:31:15.165883',1,2,'28',0,1,NULL,0,NULL),(532,NULL,22.000000000000000,'2018-03-03 09:12:18.549836',6,2,'35',0,1,NULL,0,NULL),(533,NULL,48.000000000000000,'2018-03-03 09:12:24.529217',6,2,'24',0,1,NULL,1,NULL),(534,NULL,48.000000000000000,'2018-03-03 09:47:31.759295',7,2,'18',0,1,NULL,1,NULL),(535,NULL,37.000000000000000,'2018-03-03 09:47:34.261101',7,2,'20',0,1,NULL,0,NULL),(536,NULL,22.000000000000000,'2018-03-03 09:53:51.169887',1,2,'28',0,1,NULL,0,NULL),(537,NULL,78.000000000000000,'2018-03-03 10:11:54.478605',1,2,'14',0,1,NULL,1,NULL),(538,NULL,68.000000000000000,'2018-03-03 10:11:56.575961',1,2,'7',0,1,NULL,1,NULL),(539,NULL,18.000000000000000,'2018-03-03 10:25:15.804914',6,2,'8',0,1,NULL,1,NULL),(540,NULL,18.000000000000000,'2018-03-03 10:25:19.949948',6,2,'31',0,1,NULL,1,NULL),(541,NULL,42.000000000000000,'2018-03-03 10:25:26.294953',6,2,'14',0,1,NULL,0,NULL),(542,NULL,42.000000000000000,'2018-03-03 11:03:47.759698',7,2,'38',0,1,NULL,0,NULL),(543,NULL,58.000000000000000,'2018-03-03 11:05:09.261329',7,2,'15',0,1,NULL,1,NULL),(544,NULL,18.000000000000000,'2018-03-03 11:05:12.547818',7,2,'24',0,1,NULL,1,NULL),(545,NULL,32.000000000000000,'2018-03-03 11:36:09.997256',6,2,'9',0,1,NULL,0,NULL),(546,NULL,32.000000000000000,'2018-03-03 11:36:11.079397',6,2,'16',0,1,NULL,0,NULL),(547,NULL,32.000000000000000,'2018-03-03 11:36:16.011851',6,2,'7',0,1,NULL,0,NULL),(548,NULL,28.000000000000000,'2018-03-03 11:36:32.268275',1,2,'28',0,1,NULL,1,NULL),(549,NULL,62.000000000000000,'2018-03-03 11:42:06.407952',6,2,'35',0,1,NULL,0,NULL),(550,NULL,18.000000000000000,'2018-03-03 12:13:49.221474',6,2,'14',0,1,NULL,1,NULL),(551,NULL,18.000000000000000,'2018-03-03 12:13:50.654692',6,2,'7',0,1,NULL,1,NULL),(552,NULL,52.000000000000000,'2018-03-03 12:24:48.835268',1,2,'0',0,1,NULL,0,NULL),(553,NULL,73.000000000000000,'2018-03-04 00:17:26.187209',1,2,'8',0,1,NULL,1,NULL),(554,NULL,22.000000000000000,'2018-03-04 00:17:28.592617',1,2,'20',0,1,NULL,0,NULL),(555,NULL,32.000000000000000,'2018-03-04 00:17:29.043825',1,2,'21',0,1,NULL,0,NULL),(556,NULL,22.000000000000000,'2018-03-04 00:38:56.869547',1,2,'2',0,1,NULL,0,NULL),(557,NULL,62.000000000000000,'2018-03-04 00:39:00.680211',1,2,'49',0,1,NULL,0,NULL),(558,NULL,32.000000000000000,'2018-03-04 01:06:24.830224',1,2,'57',0,1,NULL,0,NULL),(559,NULL,22.000000000000000,'2018-03-04 01:22:48.310894',6,2,'14',0,1,NULL,0,NULL),(560,NULL,22.000000000000000,'2018-03-04 01:33:43.539760',6,2,'34',0,1,NULL,0,NULL),(561,NULL,57.000000000000000,'2018-03-04 01:37:06.702192',6,2,'35',0,1,NULL,0,NULL),(562,'李广盛',43.000000000000000,'2018-03-04 01:43:36.512139',2,2,'38',0,1,76,1,NULL),(563,NULL,22.000000000000000,'2018-03-04 01:48:00.135546',6,2,'7',0,1,NULL,0,NULL),(564,NULL,22.000000000000000,'2018-03-04 01:54:38.489706',6,2,'0',0,1,NULL,0,NULL),(565,NULL,18.000000000000000,'2018-03-04 02:33:45.023451',6,2,'32',0,1,NULL,1,NULL),(566,NULL,28.000000000000000,'2018-03-04 02:33:45.571043',6,2,'19',0,1,NULL,1,NULL),(567,NULL,25.000000000000000,'2018-03-04 02:34:06.977675',1,2,'31',0,1,NULL,1,NULL),(568,NULL,111.000000000000000,'2018-03-04 02:36:01.997064',6,2,'18',0,1,NULL,1,NULL),(569,NULL,77.000000000000000,'2018-03-04 02:39:36.237321',1,2,'9',0,1,NULL,0,NULL),(570,NULL,22.000000000000000,'2018-03-04 02:43:11.326815',1,2,'31',0,1,NULL,0,NULL),(571,NULL,22.000000000000000,'2018-03-04 02:43:13.301842',1,2,'24',0,1,NULL,0,NULL),(572,NULL,92.000000000000000,'2018-03-04 02:58:25.333457',1,2,'22',0,1,NULL,0,NULL),(573,NULL,42.000000000000000,'2018-03-04 03:11:22.281138',7,2,'28',0,1,NULL,0,NULL),(574,NULL,38.000000000000000,'2018-03-04 03:11:26.291837',6,2,'14',0,1,NULL,1,NULL),(575,NULL,37.000000000000000,'2018-03-04 03:19:16.390011',1,2,'35',0,1,NULL,0,NULL),(576,'林广辉',37.000000000000000,'2018-03-04 03:31:48.999820',2,2,'1',0,1,72,0,NULL),(577,'林广辉',22.000000000000000,'2018-03-04 03:31:49.722184',2,2,'2',0,1,72,0,NULL),(578,'林广辉',22.000000000000000,'2018-03-04 03:31:50.905138',2,2,'20',0,1,72,0,NULL),(579,NULL,92.000000000000000,'2018-03-04 03:44:01.368501',1,2,'29',0,1,NULL,0,NULL),(580,'于兆平',43.000000000000000,'2018-03-04 03:50:44.348818',2,2,'7',0,1,75,1,NULL),(581,NULL,38.000000000000000,'2018-03-04 03:50:46.381635',6,2,'15',0,1,NULL,1,NULL),(582,NULL,18.000000000000000,'2018-03-04 03:50:51.109040',1,2,'32',0,1,NULL,1,NULL),(583,NULL,27.000000000000000,'2018-03-04 03:50:55.821982',6,2,'21',0,1,NULL,0,NULL),(584,NULL,72.000000000000000,'2018-03-04 03:50:57.951312',1,2,'16',0,1,NULL,0,NULL),(585,'于兆平',32.000000000000000,'2018-03-04 03:51:02.112123',2,2,'4',0,1,75,0,NULL),(586,NULL,152.000000000000000,'2018-03-04 04:21:20.278430',1,2,'21',0,1,NULL,0,NULL),(587,'陈健',60.000000000000000,'2018-03-04 05:02:57.780854',2,2,'59',0,1,3,0,NULL),(588,NULL,22.000000000000000,'2018-03-04 05:12:03.710309',1,2,'10',0,1,NULL,0,NULL),(589,NULL,32.000000000000000,'2018-03-04 05:12:05.905620',1,2,'20',0,1,NULL,0,NULL),(590,NULL,22.000000000000000,'2018-03-04 05:12:07.332813',1,2,'1',0,1,NULL,0,NULL),(591,NULL,22.000000000000000,'2018-03-04 05:12:51.606805',1,2,'2',0,1,NULL,0,NULL),(592,NULL,28.000000000000000,'2018-03-04 05:26:18.164544',1,2,'18',0,1,NULL,1,NULL),(593,NULL,32.000000000000000,'2018-03-04 05:31:22.434043',6,2,'28',0,1,NULL,0,NULL),(594,NULL,42.000000000000000,'2018-03-04 05:33:58.223480',1,2,'17',0,1,NULL,0,NULL),(595,NULL,32.000000000000000,'2018-03-04 05:39:45.415629',1,2,'9',0,1,NULL,0,NULL),(596,NULL,52.000000000000000,'2018-03-04 05:39:47.368238',1,2,'31',0,1,NULL,0,NULL),(597,NULL,43.000000000000000,'2018-03-04 05:41:08.284946',7,2,'7',0,1,NULL,1,NULL),(598,NULL,32.000000000000000,'2018-03-04 05:41:12.728010',7,2,'25',0,1,NULL,0,NULL),(599,NULL,62.000000000000000,'2018-03-04 05:58:44.731504',1,2,'22',0,1,NULL,0,NULL),(600,NULL,37.000000000000000,'2018-03-04 06:12:14.420738',1,2,'37',0,1,NULL,0,NULL),(601,NULL,18.000000000000000,'2018-03-04 06:18:08.097904',1,2,'31',0,1,NULL,1,NULL),(602,NULL,43.000000000000000,'2018-03-04 06:18:08.639280',1,2,'20',0,1,NULL,1,NULL),(603,NULL,22.000000000000000,'2018-03-04 06:24:20.489137',1,2,'38',0,1,NULL,0,NULL),(604,NULL,18.000000000000000,'2018-03-04 06:45:19.443894',1,2,'4',0,1,NULL,1,NULL),(605,NULL,18.000000000000000,'2018-03-04 06:45:20.683817',1,2,'8',0,1,NULL,1,NULL),(606,NULL,18.000000000000000,'2018-03-04 06:45:21.276081',1,2,'9',0,1,NULL,1,NULL),(607,NULL,68.000000000000000,'2018-03-04 06:47:47.361324',6,2,'14',0,1,NULL,1,NULL),(608,NULL,122.000000000000000,'2018-03-04 06:47:48.990666',6,2,'29',0,1,NULL,0,NULL),(609,NULL,18.000000000000000,'2018-03-04 07:07:02.985321',1,2,'15',0,1,NULL,1,NULL),(610,NULL,37.000000000000000,'2018-03-04 07:07:35.958907',1,2,'21',0,1,NULL,0,NULL),(611,NULL,32.000000000000000,'2018-03-04 07:08:23.662273',1,2,'1',0,1,NULL,0,NULL),(612,NULL,68.000000000000000,'2018-03-04 07:15:07.705823',6,2,'28',0,1,NULL,1,NULL),(613,NULL,68.000000000000000,'2018-03-04 07:15:09.378753',6,2,'24',0,1,NULL,1,NULL),(614,NULL,32.000000000000000,'2018-03-04 08:33:18.326131',1,2,'37',0,1,NULL,0,NULL),(615,NULL,32.000000000000000,'2018-03-04 08:43:18.346763',1,2,'30',0,1,NULL,0,NULL),(616,NULL,47.000000000000000,'2018-03-04 08:49:01.791394',1,2,'28',0,1,NULL,0,NULL),(617,NULL,47.000000000000000,'2018-03-04 08:49:03.063913',1,2,'25',0,1,NULL,0,NULL),(618,NULL,18.000000000000000,'2018-03-04 08:59:34.725085',1,2,'15',0,1,NULL,1,NULL),(619,NULL,22.000000000000000,'2018-03-04 09:17:57.021093',1,2,'31',0,1,NULL,0,NULL),(620,NULL,22.000000000000000,'2018-03-04 09:45:56.634103',6,2,'2',0,1,NULL,0,NULL),(621,NULL,52.000000000000000,'2018-03-04 09:57:02.082922',6,2,'21',0,1,NULL,0,NULL),(622,NULL,37.000000000000000,'2018-03-04 09:57:05.805479',6,2,'28',0,1,NULL,0,NULL),(623,NULL,32.000000000000000,'2018-03-04 10:09:48.828455',6,2,'34',0,1,NULL,0,NULL),(624,NULL,57.000000000000000,'2018-03-04 10:28:16.499891',1,2,'0',0,1,NULL,0,NULL),(625,NULL,72.000000000000000,'2018-03-04 10:28:17.660761',1,2,'7',0,1,NULL,0,NULL),(626,NULL,57.000000000000000,'2018-03-04 10:28:28.037786',1,2,'1',0,1,NULL,0,NULL),(627,NULL,43.000000000000000,'2018-03-04 10:29:04.133248',6,2,'7',0,1,NULL,1,NULL),(628,NULL,18.000000000000000,'2018-03-04 10:53:12.251866',1,2,'31',0,1,NULL,1,NULL),(629,NULL,28.000000000000000,'2018-03-04 10:53:12.788669',1,2,'26',0,1,NULL,1,NULL),(630,NULL,47.000000000000000,'2018-03-04 10:54:47.410241',6,2,'9',0,1,NULL,0,NULL),(631,NULL,47.000000000000000,'2018-03-04 10:54:50.773904',6,2,'14',0,1,NULL,0,NULL),(632,NULL,62.000000000000000,'2018-03-04 12:33:42.017324',6,2,'20',0,1,NULL,0,NULL),(633,NULL,0.000000000000000,'2018-03-05 00:04:46.421943',NULL,2,'4',1,0,NULL,0,NULL),(634,'张立成',32.000000000000000,'2018-03-05 00:05:28.568622',2,2,'34',0,1,97,0,NULL),(635,NULL,22.000000000000000,'2018-03-05 00:46:04.395785',1,2,'22',0,1,NULL,0,NULL),(636,NULL,39.000000000000000,'2018-03-05 00:57:59.106927',6,2,'31',0,1,NULL,1,NULL),(637,NULL,37.000000000000000,'2018-03-05 01:42:56.094572',6,2,'20',0,1,NULL,0,NULL),(638,'林广辉',62.000000000000000,'2018-03-05 01:57:51.875920',2,2,'14',0,1,72,0,NULL),(639,NULL,37.000000000000000,'2018-03-05 02:18:11.989368',1,2,'28',0,1,NULL,0,NULL),(640,NULL,67.000000000000000,'2018-03-05 02:18:25.056001',1,2,'7',0,1,NULL,0,NULL),(641,NULL,43.000000000000000,'2018-03-05 03:41:59.558521',1,2,'15',0,1,NULL,1,NULL),(642,NULL,57.000000000000000,'2018-03-05 03:53:06.353414',1,2,'0',0,1,NULL,0,NULL),(643,NULL,22.000000000000000,'2018-03-05 03:53:08.085552',1,2,'20',0,1,NULL,0,NULL),(644,NULL,107.000000000000000,'2018-03-05 04:16:46.562228',1,2,'28',0,1,NULL,0,NULL),(645,NULL,42.000000000000000,'2018-03-05 04:39:41.331262',1,2,'14',0,1,NULL,0,NULL),(646,NULL,37.000000000000000,'2018-03-05 04:39:43.170975',1,2,'16',0,1,NULL,0,NULL),(647,NULL,22.000000000000000,'2018-03-05 04:44:30.951907',1,2,'57',0,1,NULL,0,NULL),(648,NULL,49.000000000000000,'2018-03-05 05:12:41.533939',6,2,'7',0,1,NULL,0,NULL),(649,NULL,22.000000000000000,'2018-03-05 05:40:55.782233',1,2,'34',0,1,NULL,0,NULL),(650,NULL,42.000000000000000,'2018-03-05 05:42:00.467847',1,2,'21',0,1,NULL,0,NULL),(651,NULL,32.000000000000000,'2018-03-05 06:06:22.252252',1,2,'35',0,1,NULL,0,NULL),(652,NULL,32.000000000000000,'2018-03-05 06:14:26.983515',1,2,'0',0,1,NULL,0,NULL),(653,NULL,37.000000000000000,'2018-03-05 06:16:20.531181',1,2,'20',0,1,NULL,0,NULL),(654,NULL,57.000000000000000,'2018-03-05 06:16:25.636917',1,2,'34',0,1,NULL,0,NULL),(655,'周明华',18.000000000000000,'2018-03-05 06:20:57.734254',2,2,'7',0,1,99,1,NULL),(656,NULL,52.000000000000000,'2018-03-05 06:23:04.589032',6,2,'22',0,1,NULL,0,NULL),(657,NULL,32.000000000000000,'2018-03-05 06:38:19.930073',1,2,'29',0,1,NULL,0,NULL),(658,'陈健',60.000000000000000,'2018-03-05 07:00:40.500573',2,2,'59',0,1,3,0,NULL),(659,'魏东贺',42.000000000000000,'2018-03-05 07:16:28.706801',2,2,'35',0,1,59,0,NULL),(660,NULL,37.000000000000000,'2018-03-05 07:18:19.231415',1,2,'16',0,1,NULL,0,NULL),(661,'魏东贺',52.000000000000000,'2018-03-05 07:19:28.546600',2,2,'22',0,1,59,0,NULL),(662,NULL,87.000000000000000,'2018-03-05 07:27:01.121611',1,2,'37',0,1,NULL,0,NULL),(663,NULL,18.000000000000000,'2018-03-05 07:29:21.834597',1,2,'38',0,1,NULL,1,NULL),(664,NULL,92.000000000000000,'2018-03-05 07:47:12.462379',1,2,'30',0,1,NULL,0,NULL),(665,NULL,32.000000000000000,'2018-03-05 07:50:56.234874',1,2,'14',0,1,NULL,0,NULL),(666,'魏东贺',22.000000000000000,'2018-03-05 07:52:30.482100',2,2,'9',0,1,59,0,NULL),(667,'魏东贺',77.000000000000000,'2018-03-05 07:52:30.979186',2,2,'10',0,1,59,0,NULL),(668,NULL,37.000000000000000,'2018-03-05 09:26:50.065940',7,2,'14',0,1,NULL,0,NULL),(669,NULL,28.000000000000000,'2018-03-05 09:29:39.035070',1,2,'14',0,1,NULL,1,NULL),(670,NULL,47.000000000000000,'2018-03-05 09:59:09.272434',1,2,'20',0,1,NULL,0,NULL),(671,NULL,88.000000000000000,'2018-03-05 10:00:22.589373',1,2,'18',0,1,NULL,1,NULL),(672,'赵学军',1.000000000000000,'2018-03-05 10:00:41.861938',2,2,'76',0,1,41,0,NULL),(673,NULL,68.000000000000000,'2018-03-05 10:48:57.755908',6,2,'7',0,1,NULL,1,NULL),(674,NULL,32.000000000000000,'2018-03-05 10:57:40.552756',1,2,'21',0,1,NULL,0,NULL),(675,NULL,22.000000000000000,'2018-03-05 11:01:09.915245',1,2,'34',0,1,NULL,0,NULL),(676,NULL,22.000000000000000,'2018-03-05 11:01:11.481656',1,2,'28',0,1,NULL,0,NULL),(677,NULL,18.000000000000000,'2018-03-05 11:22:35.456624',1,2,'15',0,1,NULL,1,NULL),(678,NULL,42.000000000000000,'2018-03-05 11:22:38.425601',1,2,'14',0,1,NULL,0,NULL),(679,NULL,18.000000000000000,'2018-03-05 11:27:41.925002',1,2,'28',0,1,NULL,1,NULL),(680,NULL,22.000000000000000,'2018-03-05 11:45:01.773648',6,2,'0',0,1,NULL,0,NULL),(681,'冯悦',65.000000000000000,'2018-03-05 11:55:13.959799',2,2,'38',0,1,4,1,NULL),(682,NULL,32.000000000000000,'2018-03-05 11:59:51.420084',1,2,'35',0,1,NULL,0,NULL),(683,NULL,32.000000000000000,'2018-03-05 12:19:09.434626',6,2,'20',0,1,NULL,0,NULL),(684,NULL,32.000000000000000,'2018-03-05 12:32:24.447086',6,2,'28',0,1,NULL,0,NULL),(685,NULL,32.000000000000000,'2018-03-05 12:33:04.551348',6,2,'34',0,1,NULL,0,NULL),(686,NULL,0.000000000000000,'2018-03-05 12:37:45.281832',NULL,2,'12',1,0,NULL,0,NULL),(687,NULL,28.000000000000000,'2018-03-05 12:42:47.540178',7,2,'31',0,1,NULL,1,NULL),(688,NULL,40.000000000000000,'2018-03-06 00:12:05.240952',1,2,'20',0,1,NULL,0,'2018-03-06 01:14:04.303677'),(689,NULL,22.000000000000000,'2018-03-06 00:15:11.702787',1,2,'28',0,1,NULL,0,'2018-03-06 01:19:46.774214'),(690,NULL,22.000000000000000,'2018-03-06 00:36:46.369573',1,2,'21',0,1,NULL,0,'2018-03-06 01:07:44.732913'),(691,NULL,18.000000000000000,'2018-03-06 01:04:27.099867',1,2,'28',0,1,NULL,1,'2018-03-06 01:48:01.228428'),(692,NULL,18.000000000000000,'2018-03-06 01:04:29.190904',1,2,'31',0,1,NULL,1,'2018-03-06 01:48:06.127198'),(693,NULL,18.000000000000000,'2018-03-06 01:35:07.323998',1,2,'32',0,1,NULL,1,'2018-03-06 02:25:19.709822'),(694,NULL,22.000000000000000,'2018-03-06 01:39:39.259148',1,2,'14',0,1,NULL,0,'2018-03-06 03:42:20.773284'),(695,NULL,28.000000000000000,'2018-03-06 02:21:26.368656',1,2,'31',0,1,NULL,1,'2018-03-06 03:28:49.964418'),(696,'林广辉',62.000000000000000,'2018-03-06 02:58:42.063061',2,2,'20',0,1,72,0,'2018-03-06 05:36:38.814969'),(697,'王升显',20.000000000000000,'2018-03-06 03:18:40.840554',2,2,'75',0,1,1,0,'2018-03-06 05:40:28.373972'),(698,NULL,58.000000000000000,'2018-03-06 03:22:44.489385',6,2,'32',0,1,NULL,1,'2018-03-06 04:41:06.077164'),(699,NULL,28.000000000000000,'2018-03-06 03:39:02.397925',1,2,'31',0,1,NULL,1,'2018-03-06 04:58:05.173920'),(700,NULL,53.000000000000000,'2018-03-06 03:49:51.935222',1,2,'28',0,1,NULL,1,'2018-03-06 07:38:42.307893'),(701,NULL,0.000000000000000,'2018-03-06 05:09:16.054803',1,2,'34',0,1,NULL,0,'2018-03-06 08:50:45.800283'),(702,'陈健',20.000000000000000,'2018-03-06 05:11:22.670023',2,2,'76',0,1,3,0,'2018-03-06 05:41:16.891559'),(703,NULL,22.000000000000000,'2018-03-06 05:17:12.474463',6,2,'35',0,1,NULL,0,'2018-03-06 09:10:33.786339'),(704,NULL,10.000000000000000,'2018-03-06 05:17:15.663351',1,2,'0',0,1,NULL,0,'2018-03-06 07:10:21.888677'),(705,NULL,32.000000000000000,'2018-03-06 05:18:07.439366',1,2,'29',0,1,NULL,0,'2018-03-06 08:09:50.898709'),(706,NULL,47.000000000000000,'2018-03-06 05:39:24.017807',1,2,'20',0,1,NULL,0,'2018-03-06 09:11:12.048766'),(707,NULL,52.000000000000000,'2018-03-06 05:39:26.136079',1,2,'28',0,1,NULL,0,'2018-03-06 09:09:46.499558'),(708,NULL,67.000000000000000,'2018-03-06 06:00:13.237130',1,2,'24',0,1,NULL,0,'2018-03-06 08:34:41.917694'),(709,NULL,32.000000000000000,'2018-03-06 06:04:12.610519',1,2,'14',0,1,NULL,0,'2018-03-06 09:09:38.953648'),(710,NULL,68.000000000000000,'2018-03-06 06:09:01.736215',7,2,'7',0,1,NULL,1,'2018-03-06 07:47:07.367742'),(711,NULL,18.000000000000000,'2018-03-06 06:10:11.580132',7,2,'18',0,1,NULL,1,'2018-03-06 06:40:55.174584'),(712,NULL,128.000000000000000,'2018-03-06 06:51:51.762148',6,2,'29',0,1,NULL,1,'2018-03-06 09:21:44.210636'),(713,NULL,102.000000000000000,'2018-03-06 06:53:58.295042',1,2,'7',0,1,NULL,0,'2018-03-06 11:35:26.178826'),(714,NULL,36.000000000000000,'2018-03-06 07:13:51.963810',7,2,'32',0,1,NULL,1,'2018-03-06 08:53:07.670005'),(715,NULL,58.000000000000000,'2018-03-06 07:15:08.907494',6,2,'18',0,1,NULL,1,'2018-03-06 08:39:39.617809'),(716,NULL,37.000000000000000,'2018-03-06 07:17:56.726789',6,2,'0',0,1,NULL,0,'2018-03-06 09:24:39.153763'),(717,NULL,37.000000000000000,'2018-03-06 07:17:57.744595',6,2,'16',0,1,NULL,0,'2018-03-06 09:24:28.483823'),(718,NULL,42.000000000000000,'2018-03-06 07:28:10.274373',1,2,'2',0,1,NULL,0,'2018-03-06 10:20:49.824134'),(719,'李广盛',28.000000000000000,'2018-03-06 08:40:14.054657',2,2,'31',0,1,76,1,'2018-03-06 09:52:06.162632'),(720,NULL,42.000000000000000,'2018-03-06 09:11:14.444378',1,2,'20',0,1,NULL,0,'2018-03-06 09:48:43.198256'),(721,'钟庆峰',52.000000000000000,'2018-03-06 09:12:28.171584',2,2,'25',0,1,79,0,'2018-03-06 10:06:39.292035'),(722,NULL,43.000000000000000,'2018-03-06 09:13:49.869528',6,2,'14',0,1,NULL,1,'2018-03-06 10:30:40.878477'),(723,NULL,53.000000000000000,'2018-03-06 09:13:51.670180',6,2,'18',0,1,NULL,1,'2018-03-06 10:30:34.961766'),(724,NULL,88.000000000000000,'2018-03-06 10:06:11.179835',1,2,'7',0,1,NULL,1,'2018-03-06 11:46:39.102131'),(725,NULL,83.000000000000000,'2018-03-06 10:28:58.906558',1,2,'15',0,1,NULL,1,'2018-03-06 11:56:31.672651'),(726,NULL,37.000000000000000,'2018-03-06 11:12:12.498439',1,2,'2',0,1,NULL,0,'2018-03-06 12:21:33.537554'),(727,NULL,43.000000000000000,'2018-03-06 11:35:32.029253',6,2,'8',0,1,NULL,1,'2018-03-06 12:32:48.066101'),(728,NULL,43.000000000000000,'2018-03-06 11:35:32.674563',6,2,'9',0,1,NULL,1,'2018-03-06 12:32:59.238160'),(729,NULL,42.000000000000000,'2018-03-06 11:35:50.378767',1,2,'14',0,1,NULL,0,'2018-03-06 13:04:26.922544'),(730,NULL,82.000000000000000,'2018-03-06 11:53:48.209139',6,2,'20',0,1,NULL,0,'2018-03-06 12:22:29.849673'),(731,NULL,52.000000000000000,'2018-03-06 12:16:04.582620',1,2,'21',0,1,NULL,0,'2018-03-06 13:11:01.359688'),(732,NULL,52.000000000000000,'2018-03-06 12:16:05.972263',1,2,'34',0,1,NULL,0,'2018-03-06 13:10:47.645515'),(733,NULL,0.000000000000000,'2018-03-06 12:32:49.649840',NULL,2,'8',1,0,NULL,1,NULL),(734,NULL,32.000000000000000,'2018-03-07 00:07:59.955330',1,2,'20',0,1,NULL,0,'2018-03-07 02:36:12.956450'),(735,NULL,32.000000000000000,'2018-03-07 00:08:03.777945',1,2,'29',0,1,NULL,0,'2018-03-07 02:36:25.384775'),(736,NULL,32.000000000000000,'2018-03-07 00:08:04.723871',1,2,'34',0,1,NULL,0,'2018-03-07 02:36:18.873195'),(737,NULL,67.000000000000000,'2018-03-07 00:36:22.411403',6,2,'9',0,1,NULL,0,'2018-03-07 01:59:18.142215'),(738,NULL,52.000000000000000,'2018-03-07 01:27:43.452018',1,2,'35',0,1,NULL,0,'2018-03-07 03:51:03.277674'),(739,NULL,72.000000000000000,'2018-03-07 01:31:56.222220',1,2,'14',0,1,NULL,0,'2018-03-07 03:38:01.535575'),(740,NULL,37.000000000000000,'2018-03-07 01:53:16.112360',1,2,'7',0,1,NULL,0,'2018-03-07 08:17:07.828487'),(741,NULL,37.000000000000000,'2018-03-07 01:59:37.191758',1,2,'0',0,1,NULL,0,'2018-03-07 02:51:19.504545'),(742,NULL,28.000000000000000,'2018-03-07 01:59:39.398025',6,2,'14',0,1,NULL,1,'2018-03-07 02:55:07.911827'),(743,NULL,33.000000000000000,'2018-03-07 01:59:41.472359',6,2,'15',0,1,NULL,1,'2018-03-07 02:55:13.200158'),(744,'李传刚',32.000000000000000,'2018-03-07 03:38:04.133459',2,2,'14',0,1,104,0,'2018-03-07 06:50:50.757344'),(745,'李传刚',22.000000000000000,'2018-03-07 03:38:06.237347',2,2,'20',0,1,104,0,'2018-03-07 06:51:40.370244'),(746,NULL,83.000000000000000,'2018-03-07 03:44:05.057737',7,2,'18',0,1,NULL,1,'2018-03-07 05:24:40.861037'),(747,NULL,123.000000000000000,'2018-03-07 04:15:54.130920',1,2,'14',0,1,NULL,1,'2018-03-07 09:23:19.756057'),(748,NULL,28.000000000000000,'2018-03-07 04:25:36.211320',1,2,'4',0,1,NULL,1,'2018-03-07 06:47:16.263552'),(749,NULL,28.000000000000000,'2018-03-07 04:25:37.291343',1,2,'9',0,1,NULL,1,'2018-03-07 06:47:21.340318'),(750,NULL,28.000000000000000,'2018-03-07 04:45:56.075310',7,2,'15',0,1,NULL,1,'2018-03-07 06:12:47.460596'),(751,'陈岩',52.000000000000000,'2018-03-07 04:48:08.852170',2,2,'34',0,1,64,0,'2018-03-07 07:39:29.640516'),(752,NULL,28.000000000000000,'2018-03-07 04:49:41.672633',1,2,'28',0,1,NULL,1,'2018-03-07 07:08:49.072967'),(753,NULL,32.000000000000000,'2018-03-07 05:22:29.212541',1,2,'29',0,1,NULL,0,'2018-03-07 08:38:00.413685'),(754,'林广辉',62.000000000000000,'2018-03-07 05:42:07.011063',2,2,'22',0,1,72,0,'2018-03-07 09:27:17.812308'),(755,NULL,22.000000000000000,'2018-03-07 05:53:53.484068',1,2,'0',0,1,NULL,0,'2018-03-07 09:07:09.086627'),(756,NULL,52.000000000000000,'2018-03-07 05:55:31.802405',6,2,'17',0,1,NULL,0,'2018-03-07 07:41:16.774863'),(757,NULL,37.000000000000000,'2018-03-07 05:57:27.078394',1,2,'35',0,1,NULL,0,'2018-03-07 09:40:30.527178'),(758,NULL,78.000000000000000,'2018-03-07 06:01:17.093198',1,2,'38',0,1,NULL,1,'2018-03-07 08:34:15.728863'),(759,NULL,77.000000000000000,'2018-03-07 06:03:15.098875',1,2,'28',0,1,NULL,0,'2018-03-07 08:39:19.840874'),(760,NULL,50.000000000000000,'2018-03-07 06:15:03.072770',7,2,'50',0,1,NULL,1,'2018-03-07 06:55:19.100715'),(761,'于晓丽',50.000000000000000,'2018-03-07 06:15:06.965857',2,2,'55',0,1,85,1,'2018-03-07 06:54:05.314481'),(762,NULL,32.000000000000000,'2018-03-07 06:31:00.805300',1,2,'1',0,1,NULL,0,'2018-03-07 07:35:06.280511'),(763,NULL,32.000000000000000,'2018-03-07 06:32:33.632168',1,2,'37',0,1,NULL,0,'2018-03-07 09:14:58.303792'),(764,NULL,118.000000000000000,'2018-03-07 06:33:01.504864',6,2,'18',0,1,NULL,1,'2018-03-07 08:57:54.372094'),(765,NULL,18.000000000000000,'2018-03-07 06:42:35.778266',6,2,'24',0,1,NULL,1,'2018-03-07 07:38:44.166289'),(766,NULL,28.000000000000000,'2018-03-07 08:56:35.041383',7,2,'32',0,1,NULL,1,'2018-03-07 09:50:06.850781'),(767,NULL,42.000000000000000,'2018-03-07 08:56:54.663289',7,2,'34',0,1,NULL,0,'2018-03-07 09:50:15.914309'),(768,NULL,52.000000000000000,'2018-03-07 09:32:42.632459',1,2,'0',0,1,NULL,0,'2018-03-07 10:49:56.574865'),(769,NULL,43.000000000000000,'2018-03-07 09:44:36.325798',1,2,'31',0,1,NULL,1,'2018-03-07 10:48:33.373010'),(770,NULL,22.000000000000000,'2018-03-07 09:50:28.190153',6,2,'35',0,1,NULL,0,'2018-03-07 10:18:36.293275'),(771,NULL,48.000000000000000,'2018-03-07 10:16:05.564050',6,2,'24',0,1,NULL,1,'2018-03-07 13:04:51.750109'),(772,'吕冰河369',22.000000000000000,'2018-03-07 10:16:11.544136',2,2,'56',0,1,74,0,'2018-03-07 11:21:58.763047'),(773,'吕冰河369',22.000000000000000,'2018-03-07 10:16:13.731914',2,2,'57',0,1,74,0,'2018-03-07 11:22:42.205234'),(774,NULL,10.000000000000000,'2018-03-07 10:41:22.292496',1,2,'2',0,1,NULL,1,'2018-03-07 10:42:27.926555'),(775,NULL,52.000000000000000,'2018-03-07 10:56:35.504868',1,2,'35',0,1,NULL,0,'2018-03-07 12:46:36.158421'),(776,NULL,57.000000000000000,'2018-03-07 10:56:36.965394',1,2,'14',0,1,NULL,0,'2018-03-07 12:46:45.336734'),(777,NULL,42.000000000000000,'2018-03-07 11:07:24.374168',1,2,'28',0,1,NULL,0,'2018-03-07 12:05:44.059176'),(778,NULL,0.000000000000000,'2018-03-07 11:44:23.445647',1,2,'29',0,1,NULL,0,'2018-03-07 13:05:01.808253'),(779,NULL,0.000000000000000,'2018-03-07 11:44:24.388775',1,2,'34',0,1,NULL,0,'2018-03-07 12:43:57.110972'),(780,'李凤',28.000000000000000,'2018-03-07 11:44:28.927774',2,2,'14',0,1,17,1,'2018-03-07 12:44:35.756469'),(781,NULL,112.000000000000000,'2018-03-07 11:50:35.622947',1,2,'7',0,1,NULL,0,'2018-03-07 13:28:15.434522'),(782,NULL,0.000000000000000,'2018-03-07 12:46:48.297744',NULL,2,'38',1,0,NULL,0,NULL),(783,NULL,67.000000000000000,'2018-03-07 23:58:36.386082',6,3,'28',0,1,NULL,0,'2018-03-08 03:00:55.231125'),(784,NULL,18.000000000000000,'2018-03-08 00:04:13.146415',1,3,'31',0,1,NULL,1,'2018-03-08 01:13:35.844363'),(785,NULL,43.000000000000000,'2018-03-08 00:04:15.997154',1,3,'15',0,1,NULL,1,'2018-03-08 01:13:49.623513'),(786,NULL,32.000000000000000,'2018-03-08 00:18:34.247274',1,3,'34',0,1,NULL,0,'2018-03-08 02:21:09.743243'),(787,NULL,0.000000000000000,'2018-03-08 00:23:06.867614',NULL,3,'0',1,0,NULL,0,NULL),(788,NULL,32.000000000000000,'2018-03-08 00:25:14.493137',6,3,'1',0,1,NULL,0,'2018-03-08 03:01:12.569043'),(789,NULL,73.000000000000000,'2018-03-08 00:31:53.287444',1,3,'7',0,1,NULL,1,'2018-03-08 02:27:28.003020'),(790,NULL,68.000000000000000,'2018-03-08 00:31:55.646572',1,3,'14',0,1,NULL,1,'2018-03-08 02:27:40.704055'),(791,NULL,47.000000000000000,'2018-03-08 01:02:34.069007',1,3,'2',0,1,NULL,0,'2018-03-08 02:45:10.884240'),(792,NULL,42.000000000000000,'2018-03-08 01:10:56.926991',1,3,'20',0,1,NULL,0,'2018-03-08 02:12:04.094516'),(793,NULL,32.000000000000000,'2018-03-08 01:26:24.222218',1,3,'35',0,1,NULL,0,'2018-03-08 02:21:19.657584'),(794,NULL,183.000000000000000,'2018-03-08 02:00:36.127856',1,3,'31',0,1,NULL,1,'2018-03-08 05:03:52.844120'),(795,NULL,43.000000000000000,'2018-03-08 02:24:27.097760',1,3,'18',0,1,NULL,1,'2018-03-08 03:54:51.943498'),(796,NULL,22.000000000000000,'2018-03-08 03:42:32.757025',1,3,'14',0,1,NULL,0,'2018-03-08 06:43:57.723005'),(797,NULL,42.000000000000000,'2018-03-08 04:16:16.135432',1,3,'34',0,1,NULL,0,'2018-03-08 07:48:25.433161'),(798,NULL,72.000000000000000,'2018-03-08 04:17:22.697885',6,3,'28',0,1,NULL,0,'2018-03-08 08:02:14.673823'),(799,NULL,28.000000000000000,'2018-03-08 04:22:10.996001',1,3,'24',0,1,NULL,1,'2018-03-08 05:35:17.904889'),(800,NULL,92.000000000000000,'2018-03-08 04:26:15.331127',1,3,'20',0,1,NULL,0,'2018-03-08 07:16:39.687788'),(801,NULL,37.000000000000000,'2018-03-08 04:52:52.724161',1,3,'29',0,1,NULL,0,'2018-03-08 06:00:12.525655'),(802,NULL,72.000000000000000,'2018-03-08 05:27:26.753559',1,3,'22',0,1,NULL,0,'2018-03-08 08:20:22.603600'),(803,NULL,22.000000000000000,'2018-03-08 05:58:18.786575',1,3,'5',0,1,NULL,0,'2018-03-08 08:47:21.750785'),(804,NULL,27.000000000000000,'2018-03-08 05:58:20.931165',1,3,'2',0,1,NULL,0,'2018-03-08 08:44:46.807081'),(805,NULL,37.000000000000000,'2018-03-08 05:58:23.523782',1,3,'21',0,1,NULL,0,'2018-03-08 08:45:13.369563'),(806,NULL,22.000000000000000,'2018-03-08 05:58:25.056457',1,3,'16',0,1,NULL,0,'2018-03-08 08:47:04.436327'),(807,NULL,52.000000000000000,'2018-03-08 06:03:10.955679',1,3,'7',0,1,NULL,0,'2018-03-08 11:20:59.066858'),(808,NULL,32.000000000000000,'2018-03-08 06:07:35.114365',1,3,'64',0,1,NULL,0,'2018-03-08 09:58:21.013358'),(809,NULL,58.000000000000000,'2018-03-08 06:07:39.029474',1,3,'38',0,1,NULL,1,'2018-03-08 09:58:33.328861'),(810,NULL,47.000000000000000,'2018-03-08 06:18:25.438937',1,3,'29',0,1,NULL,0,'2018-03-08 07:52:43.278442'),(811,'林永绘',35.000000000000000,'2018-03-08 06:18:28.072470',2,3,'37',0,1,71,0,'2018-03-08 08:21:04.250213'),(812,NULL,22.000000000000000,'2018-03-08 06:18:31.144483',1,3,'35',0,1,NULL,0,'2018-03-08 07:06:40.845531'),(813,'林永绘',25.000000000000000,'2018-03-08 06:18:40.374895',2,3,'7',0,1,71,1,'2018-03-08 08:22:20.102815'),(814,NULL,32.000000000000000,'2018-03-08 06:36:45.292759',6,3,'9',0,1,NULL,0,'2018-03-08 10:42:08.160387'),(815,'林广辉',82.000000000000000,'2018-03-08 06:41:15.621040',2,3,'1',0,1,72,0,'2018-03-08 09:16:41.557915'),(816,'林广辉',22.000000000000000,'2018-03-08 06:41:16.729720',2,3,'4',0,1,72,0,'2018-03-08 09:17:29.221452'),(817,NULL,101.000000000000000,'2018-03-08 06:53:16.036549',1,3,'15',0,1,NULL,1,'2018-03-08 10:27:19.132490'),(818,NULL,48.000000000000000,'2018-03-08 06:53:18.177572',1,3,'9',0,1,NULL,1,'2018-03-08 10:27:35.558680'),(819,NULL,48.000000000000000,'2018-03-08 06:53:20.187170',1,3,'14',0,1,NULL,1,'2018-03-08 10:26:59.600864'),(820,NULL,22.000000000000000,'2018-03-08 06:55:51.684890',1,3,'10',0,1,NULL,0,'2018-03-08 07:30:48.314161'),(821,NULL,32.000000000000000,'2018-03-08 06:55:53.051669',1,3,'14',0,1,NULL,0,'2018-03-08 07:33:12.188437'),(822,NULL,22.000000000000000,'2018-03-08 07:10:36.112565',1,3,'57',0,1,NULL,0,'2018-03-08 10:11:14.036855'),(823,NULL,47.000000000000000,'2018-03-08 07:10:41.915893',1,3,'65',0,1,NULL,0,'2018-03-08 10:12:08.359244'),(824,NULL,0.000000000000000,'2018-03-08 07:10:44.881483',NULL,3,'70',1,0,NULL,0,NULL),(825,NULL,67.000000000000000,'2018-03-08 07:10:59.336175',1,3,'71',0,1,NULL,0,'2018-03-08 10:09:22.247455'),(826,NULL,72.000000000000000,'2018-03-08 07:21:18.890703',1,3,'20',0,1,NULL,0,'2018-03-08 10:10:57.189929'),(827,NULL,32.000000000000000,'2018-03-08 07:43:25.432145',7,3,'6',0,1,NULL,0,'2018-03-08 08:29:27.723885'),(828,NULL,37.000000000000000,'2018-03-08 07:50:10.382720',7,3,'30',0,1,NULL,0,'2018-03-08 09:36:30.859627'),(829,NULL,10.000000000000000,'2018-03-08 07:53:11.108057',1,3,'58',0,1,NULL,0,'2018-03-08 09:25:10.245598'),(830,NULL,28.000000000000000,'2018-03-08 07:55:29.269821',6,3,'31',0,1,NULL,1,'2018-03-08 09:48:32.356198'),(831,NULL,28.000000000000000,'2018-03-08 07:55:32.607749',6,3,'18',0,1,NULL,1,'2018-03-08 09:46:08.701554'),(832,NULL,68.000000000000000,'2018-03-08 08:10:53.930744',7,3,'28',0,1,NULL,1,'2018-03-08 10:04:34.683320'),(833,NULL,67.000000000000000,'2018-03-08 08:55:37.113542',1,3,'35',0,1,NULL,0,'2018-03-08 10:08:58.668678'),(834,NULL,43.000000000000000,'2018-03-08 09:27:12.357570',1,3,'24',0,1,NULL,1,'2018-03-08 10:45:45.865564'),(835,NULL,0.000000000000000,'2018-03-08 09:27:16.301245',NULL,3,'28',1,0,NULL,0,NULL),(836,NULL,42.000000000000000,'2018-03-08 09:27:20.342050',1,3,'34',0,1,NULL,0,'2018-03-08 10:46:11.351919'),(837,NULL,42.000000000000000,'2018-03-08 09:27:21.945530',1,3,'16',0,1,NULL,0,'2018-03-08 10:46:00.187296'),(838,NULL,43.000000000000000,'2018-03-08 09:54:30.800311',1,3,'31',0,1,NULL,1,'2018-03-08 10:45:23.088233'),(839,NULL,38.000000000000000,'2018-03-08 09:55:21.387740',6,3,'14',0,1,NULL,0,'2018-03-08 11:39:05.616886'),(840,NULL,37.000000000000000,'2018-03-08 11:02:55.149628',6,3,'25',0,1,NULL,0,'2018-03-08 12:28:54.626985'),(841,NULL,18.000000000000000,'2018-03-08 11:11:23.316672',6,3,'31',0,1,NULL,1,'2018-03-08 12:24:57.615389'),(842,NULL,22.000000000000000,'2018-03-08 11:12:00.232615',1,3,'34',0,1,NULL,0,'2018-03-08 12:23:00.307284'),(843,NULL,22.000000000000000,'2018-03-08 11:23:37.259223',1,3,'35',0,1,NULL,0,'2018-03-08 11:36:17.482590'),(844,NULL,37.000000000000000,'2018-03-08 11:23:39.918897',6,3,'21',0,1,NULL,0,'2018-03-08 12:23:43.165358'),(845,NULL,18.000000000000000,'2018-03-08 11:23:43.526133',6,3,'7',0,1,NULL,1,'2018-03-08 12:24:13.995235'),(846,NULL,18.000000000000000,'2018-03-08 11:23:44.188684',6,3,'8',0,1,NULL,1,'2018-03-08 12:24:33.326726'),(847,NULL,0.000000000000000,'2018-03-08 11:53:29.227962',NULL,3,'30',1,0,NULL,0,NULL),(848,NULL,32.000000000000000,'2018-03-08 23:57:01.998006',1,2,'21',0,1,NULL,0,'2018-03-09 01:50:00.008963'),(849,NULL,32.000000000000000,'2018-03-08 23:57:05.028968',1,2,'34',0,1,NULL,0,'2018-03-09 01:50:06.496455'),(850,NULL,32.000000000000000,'2018-03-09 00:20:29.819619',1,2,'7',0,1,NULL,0,'2018-03-09 01:50:21.348383'),(851,NULL,32.000000000000000,'2018-03-09 00:20:31.272590',1,2,'14',0,1,NULL,0,'2018-03-09 01:50:14.854446'),(852,NULL,22.000000000000000,'2018-03-09 00:29:51.931236',1,2,'0',0,1,NULL,0,'2018-03-09 01:13:49.383694'),(853,NULL,57.000000000000000,'2018-03-09 00:44:21.548071',1,2,'20',0,1,NULL,0,'2018-03-09 02:40:18.836482'),(854,'王明水',62.000000000000000,'2018-03-09 00:56:16.219033',2,2,'35',0,1,8,0,'2018-03-09 03:15:49.625214'),(855,'王明水',22.000000000000000,'2018-03-09 00:56:17.228038',2,2,'28',0,1,8,0,'2018-03-09 03:16:36.828565'),(856,NULL,27.000000000000000,'2018-03-09 01:11:44.332288',6,2,'22',0,1,NULL,0,'2018-03-09 02:16:45.770534'),(857,NULL,47.000000000000000,'2018-03-09 01:35:43.392179',1,2,'1',0,1,NULL,0,'2018-03-09 02:34:28.517016'),(858,NULL,10.000000000000000,'2018-03-09 01:35:43.891304',7,2,'2',0,1,NULL,0,'2018-03-09 03:34:29.766034'),(859,NULL,32.000000000000000,'2018-03-09 01:35:46.571794',1,2,'29',0,1,NULL,0,'2018-03-09 02:34:21.862998'),(860,'林广辉',22.000000000000000,'2018-03-09 01:41:05.670269',2,2,'16',0,1,72,0,'2018-03-09 03:21:09.819425'),(861,NULL,43.000000000000000,'2018-03-09 01:44:38.236064',1,2,'31',0,1,NULL,1,'2018-03-09 03:45:45.866589'),(862,NULL,68.000000000000000,'2018-03-09 01:44:38.847909',1,2,'32',0,1,NULL,1,'2018-03-09 03:45:58.994048'),(863,NULL,68.000000000000000,'2018-03-09 01:49:40.962470',1,2,'18',0,1,NULL,1,'2018-03-09 03:44:52.508486'),(864,'刘丽',50.000000000000000,'2018-03-09 01:51:45.773762',2,2,'14',0,1,100,1,'2018-03-09 04:13:16.318073'),(865,NULL,57.000000000000000,'2018-03-09 02:04:03.627424',1,2,'7',0,1,NULL,0,'2018-03-09 05:27:59.770830'),(866,NULL,18.000000000000000,'2018-03-09 02:35:40.777229',1,2,'7',0,1,NULL,1,'2018-03-09 03:48:54.317154'),(867,NULL,18.000000000000000,'2018-03-09 02:59:40.813894',7,2,'15',0,1,NULL,1,'2018-03-09 04:23:21.951703'),(868,NULL,18.000000000000000,'2018-03-09 03:20:13.657076',1,2,'28',0,1,NULL,1,'2018-03-09 04:36:14.949670'),(869,NULL,28.000000000000000,'2018-03-09 03:21:44.035668',6,2,'24',0,1,NULL,1,'2018-03-09 04:33:21.181729'),(870,NULL,32.000000000000000,'2018-03-09 03:23:10.647540',1,2,'20',0,1,NULL,0,'2018-03-09 04:46:07.243326'),(871,NULL,22.000000000000000,'2018-03-09 04:03:09.016197',6,2,'29',0,1,NULL,0,'2018-03-09 06:27:10.069057'),(872,NULL,28.000000000000000,'2018-03-09 04:17:20.398126',1,2,'32',0,1,NULL,1,'2018-03-09 06:19:39.825328'),(873,NULL,32.000000000000000,'2018-03-09 04:17:23.157655',1,2,'34',0,1,NULL,0,'2018-03-09 06:19:35.177124'),(874,NULL,32.000000000000000,'2018-03-09 04:19:11.366675',1,2,'1',0,1,NULL,0,'2018-03-09 08:03:01.831071'),(875,NULL,22.000000000000000,'2018-03-09 04:43:53.772855',6,2,'14',0,1,NULL,0,'2018-03-09 06:38:10.852990'),(876,NULL,43.000000000000000,'2018-03-09 05:25:50.344673',6,2,'9',0,1,NULL,1,'2018-03-09 06:55:49.992327'),(877,NULL,47.000000000000000,'2018-03-09 05:30:47.228609',1,2,'21',0,1,NULL,0,'2018-03-09 06:21:12.276141'),(878,NULL,37.000000000000000,'2018-03-09 06:02:06.197905',1,2,'35',0,1,NULL,0,'2018-03-09 07:05:44.180907'),(879,NULL,32.000000000000000,'2018-03-09 06:02:07.313041',1,2,'28',0,1,NULL,0,'2018-03-09 07:05:48.780207'),(880,NULL,32.000000000000000,'2018-03-09 06:12:17.657129',1,2,'20',0,1,NULL,0,'2018-03-09 09:33:09.851366'),(881,NULL,28.000000000000000,'2018-03-09 06:14:32.685406',1,2,'31',0,1,NULL,1,'2018-03-09 08:17:53.440952'),(882,NULL,77.000000000000000,'2018-03-09 06:22:02.466344',6,2,'2',0,1,NULL,0,'2018-03-09 08:23:24.851851'),(883,NULL,77.000000000000000,'2018-03-09 06:22:03.848022',6,2,'16',0,1,NULL,0,'2018-03-09 08:22:39.577145'),(884,NULL,78.000000000000000,'2018-03-09 06:29:01.754533',1,2,'38',0,1,NULL,1,'2018-03-09 08:58:55.448362'),(885,NULL,47.000000000000000,'2018-03-09 06:29:07.142154',1,2,'64',0,1,NULL,0,'2018-03-09 08:58:49.562568'),(886,NULL,18.000000000000000,'2018-03-09 06:35:10.571387',1,2,'18',0,1,NULL,1,'2018-03-09 07:28:20.463800'),(887,NULL,18.000000000000000,'2018-03-09 06:35:13.694678',1,2,'32',0,1,NULL,1,'2018-03-09 07:28:35.905404'),(888,NULL,32.000000000000000,'2018-03-09 07:20:46.112134',1,2,'21',0,1,NULL,0,'2018-03-09 08:15:03.561433'),(889,NULL,32.000000000000000,'2018-03-09 07:20:48.100108',1,2,'35',0,1,NULL,0,'2018-03-09 08:03:48.482052'),(890,NULL,112.000000000000000,'2018-03-09 07:30:04.174048',6,2,'38',0,1,NULL,0,'2018-03-09 09:50:43.897856'),(891,NULL,28.000000000000000,'2018-03-09 07:32:48.285122',1,2,'18',0,1,NULL,1,'2018-03-09 08:38:02.566955'),(892,NULL,47.000000000000000,'2018-03-09 07:32:50.420110',1,2,'7',0,1,NULL,0,'2018-03-09 08:19:28.449578'),(893,NULL,22.000000000000000,'2018-03-09 07:38:37.077575',6,2,'22',0,1,NULL,0,'2018-03-09 09:50:53.582692'),(894,NULL,37.000000000000000,'2018-03-09 07:38:38.904744',6,2,'29',0,1,NULL,0,'2018-03-09 09:50:31.438687'),(895,NULL,22.000000000000000,'2018-03-09 07:45:14.231971',1,2,'4',0,1,NULL,0,'2018-03-09 09:10:20.589262'),(896,'王朝',50.000000000000000,'2018-03-09 07:55:12.718375',2,2,'15',0,1,98,1,'2018-03-09 09:06:45.834478'),(897,NULL,32.000000000000000,'2018-03-09 08:22:52.090742',1,2,'14',0,1,NULL,0,'2018-03-09 09:18:48.652979'),(898,NULL,32.000000000000000,'2018-03-09 08:37:19.502236',1,2,'34',0,1,NULL,0,'2018-03-09 11:11:39.546979'),(899,NULL,32.000000000000000,'2018-03-09 09:08:12.274992',1,2,'7',0,1,NULL,0,'2018-03-09 11:11:31.701875'),(900,NULL,32.000000000000000,'2018-03-09 09:08:15.786743',1,2,'21',0,1,NULL,0,'2018-03-09 10:25:46.814713'),(901,NULL,32.000000000000000,'2018-03-09 09:09:44.766276',1,2,'1',0,1,NULL,0,'2018-03-09 11:11:24.364692'),(902,NULL,47.000000000000000,'2018-03-09 09:22:27.569146',7,2,'2',0,1,NULL,0,'2018-03-09 10:11:36.487507'),(903,NULL,52.000000000000000,'2018-03-09 09:39:33.501363',6,2,'20',0,1,NULL,0,'2018-03-09 10:58:28.302468'),(904,NULL,62.000000000000000,'2018-03-09 10:11:42.508616',6,2,'4',0,1,NULL,0,'2018-03-09 11:00:17.009788'),(905,NULL,48.000000000000000,'2018-03-09 10:32:26.562811',1,2,'18',0,1,NULL,1,'2018-03-09 12:14:12.982522'),(906,NULL,27.000000000000000,'2018-03-09 10:32:28.241284',1,2,'35',0,1,NULL,0,'2018-03-09 12:14:23.676734'),(907,NULL,77.000000000000000,'2018-03-09 10:39:26.791209',6,2,'14',0,1,NULL,0,'2018-03-09 12:17:58.815212'),(908,NULL,32.000000000000000,'2018-03-09 10:39:28.782157',1,2,'2',0,1,NULL,0,'2018-03-09 13:08:40.971298'),(909,NULL,23.000000000000000,'2018-03-09 10:39:30.493978',1,2,'14',0,1,NULL,1,'2018-03-09 13:05:42.535947'),(910,NULL,32.000000000000000,'2018-03-09 10:40:50.976580',1,2,'21',0,1,NULL,0,'2018-03-09 12:57:59.932748'),(911,NULL,22.000000000000000,'2018-03-09 10:43:03.312793',1,2,'22',0,1,NULL,0,'2018-03-09 13:09:06.554578'),(912,NULL,52.000000000000000,'2018-03-09 10:43:04.468256',1,2,'16',0,1,NULL,0,'2018-03-09 13:09:21.829641'),(913,NULL,18.000000000000000,'2018-03-09 10:51:41.996045',1,2,'8',0,1,NULL,1,'2018-03-09 11:21:38.198026'),(914,NULL,42.000000000000000,'2018-03-09 11:01:38.579593',1,2,'20',0,1,NULL,0,'2018-03-09 13:10:28.754215'),(915,NULL,42.000000000000000,'2018-03-09 11:01:40.305094',1,2,'28',0,1,NULL,0,'2018-03-09 13:08:57.718353'),(916,NULL,83.000000000000000,'2018-03-09 11:01:42.664504',1,2,'7',0,1,NULL,1,'2018-03-09 13:18:12.367994'),(917,NULL,33.000000000000000,'2018-03-09 11:02:22.566577',1,2,'24',0,1,NULL,1,'2018-03-09 12:42:58.479310'),(918,NULL,68.000000000000000,'2018-03-09 11:36:40.651065',7,2,'8',0,1,NULL,1,'2018-03-09 13:25:24.735475'),(919,NULL,37.000000000000000,'2018-03-10 00:04:35.925933',6,3,'20',0,1,NULL,0,'2018-03-10 02:22:44.306597'),(920,NULL,92.000000000000000,'2018-03-10 00:29:14.847219',6,3,'14',0,1,NULL,0,'2018-03-10 03:14:17.795424'),(921,NULL,22.000000000000000,'2018-03-10 00:37:18.342800',1,3,'4',0,1,NULL,0,'2018-03-10 01:56:49.184835'),(922,'林广辉',40.000000000000000,'2018-03-10 00:46:32.715999',2,3,'22',0,1,72,0,'2018-03-10 03:39:48.845506'),(923,NULL,52.000000000000000,'2018-03-10 01:36:00.020381',1,3,'34',0,1,NULL,0,'2018-03-10 03:34:40.173653'),(924,NULL,18.000000000000000,'2018-03-10 01:42:47.802820',1,3,'31',0,1,NULL,1,'2018-03-10 02:28:08.885682'),(925,NULL,52.000000000000000,'2018-03-10 02:53:47.036195',1,3,'7',0,1,NULL,0,'2018-03-10 04:27:10.355997'),(926,NULL,28.000000000000000,'2018-03-10 02:53:51.061986',1,3,'14',0,1,NULL,1,'2018-03-10 04:26:58.346373'),(927,NULL,28.000000000000000,'2018-03-10 02:53:52.283829',1,3,'18',0,1,NULL,1,'2018-03-10 04:27:23.496309'),(928,'林广辉',62.000000000000000,'2018-03-10 03:40:04.936078',2,3,'22',0,1,72,0,'2018-03-10 03:40:40.729397'),(929,NULL,22.000000000000000,'2018-03-10 04:37:41.327108',6,3,'34',0,1,NULL,0,'2018-03-10 06:52:20.600767'),(930,NULL,22.000000000000000,'2018-03-10 04:37:46.009687',6,3,'7',0,1,NULL,0,'2018-03-10 06:52:53.838206'),(931,NULL,37.000000000000000,'2018-03-10 04:37:51.592812',6,3,'28',0,1,NULL,0,'2018-03-10 06:52:01.317647'),(932,'赵欣',22.000000000000000,'2018-03-10 05:35:22.087010',2,3,'20',0,1,50,0,'2018-03-10 06:29:53.211931'),(933,'赵欣',32.000000000000000,'2018-03-10 05:35:23.375366',2,3,'2',0,1,50,0,'2018-03-10 06:30:49.278926'),(934,NULL,32.000000000000000,'2018-03-10 05:39:18.828038',1,3,'10',0,1,NULL,0,'2018-03-10 07:03:54.922205'),(935,NULL,22.000000000000000,'2018-03-10 05:39:19.478559',1,3,'11',0,1,NULL,0,'2018-03-10 07:04:02.345312'),(936,NULL,37.000000000000000,'2018-03-10 05:56:00.333804',1,3,'4',0,1,NULL,0,'2018-03-10 07:15:34.581199'),(937,NULL,35.000000000000000,'2018-03-10 05:59:55.110139',1,3,'0',0,1,NULL,1,'2018-03-10 06:00:31.115927'),(938,NULL,72.000000000000000,'2018-03-10 06:02:10.948813',6,3,'14',0,1,NULL,0,'2018-03-10 08:42:25.392907'),(939,NULL,67.000000000000000,'2018-03-10 06:10:40.555113',1,3,'29',0,1,NULL,0,'2018-03-10 08:47:14.333129'),(940,NULL,67.000000000000000,'2018-03-10 06:10:42.709704',1,3,'17',0,1,NULL,0,'2018-03-10 08:47:29.956025'),(941,NULL,32.000000000000000,'2018-03-10 06:13:34.100338',1,3,'16',0,1,NULL,0,'2018-03-10 09:43:50.430636'),(942,NULL,52.000000000000000,'2018-03-10 06:14:18.158192',1,3,'5',0,1,NULL,0,'2018-03-10 09:42:48.727796'),(943,NULL,32.000000000000000,'2018-03-10 06:17:35.704211',1,3,'12',0,1,NULL,0,'2018-03-10 08:15:25.911042'),(944,NULL,37.000000000000000,'2018-03-10 06:32:36.262407',7,3,'35',0,1,NULL,0,'2018-03-10 09:18:12.708484'),(945,NULL,22.000000000000000,'2018-03-10 06:32:40.505169',7,3,'21',0,1,NULL,0,'2018-03-10 09:17:45.375600'),(946,NULL,42.000000000000000,'2018-03-10 06:32:42.382003',7,3,'37',0,1,NULL,0,'2018-03-10 09:17:57.862058'),(947,NULL,18.000000000000000,'2018-03-10 06:38:18.343479',1,3,'14',0,1,NULL,1,'2018-03-10 08:03:31.892408'),(948,NULL,38.000000000000000,'2018-03-10 06:38:20.849990',1,3,'18',0,1,NULL,1,'2018-03-10 08:03:50.606390'),(949,NULL,32.000000000000000,'2018-03-10 06:42:31.601812',1,3,'1',0,1,NULL,0,'2018-03-10 10:44:18.597870'),(950,NULL,32.000000000000000,'2018-03-10 06:43:11.571203',1,3,'20',0,1,NULL,0,'2018-03-10 08:46:01.170373'),(951,NULL,128.000000000000000,'2018-03-10 06:44:56.837461',1,3,'31',0,1,NULL,1,'2018-03-10 09:11:53.614321'),(952,NULL,22.000000000000000,'2018-03-10 06:57:07.163913',1,3,'7',0,1,NULL,0,'2018-03-10 10:44:31.774858'),(953,NULL,32.000000000000000,'2018-03-10 07:02:25.782525',7,3,'28',0,1,NULL,0,'2018-03-10 08:50:34.681308'),(954,NULL,32.000000000000000,'2018-03-10 07:04:27.488006',1,3,'34',0,1,NULL,0,'2018-03-10 08:10:41.147447'),(955,NULL,68.000000000000000,'2018-03-10 07:07:08.130936',1,3,'32',0,1,NULL,1,'2018-03-10 08:38:55.835719'),(956,NULL,57.000000000000000,'2018-03-10 07:17:54.593382',6,3,'2',0,1,NULL,0,'2018-03-10 08:49:53.057526'),(957,NULL,18.000000000000000,'2018-03-10 07:51:30.678257',1,3,'24',0,1,NULL,1,'2018-03-10 08:32:07.993632'),(958,NULL,23.000000000000000,'2018-03-10 07:51:32.523898',1,3,'15',0,1,NULL,1,'2018-03-10 08:31:59.223760'),(959,NULL,77.000000000000000,'2018-03-10 07:58:47.218475',7,3,'58',0,1,NULL,0,'2018-03-10 10:23:57.315910'),(960,NULL,0.000000000000000,'2018-03-10 08:29:22.094387',NULL,3,'29',1,0,NULL,1,NULL),(961,NULL,22.000000000000000,'2018-03-10 08:33:51.251689',6,3,'24',0,1,NULL,0,'2018-03-10 09:26:29.842651'),(962,NULL,57.000000000000000,'2018-03-10 08:35:27.530901',1,3,'30',0,1,NULL,0,'2018-03-10 10:43:56.462925'),(963,NULL,22.000000000000000,'2018-03-10 08:35:33.024914',1,3,'38',0,1,NULL,0,'2018-03-10 10:44:08.350913'),(964,NULL,32.000000000000000,'2018-03-10 08:51:04.429534',7,3,'14',0,1,NULL,0,'2018-03-10 09:35:38.757386'),(965,NULL,47.000000000000000,'2018-03-10 08:56:52.883037',1,3,'28',0,1,NULL,0,'2018-03-10 09:43:05.334240'),(966,NULL,32.000000000000000,'2018-03-10 09:18:33.969374',1,3,'34',0,1,NULL,0,'2018-03-10 10:19:44.606277'),(967,NULL,37.000000000000000,'2018-03-10 09:18:36.091283',1,3,'20',0,1,NULL,0,'2018-03-10 10:19:55.412799'),(968,NULL,72.000000000000000,'2018-03-10 09:45:51.500987',1,3,'21',0,1,NULL,0,'2018-03-10 11:39:43.653632'),(969,NULL,32.000000000000000,'2018-03-10 09:47:29.573721',1,3,'16',0,1,NULL,0,'2018-03-10 10:45:05.391749'),(970,NULL,68.000000000000000,'2018-03-10 09:56:54.744010',1,3,'25',0,1,NULL,1,'2018-03-10 12:13:48.960641'),(971,NULL,18.000000000000000,'2018-03-10 09:56:59.057401',1,3,'28',0,1,NULL,1,'2018-03-10 12:14:03.064417'),(972,NULL,18.000000000000000,'2018-03-10 10:01:54.048737',1,3,'14',0,1,NULL,1,'2018-03-10 11:54:20.910693'),(973,NULL,48.000000000000000,'2018-03-10 10:16:49.910954',6,3,'24',0,1,NULL,1,'2018-03-10 11:43:28.210750'),(974,NULL,48.000000000000000,'2018-03-10 10:16:52.335036',6,3,'18',0,1,NULL,1,'2018-03-10 11:43:15.618252'),(975,'李飞',18.000000000000000,'2018-03-10 10:16:54.978250',2,3,'15',0,1,92,1,'2018-03-10 12:09:25.855216'),(976,NULL,48.000000000000000,'2018-03-10 10:16:58.090115',6,3,'31',0,1,NULL,1,'2018-03-10 11:43:43.832146'),(977,NULL,22.000000000000000,'2018-03-10 10:22:11.269289',6,3,'20',0,1,NULL,0,'2018-03-10 10:49:53.121221'),(978,NULL,22.000000000000000,'2018-03-10 10:45:11.090772',1,3,'16',0,1,NULL,0,'2018-03-10 10:45:23.092414'),(979,'李飞',38.000000000000000,'2018-03-10 10:47:00.287130',2,3,'32',0,1,92,1,'2018-03-10 12:08:44.112112'),(980,NULL,22.000000000000000,'2018-03-10 10:53:22.151591',1,3,'2',0,1,NULL,0,'2018-03-10 12:35:51.088550'),(981,NULL,42.000000000000000,'2018-03-10 10:58:15.509537',6,3,'38',0,1,NULL,0,'2018-03-10 12:56:45.433305'),(982,NULL,38.000000000000000,'2018-03-10 11:02:24.044355',6,3,'34',0,1,NULL,1,'2018-03-10 13:06:49.135989'),(983,NULL,18.000000000000000,'2018-03-10 11:02:26.279776',6,3,'29',0,1,NULL,1,'2018-03-10 13:06:31.318532'),(984,'蔡红',32.000000000000000,'2018-03-10 11:21:04.022082',2,3,'34',0,1,102,0,'2018-03-10 12:40:18.714694'),(985,NULL,62.000000000000000,'2018-03-10 11:23:30.891219',6,3,'35',0,1,NULL,0,'2018-03-10 12:24:36.044517'),(986,NULL,18.000000000000000,'2018-03-10 11:23:38.241376',7,3,'17',0,1,NULL,1,'2018-03-10 13:24:14.396297'),(987,'蔡红',18.000000000000000,'2018-03-10 11:23:41.300396',2,3,'21',0,1,102,1,'2018-03-10 12:39:33.810572'),(988,NULL,28.000000000000000,'2018-03-10 11:23:43.533297',6,3,'16',0,1,NULL,1,'2018-03-10 12:41:48.266177'),(989,NULL,18.000000000000000,'2018-03-10 11:23:46.816914',7,3,'8',0,1,NULL,1,'2018-03-10 13:24:00.293380'),(990,NULL,18.000000000000000,'2018-03-10 11:23:49.679964',1,3,'9',0,1,NULL,1,'2018-03-10 13:23:38.122134'),(991,NULL,18.000000000000000,'2018-03-10 11:23:52.021321',1,3,'35',0,1,NULL,1,'2018-03-10 13:23:23.623465'),(992,NULL,22.000000000000000,'2018-03-10 11:44:47.580424',1,3,'7',0,1,NULL,0,'2018-03-10 12:31:56.930653'),(993,'于星梅',32.000000000000000,'2018-03-10 11:58:25.590842',2,3,'28',0,1,90,0,'2018-03-10 13:53:36.821116'),(994,'于星梅',22.000000000000000,'2018-03-10 11:58:30.225901',2,3,'37',0,1,90,0,'2018-03-10 13:54:40.380517'),(995,'于星梅',28.000000000000000,'2018-03-10 11:59:11.901730',2,3,'31',0,1,90,1,'2018-03-10 13:55:32.698514'),(996,NULL,82.000000000000000,'2018-03-10 12:16:38.511487',1,3,'20',0,1,NULL,0,'2018-03-10 13:19:37.157481'),(997,NULL,52.000000000000000,'2018-03-10 12:17:14.506978',1,3,'16',0,1,NULL,0,'2018-03-10 13:19:50.540314'),(998,'王晨',42.000000000000000,'2018-03-10 23:58:23.588569',2,2,'34',0,1,48,0,'2018-03-11 03:11:19.450316'),(999,NULL,22.000000000000000,'2018-03-11 00:24:33.079795',6,2,'14',0,1,NULL,0,'2018-03-11 02:46:24.295724'),(1000,NULL,62.000000000000000,'2018-03-11 00:37:51.744349',1,2,'20',0,1,NULL,0,'2018-03-11 02:27:25.384298'),(1001,NULL,47.000000000000000,'2018-03-11 00:37:52.906765',1,2,'35',0,1,NULL,0,'2018-03-11 02:27:30.163302'),(1002,'林广辉',22.000000000000000,'2018-03-11 00:47:23.524556',2,2,'22',0,1,72,0,'2018-03-11 02:20:13.296209'),(1003,NULL,92.000000000000000,'2018-03-11 00:54:56.504340',1,2,'16',0,1,NULL,0,'2018-03-11 02:38:37.167373'),(1004,NULL,18.000000000000000,'2018-03-11 01:34:57.440063',6,2,'31',0,1,NULL,1,'2018-03-11 03:20:20.072588'),(1005,NULL,28.000000000000000,'2018-03-11 01:34:58.416125',1,2,'32',0,1,NULL,1,'2018-03-11 02:56:01.866392'),(1006,NULL,42.000000000000000,'2018-03-11 01:36:24.717959',1,2,'17',0,1,NULL,0,'2018-03-11 02:53:07.864367'),(1007,NULL,22.000000000000000,'2018-03-11 01:45:31.683444',1,2,'21',0,1,NULL,0,'2018-03-11 02:34:35.231531'),(1008,NULL,18.000000000000000,'2018-03-11 02:04:51.548604',1,2,'24',0,1,NULL,1,'2018-03-11 03:18:49.984022'),(1009,NULL,18.000000000000000,'2018-03-11 02:04:53.234527',1,2,'28',0,1,NULL,1,'2018-03-11 03:18:15.570044'),(1010,NULL,42.000000000000000,'2018-03-11 02:11:33.816443',6,2,'7',0,1,NULL,0,'2018-03-11 04:06:27.085948'),(1011,NULL,22.000000000000000,'2018-03-11 02:32:22.145424',7,2,'22',0,1,NULL,0,'2018-03-11 03:09:54.844671'),(1012,NULL,32.000000000000000,'2018-03-11 02:56:51.516781',6,2,'1',0,1,NULL,0,'2018-03-11 04:09:22.051060'),(1013,NULL,32.000000000000000,'2018-03-11 02:56:52.223893',6,2,'2',0,1,NULL,0,'2018-03-11 04:09:28.401485'),(1014,NULL,32.000000000000000,'2018-03-11 02:56:55.894650',6,2,'20',0,1,NULL,0,'2018-03-11 04:09:07.985464'),(1015,NULL,42.000000000000000,'2018-03-11 02:57:15.724374',6,2,'29',0,1,NULL,0,'2018-03-11 04:09:14.000998'),(1016,NULL,28.000000000000000,'2018-03-11 04:12:50.075572',1,2,'14',0,1,NULL,1,'2018-03-11 04:42:10.915429'),(1017,NULL,22.000000000000000,'2018-03-11 04:20:45.467579',1,2,'20',0,1,NULL,0,'2018-03-11 07:33:01.712376'),(1018,'陈健',40.000000000000000,'2018-03-11 04:24:58.541956',2,2,'57',0,1,3,0,'2018-03-11 06:31:50.614250'),(1019,NULL,32.000000000000000,'2018-03-11 05:12:12.028143',7,2,'16',0,1,NULL,0,'2018-03-11 06:06:38.240141'),(1020,'王晨',28.000000000000000,'2018-03-11 05:54:37.865928',2,2,'18',0,1,48,1,'2018-03-11 07:52:00.399172'),(1021,NULL,18.000000000000000,'2018-03-11 06:08:07.307518',1,2,'17',0,1,NULL,1,'2018-03-11 07:21:54.849150'),(1022,'魏东贺',62.000000000000000,'2018-03-11 06:11:13.914015',2,2,'35',0,1,59,0,'2018-03-11 10:51:47.286760'),(1023,'陈健',20.000000000000000,'2018-03-11 06:14:16.267385',2,2,'76',0,1,3,0,'2018-03-11 06:17:19.407431'),(1024,NULL,37.000000000000000,'2018-03-11 06:28:36.743443',1,2,'14',0,1,NULL,0,'2018-03-11 08:57:41.617211'),(1025,NULL,22.000000000000000,'2018-03-11 06:28:38.036614',1,2,'21',0,1,NULL,0,'2018-03-11 08:57:53.025739'),(1026,NULL,37.000000000000000,'2018-03-11 06:28:39.308632',1,2,'28',0,1,NULL,0,'2018-03-11 08:57:47.837367'),(1027,NULL,37.000000000000000,'2018-03-11 06:29:50.609776',1,2,'7',0,1,NULL,0,'2018-03-11 07:45:38.062485'),(1028,'魏东贺',47.000000000000000,'2018-03-11 06:33:06.920367',2,2,'29',0,1,59,0,'2018-03-11 10:52:35.073809'),(1029,NULL,18.000000000000000,'2018-03-11 06:56:44.042862',1,2,'28',0,1,NULL,1,'2018-03-11 07:50:39.314743'),(1030,NULL,38.000000000000000,'2018-03-11 06:56:52.936246',1,2,'16',0,1,NULL,1,'2018-03-11 08:59:11.437329'),(1031,NULL,18.000000000000000,'2018-03-11 07:03:34.163842',1,2,'7',0,1,NULL,1,'2018-03-11 08:12:10.768077'),(1032,NULL,38.000000000000000,'2018-03-11 07:03:35.321483',1,2,'8',0,1,NULL,1,'2018-03-11 08:12:22.254456'),(1033,NULL,22.000000000000000,'2018-03-11 07:04:46.307780',1,2,'2',0,1,NULL,0,'2018-03-11 08:54:36.543093'),(1034,NULL,53.000000000000000,'2018-03-11 07:05:00.313617',6,2,'34',0,1,NULL,0,'2018-03-11 07:43:33.873151'),(1035,NULL,28.000000000000000,'2018-03-11 07:18:30.215939',7,2,'24',0,1,NULL,1,'2018-03-11 09:09:06.563263'),(1036,NULL,52.000000000000000,'2018-03-11 07:18:34.266096',6,2,'22',0,1,NULL,0,'2018-03-11 11:30:16.840189'),(1037,NULL,92.000000000000000,'2018-03-11 07:18:35.316738',6,2,'24',0,1,NULL,0,'2018-03-11 11:30:03.569293'),(1038,NULL,32.000000000000000,'2018-03-11 07:19:35.222476',1,2,'16',0,1,NULL,0,'2018-03-11 08:55:28.668699'),(1039,NULL,37.000000000000000,'2018-03-11 07:21:04.041993',1,2,'1',0,1,NULL,0,'2018-03-11 08:58:56.340557'),(1040,NULL,28.000000000000000,'2018-03-11 07:29:14.580318',1,2,'9',0,1,NULL,1,'2018-03-11 08:33:24.892296'),(1041,NULL,55.000000000000000,'2018-03-11 07:29:17.318776',1,2,'17',0,1,NULL,0,'2018-03-11 09:07:45.561775'),(1042,NULL,43.000000000000000,'2018-03-11 07:31:05.512338',7,2,'15',0,1,NULL,1,'2018-03-11 09:52:01.123379'),(1043,NULL,52.000000000000000,'2018-03-11 07:31:25.057380',7,2,'10',0,1,NULL,0,'2018-03-11 09:52:22.526092'),(1044,NULL,52.000000000000000,'2018-03-11 07:31:25.531965',7,2,'11',0,1,NULL,0,'2018-03-11 09:52:15.287715'),(1045,NULL,32.000000000000000,'2018-03-11 07:33:20.766800',6,2,'4',0,1,NULL,0,'2018-03-11 08:40:30.339184'),(1046,NULL,18.000000000000000,'2018-03-11 07:50:22.981339',1,2,'25',0,1,NULL,1,'2018-03-11 09:22:49.226935'),(1047,NULL,38.000000000000000,'2018-03-11 07:50:24.173930',1,2,'29',0,1,NULL,1,'2018-03-11 09:22:40.955060'),(1048,NULL,22.000000000000000,'2018-03-11 08:18:20.262183',6,2,'25',0,1,NULL,0,'2018-03-11 09:14:16.904110'),(1049,NULL,52.000000000000000,'2018-03-11 08:23:59.325072',1,2,'34',0,1,NULL,0,'2018-03-11 10:59:44.651096'),(1050,NULL,22.000000000000000,'2018-03-11 08:40:39.790949',6,2,'20',0,1,NULL,0,'2018-03-11 09:19:07.888770'),(1051,NULL,18.000000000000000,'2018-03-11 08:40:52.781923',1,2,'28',0,1,NULL,1,'2018-03-11 09:47:26.947289'),(1052,NULL,28.000000000000000,'2018-03-11 08:40:55.565720',1,2,'34',0,1,NULL,1,'2018-03-11 09:47:46.844374'),(1053,NULL,22.000000000000000,'2018-03-11 08:42:19.057864',1,2,'6',0,1,NULL,0,'2018-03-11 09:32:38.833673'),(1054,NULL,28.000000000000000,'2018-03-11 08:48:01.656930',1,2,'7',0,1,NULL,1,'2018-03-11 10:04:46.670596'),(1055,NULL,18.000000000000000,'2018-03-11 08:48:02.222260',1,2,'8',0,1,NULL,1,'2018-03-11 10:04:55.431421'),(1056,NULL,47.000000000000000,'2018-03-11 08:57:57.610446',1,2,'28',0,1,NULL,0,'2018-03-11 10:04:38.820404'),(1057,NULL,32.000000000000000,'2018-03-11 09:14:30.251439',1,2,'14',0,1,NULL,0,'2018-03-11 10:17:30.165828'),(1058,NULL,32.000000000000000,'2018-03-11 09:14:31.612977',1,2,'21',0,1,NULL,0,'2018-03-11 10:17:23.967717'),(1059,NULL,23.000000000000000,'2018-03-11 09:37:52.380209',1,2,'16',0,1,NULL,1,'2018-03-11 10:33:50.098712'),(1060,NULL,32.000000000000000,'2018-03-11 10:18:59.772307',6,2,'28',0,1,NULL,0,'2018-03-11 11:15:11.992057'),(1061,NULL,28.000000000000000,'2018-03-11 10:25:07.918348',1,2,'18',0,1,NULL,1,'2018-03-11 11:30:59.629093'),(1062,NULL,32.000000000000000,'2018-03-11 10:29:18.522757',6,2,'20',0,1,NULL,0,'2018-03-11 11:14:22.214323'),(1063,NULL,47.000000000000000,'2018-03-11 10:30:28.162651',6,2,'7',0,1,NULL,0,'2018-03-11 11:13:43.309588'),(1064,NULL,47.000000000000000,'2018-03-11 10:30:30.379848',6,2,'21',0,1,NULL,0,'2018-03-11 11:13:15.147879'),(1065,NULL,18.000000000000000,'2018-03-11 10:33:55.557690',6,2,'31',0,1,NULL,1,'2018-03-11 13:08:57.111632'),(1066,NULL,18.000000000000000,'2018-03-11 10:34:01.102180',6,2,'17',0,1,NULL,1,'2018-03-11 12:44:15.559629'),(1067,NULL,18.000000000000000,'2018-03-11 10:34:02.344421',6,2,'15',0,1,NULL,1,'2018-03-11 12:44:25.958587'),(1068,NULL,42.000000000000000,'2018-03-11 11:05:45.611552',1,2,'34',0,1,NULL,0,'2018-03-11 13:08:08.052152'),(1069,NULL,43.000000000000000,'2018-03-11 11:10:28.229604',1,2,'24',0,1,NULL,1,'2018-03-11 12:23:09.555122'),(1070,NULL,68.000000000000000,'2018-03-11 11:10:30.305596',6,2,'9',0,1,NULL,1,'2018-03-11 12:49:28.313560'),(1071,NULL,22.000000000000000,'2018-03-11 11:15:24.240925',6,2,'1',0,1,NULL,0,'2018-03-11 12:49:41.899800'),(1072,NULL,42.000000000000000,'2018-03-11 11:15:25.804362',6,2,'16',0,1,NULL,0,'2018-03-11 12:49:49.724233'),(1073,NULL,10.000000000000000,'2018-03-11 11:15:50.295555',6,2,'34',0,1,NULL,1,'2018-03-11 12:27:51.397839'),(1074,NULL,73.000000000000000,'2018-03-11 11:20:56.364555',6,2,'7',0,1,NULL,1,'2018-03-11 13:36:04.372583'),(1075,'王欣恬',33.000000000000000,'2018-03-11 11:27:57.666646',2,2,'28',0,1,87,1,'2018-03-11 12:25:56.738456'),(1076,NULL,10.000000000000000,'2018-03-11 12:35:31.127160',1,2,'54',0,1,NULL,1,'2018-03-11 12:36:15.109064'),(1077,NULL,83.000000000000000,'2018-03-12 00:30:54.964856',1,3,'31',0,1,NULL,1,'2018-03-12 02:15:42.485455'),(1078,NULL,22.000000000000000,'2018-03-12 00:48:26.086596',1,3,'17',0,1,NULL,0,'2018-03-12 02:42:58.669050'),(1079,NULL,32.000000000000000,'2018-03-12 00:49:08.143876',6,3,'16',0,1,NULL,0,'2018-03-12 04:33:23.234874'),(1080,NULL,32.000000000000000,'2018-03-12 00:51:44.487616',1,3,'21',0,1,NULL,0,'2018-03-12 02:59:41.421715'),(1081,NULL,0.000000000000000,'2018-03-12 01:01:47.378404',1,3,'7',0,1,NULL,0,'2018-03-12 03:14:11.900373'),(1082,NULL,57.000000000000000,'2018-03-12 01:14:48.996059',7,3,'14',0,1,NULL,0,'2018-03-12 03:22:40.160497'),(1083,NULL,67.000000000000000,'2018-03-12 01:14:50.072534',7,3,'20',0,1,NULL,0,'2018-03-12 03:22:51.538913'),(1084,'邢明燕',68.000000000000000,'2018-03-12 01:40:04.201057',2,3,'7',0,1,96,1,'2018-03-12 03:40:51.919767'),(1085,'林广辉',62.000000000000000,'2018-03-12 01:56:25.602477',2,3,'34',0,1,72,0,'2018-03-12 03:47:58.032029'),(1086,NULL,47.000000000000000,'2018-03-12 02:26:17.920658',6,3,'28',0,1,NULL,0,'2018-03-12 03:15:13.138894'),(1087,NULL,33.000000000000000,'2018-03-12 03:01:14.619850',1,3,'28',0,1,NULL,1,'2018-03-12 04:24:05.759835'),(1088,NULL,112.000000000000000,'2018-03-12 03:02:08.310133',1,3,'21',0,1,NULL,0,'2018-03-12 04:58:42.264884'),(1089,NULL,33.000000000000000,'2018-03-12 04:03:49.838295',6,3,'29',0,1,NULL,1,'2018-03-12 04:52:11.608377'),(1090,NULL,62.000000000000000,'2018-03-12 04:12:09.848604',1,3,'34',0,1,NULL,0,'2018-03-12 10:33:37.699241'),(1091,NULL,38.000000000000000,'2018-03-12 04:30:11.766146',1,3,'28',0,1,NULL,1,'2018-03-12 05:29:35.630806'),(1092,NULL,28.000000000000000,'2018-03-12 04:30:13.519582',1,3,'32',0,1,NULL,1,'2018-03-12 05:29:45.618577'),(1093,NULL,72.000000000000000,'2018-03-12 04:31:06.622824',1,3,'22',0,1,NULL,0,'2018-03-12 08:35:45.687745'),(1094,NULL,92.000000000000000,'2018-03-12 04:44:46.195576',1,3,'20',0,1,NULL,0,'2018-03-12 10:28:51.090767'),(1095,NULL,72.000000000000000,'2018-03-12 04:50:09.972672',1,3,'35',0,1,NULL,0,'2018-03-12 10:29:00.848591'),(1096,NULL,138.000000000000000,'2018-03-12 04:54:24.285696',7,3,'18',0,1,NULL,1,'2018-03-12 07:22:20.311331'),(1097,NULL,57.000000000000000,'2018-03-12 04:59:18.995949',1,3,'14',0,1,NULL,0,'2018-03-12 07:16:25.197159'),(1098,NULL,57.000000000000000,'2018-03-12 04:59:21.454585',1,3,'7',0,1,NULL,0,'2018-03-12 07:16:40.666430'),(1099,NULL,32.000000000000000,'2018-03-12 05:04:21.669335',1,3,'28',0,1,NULL,0,'2018-03-12 06:33:32.137845'),(1100,NULL,32.000000000000000,'2018-03-12 05:26:09.819839',6,3,'1',0,1,NULL,0,'2018-03-12 06:34:17.043631'),(1101,NULL,32.000000000000000,'2018-03-12 05:26:12.570653',6,3,'29',0,1,NULL,0,'2018-03-12 06:44:16.770357'),(1102,NULL,47.000000000000000,'2018-03-12 05:34:40.267069',6,3,'5',0,1,NULL,0,'2018-03-12 09:52:37.692870'),(1103,NULL,37.000000000000000,'2018-03-12 05:34:42.177426',6,3,'16',0,1,NULL,0,'2018-03-12 09:52:26.243087'),(1104,NULL,22.000000000000000,'2018-03-12 05:34:43.873902',6,3,'2',0,1,NULL,0,'2018-03-12 09:52:15.204751'),(1105,NULL,82.000000000000000,'2018-03-12 05:42:29.114233',1,3,'38',0,1,NULL,0,'2018-03-12 10:01:52.837863'),(1106,NULL,68.000000000000000,'2018-03-12 05:43:32.872597',1,3,'9',0,1,NULL,1,'2018-03-12 07:10:21.398310'),(1107,NULL,77.000000000000000,'2018-03-12 05:56:34.992619',6,3,'21',0,1,NULL,0,'2018-03-12 07:07:38.327460'),(1108,NULL,32.000000000000000,'2018-03-12 06:01:10.796748',1,3,'24',0,1,NULL,0,'2018-03-12 10:10:39.216576'),(1109,'陆赟',48.000000000000000,'2018-03-12 06:15:53.165813',2,3,'31',0,1,25,1,'2018-03-12 07:40:08.017957'),(1110,'陆赟',18.000000000000000,'2018-03-12 06:15:55.949989',2,3,'24',0,1,25,1,'2018-03-12 07:41:49.177659'),(1111,'陆赟',18.000000000000000,'2018-03-12 06:15:57.657151',2,3,'28',0,1,25,1,'2018-03-12 07:41:03.015485'),(1112,NULL,22.000000000000000,'2018-03-12 06:16:02.774577',6,3,'18',0,1,NULL,0,'2018-03-12 08:56:01.384578'),(1113,NULL,22.000000000000000,'2018-03-12 06:16:04.774195',1,3,'4',0,1,NULL,0,'2018-03-12 08:56:13.520423'),(1114,NULL,88.000000000000000,'2018-03-12 06:23:50.279037',6,3,'14',0,1,NULL,1,'2018-03-12 08:15:26.892492'),(1115,NULL,68.000000000000000,'2018-03-12 06:26:10.147192',6,3,'7',0,1,NULL,1,'2018-03-12 08:23:16.288212'),(1116,NULL,57.000000000000000,'2018-03-12 06:35:04.862818',1,3,'31',0,1,NULL,0,'2018-03-12 08:27:19.207222'),(1117,NULL,32.000000000000000,'2018-03-12 06:49:05.974673',6,3,'1',0,1,NULL,0,'2018-03-12 07:24:49.700555'),(1118,NULL,32.000000000000000,'2018-03-12 07:03:02.620960',1,3,'28',0,1,NULL,0,'2018-03-12 07:44:05.229646'),(1119,NULL,0.000000000000000,'2018-03-12 07:26:28.034053',1,3,'15',0,1,NULL,1,'2018-03-12 08:43:46.538239'),(1120,NULL,42.000000000000000,'2018-03-12 07:34:52.585595',6,3,'14',0,1,NULL,0,'2018-03-12 09:30:13.014794'),(1121,NULL,52.000000000000000,'2018-03-12 07:34:53.758347',6,3,'21',0,1,NULL,0,'2018-03-12 09:29:59.771688'),(1122,NULL,37.000000000000000,'2018-03-12 07:42:31.683518',1,3,'64',0,1,NULL,0,'2018-03-12 10:24:06.533485'),(1123,NULL,52.000000000000000,'2018-03-12 08:08:14.794661',6,3,'7',0,1,NULL,0,'2018-03-12 08:42:43.624063'),(1124,NULL,18.000000000000000,'2018-03-12 09:06:12.183581',1,3,'18',0,1,NULL,1,'2018-03-12 10:17:21.013165'),(1125,NULL,25.000000000000000,'2018-03-12 09:14:19.387228',1,3,'31',0,1,NULL,0,'2018-03-12 09:21:58.066213'),(1126,NULL,38.000000000000000,'2018-03-12 09:14:25.948090',1,3,'28',0,1,NULL,1,'2018-03-12 10:20:16.386802'),(1127,NULL,68.000000000000000,'2018-03-12 09:14:28.653566',1,3,'24',0,1,NULL,1,'2018-03-12 10:30:49.062673'),(1128,NULL,28.000000000000000,'2018-03-12 09:14:31.012059',1,3,'15',0,1,NULL,1,'2018-03-12 10:30:59.483754'),(1129,NULL,20.000000000000000,'2018-03-12 10:09:11.717485',1,3,'7',0,1,NULL,0,'2018-03-12 11:32:03.675025'),(1130,'于兆平',32.000000000000000,'2018-03-12 10:21:27.085825',2,3,'16',0,1,75,0,'2018-03-12 10:59:26.295381'),(1131,NULL,18.000000000000000,'2018-03-12 10:24:15.799816',1,3,'14',0,1,NULL,1,'2018-03-12 11:35:03.229934'),(1132,NULL,48.000000000000000,'2018-03-12 10:55:39.014142',7,3,'18',0,1,NULL,1,'2018-03-12 13:17:49.447851'),(1133,NULL,32.000000000000000,'2018-03-12 10:55:42.119419',7,3,'20',0,1,NULL,0,'2018-03-12 13:18:07.122941'),(1134,NULL,47.000000000000000,'2018-03-12 11:11:34.949621',1,3,'1',0,1,NULL,0,'2018-03-12 13:01:00.469338'),(1135,NULL,22.000000000000000,'2018-03-12 11:25:18.590239',6,3,'14',0,1,NULL,0,'2018-03-12 12:18:10.533789'),(1136,'陈健',20.000000000000000,'2018-03-12 12:15:25.892170',2,3,'59',0,1,3,0,'2018-03-12 12:51:58.205737'),(1137,NULL,32.000000000000000,'2018-03-13 00:00:26.364280',1,2,'7',0,1,NULL,0,'2018-03-13 00:53:01.958105'),(1138,'张立成',32.000000000000000,'2018-03-13 00:00:27.988233',2,2,'34',0,1,97,0,'2018-03-13 01:53:50.128140'),(1139,NULL,32.000000000000000,'2018-03-13 00:16:17.461199',1,2,'35',0,1,NULL,0,'2018-03-13 00:56:35.859475'),(1140,NULL,28.000000000000000,'2018-03-13 00:53:32.537708',1,2,'25',0,1,NULL,1,'2018-03-13 01:56:35.365115'),(1141,NULL,52.000000000000000,'2018-03-13 00:54:12.696722',1,2,'20',0,1,NULL,0,'2018-03-13 01:38:50.008791'),(1142,NULL,0.000000000000000,'2018-03-13 00:58:38.506243',1,2,'7',0,1,NULL,0,'2018-03-13 02:03:42.175932'),(1143,NULL,0.000000000000000,'2018-03-13 00:58:39.617253',1,2,'14',0,1,NULL,0,'2018-03-13 02:06:39.472776'),(1144,NULL,51.000000000000000,'2018-03-13 01:09:55.369475',1,2,'21',0,1,NULL,0,'2018-03-13 07:00:26.208076'),(1145,NULL,0.000000000000000,'2018-03-13 01:39:55.266163',1,2,'2',0,1,NULL,0,'2018-03-13 02:04:17.420856'),(1146,NULL,72.000000000000000,'2018-03-13 01:43:21.618696',6,2,'35',0,1,NULL,0,'2018-03-13 04:02:16.629432'),(1147,NULL,62.000000000000000,'2018-03-13 01:57:16.240489',1,2,'28',0,1,NULL,0,'2018-03-13 04:31:20.355021'),(1148,NULL,22.000000000000000,'2018-03-13 02:19:34.402028',1,2,'14',0,1,NULL,0,'2018-03-13 03:08:26.572150'),(1149,NULL,18.000000000000000,'2018-03-13 02:48:04.972384',1,2,'31',0,1,NULL,1,'2018-03-13 03:47:18.856967'),(1150,NULL,32.000000000000000,'2018-03-13 03:06:16.235344',6,2,'34',0,1,NULL,0,'2018-03-13 04:02:20.202143'),(1151,NULL,32.000000000000000,'2018-03-13 04:10:12.745227',1,2,'29',0,1,NULL,0,'2018-03-13 07:36:28.045080'),(1152,NULL,22.000000000000000,'2018-03-13 05:19:17.571208',6,2,'28',0,1,NULL,0,'2018-03-13 07:39:17.102339'),(1153,NULL,57.000000000000000,'2018-03-13 05:19:21.272526',1,2,'14',0,1,NULL,0,'2018-03-13 08:20:52.910128'),(1154,NULL,72.000000000000000,'2018-03-13 05:19:24.992460',1,2,'20',0,1,NULL,0,'2018-03-13 08:20:34.494487'),(1155,'王明水2',72.000000000000000,'2018-03-13 05:19:31.361390',2,2,'2',0,1,52,0,'2018-03-13 08:51:33.447421'),(1156,NULL,0.000000000000000,'2018-03-13 05:19:32.235991',1,2,'7',0,1,NULL,0,'2018-03-13 06:53:37.664935'),(1157,NULL,0.000000000000000,'2018-03-13 05:19:35.811854',1,2,'1',0,1,NULL,0,'2018-03-13 06:53:34.003927'),(1158,'王明水2',32.000000000000000,'2018-03-13 05:19:40.971954',2,2,'22',0,1,52,0,'2018-03-13 08:52:22.298237'),(1159,'李传刚',22.000000000000000,'2018-03-13 05:19:50.611882',2,2,'34',0,1,104,0,'2018-03-13 07:59:57.386726'),(1160,'李传刚',22.000000000000000,'2018-03-13 05:19:51.187628',2,2,'35',0,1,104,0,'2018-03-13 08:00:56.807779'),(1161,NULL,68.000000000000000,'2018-03-13 05:53:06.254981',1,2,'28',0,1,NULL,1,'2018-03-13 07:01:56.418130'),(1162,NULL,18.000000000000000,'2018-03-13 05:53:07.260461',1,2,'31',0,1,NULL,1,'2018-03-13 07:01:37.805916'),(1163,'吕冰河369',67.000000000000000,'2018-03-13 06:08:07.286395',2,2,'57',0,1,74,0,'2018-03-13 07:03:23.126969'),(1164,NULL,0.000000000000000,'2018-03-13 06:10:51.806664',NULL,2,'16',1,0,NULL,0,NULL),(1165,NULL,0.000000000000000,'2018-03-13 06:10:53.606342',NULL,2,'38',1,0,NULL,0,NULL),(1166,NULL,18.000000000000000,'2018-03-13 06:20:40.779174',1,2,'32',0,1,NULL,1,'2018-03-13 07:59:30.796111'),(1167,NULL,28.000000000000000,'2018-03-13 06:20:42.731202',1,2,'18',0,1,NULL,1,'2018-03-13 07:59:38.839540'),(1168,NULL,87.000000000000000,'2018-03-13 06:33:14.178034',1,2,'16',0,1,NULL,0,'2018-03-13 08:31:16.345025'),(1169,NULL,72.000000000000000,'2018-03-13 06:33:15.111182',1,2,'24',0,1,NULL,0,'2018-03-13 08:31:37.012164'),(1170,NULL,0.000000000000000,'2018-03-13 06:52:06.885195',1,2,'38',0,1,NULL,0,'2018-03-13 09:49:32.206806'),(1171,NULL,48.000000000000000,'2018-03-13 07:10:38.551586',6,2,'15',0,1,NULL,1,'2018-03-13 09:27:45.960415'),(1172,NULL,52.000000000000000,'2018-03-13 07:16:26.087724',1,2,'7',0,1,NULL,0,'2018-03-13 09:39:58.950346'),(1173,NULL,52.000000000000000,'2018-03-13 07:16:27.399891',1,2,'17',0,1,NULL,0,'2018-03-13 09:40:04.136768'),(1174,NULL,87.000000000000000,'2018-03-13 07:16:28.538599',1,2,'21',0,1,NULL,0,'2018-03-13 09:40:09.711546'),(1175,NULL,28.000000000000000,'2018-03-13 07:21:37.365919',1,2,'31',0,1,NULL,1,'2018-03-13 09:31:56.769409'),(1176,NULL,22.000000000000000,'2018-03-13 07:22:03.627509',1,2,'1',0,1,NULL,0,'2018-03-13 09:11:16.357039'),(1177,NULL,82.000000000000000,'2018-03-13 07:24:46.931518',1,2,'10',0,1,NULL,0,'2018-03-13 08:49:05.131231'),(1178,NULL,28.000000000000000,'2018-03-13 07:25:24.370718',1,2,'24',0,1,NULL,1,'2018-03-13 09:27:21.646791'),(1179,NULL,52.000000000000000,'2018-03-13 07:27:28.362338',1,2,'31',0,1,NULL,0,'2018-03-13 08:49:18.412094'),(1180,NULL,32.000000000000000,'2018-03-13 07:36:39.244232',1,2,'4',0,1,NULL,0,'2018-03-13 08:48:56.981331'),(1181,NULL,43.000000000000000,'2018-03-13 08:47:45.285234',6,2,'28',0,1,NULL,1,'2018-03-13 10:17:21.333786'),(1182,NULL,32.000000000000000,'2018-03-13 08:55:52.746923',1,2,'29',0,1,NULL,0,'2018-03-13 10:25:58.340617'),(1183,NULL,87.000000000000000,'2018-03-13 08:56:50.173831',7,2,'28',0,1,NULL,0,'2018-03-13 10:22:03.469695'),(1184,NULL,32.000000000000000,'2018-03-13 09:43:52.245097',6,2,'16',0,1,NULL,0,'2018-03-13 10:24:12.956798'),(1185,NULL,18.000000000000000,'2018-03-13 09:44:30.119993',1,2,'14',0,1,NULL,1,'2018-03-13 12:46:24.146746'),(1186,NULL,28.000000000000000,'2018-03-13 09:44:31.423883',1,2,'24',0,1,NULL,1,'2018-03-13 10:47:13.189987'),(1187,NULL,62.000000000000000,'2018-03-13 10:05:57.929616',1,2,'14',0,1,NULL,0,'2018-03-13 11:30:56.515132'),(1188,NULL,83.000000000000000,'2018-03-13 10:19:04.712360',1,2,'7',0,1,NULL,1,'2018-03-13 11:51:04.622346'),(1189,NULL,82.000000000000000,'2018-03-13 10:19:05.669580',1,2,'7',0,1,NULL,0,'2018-03-13 11:47:59.593102'),(1190,NULL,57.000000000000000,'2018-03-13 10:19:06.720535',1,2,'20',0,1,NULL,0,'2018-03-13 11:47:26.415296'),(1191,NULL,37.000000000000000,'2018-03-13 11:04:10.495019',1,2,'28',0,1,NULL,0,'2018-03-13 12:24:18.090799'),(1192,'李广盛',33.000000000000000,'2018-03-13 11:10:15.465113',2,2,'18',0,1,76,1,'2018-03-13 12:37:16.009919'),(1193,'李广盛',28.000000000000000,'2018-03-13 11:10:16.845325',2,2,'31',0,1,76,1,'2018-03-13 12:38:06.760116'),(1194,NULL,82.000000000000000,'2018-03-13 11:11:35.904804',7,2,'21',0,1,NULL,0,'2018-03-13 12:47:47.128124'),(1195,NULL,18.000000000000000,'2018-03-13 11:11:37.810117',7,2,'24',0,1,NULL,1,'2018-03-13 12:47:51.599495'),(1196,NULL,22.000000000000000,'2018-03-13 11:52:54.662565',6,2,'34',0,1,NULL,0,'2018-03-13 12:31:01.478396'),(1197,NULL,37.000000000000000,'2018-03-13 11:52:56.137239',6,2,'20',0,1,NULL,0,'2018-03-13 12:31:11.310618'),(1198,NULL,22.000000000000000,'2018-03-13 23:59:22.551530',1,3,'7',0,1,NULL,0,'2018-03-14 02:04:14.185179'),(1199,'邱玲',30.000000000000000,'2018-03-14 00:04:59.937759',2,3,'21',0,1,18,0,'2018-03-14 01:34:40.910347'),(1200,NULL,30.000000000000000,'2018-03-14 00:51:21.700779',1,3,'14',0,1,NULL,0,'2018-03-14 02:12:01.152620'),(1201,NULL,22.000000000000000,'2018-03-14 01:14:53.642137',6,3,'38',0,1,NULL,0,'2018-03-14 02:08:10.595520'),(1202,NULL,68.000000000000000,'2018-03-14 01:20:36.612650',6,3,'31',0,1,NULL,1,'2018-03-14 02:41:32.363353'),(1203,NULL,87.000000000000000,'2018-03-14 01:23:59.865271',1,3,'20',0,1,NULL,0,'2018-03-14 03:29:52.892803'),(1204,NULL,22.000000000000000,'2018-03-14 01:43:25.570003',1,3,'34',0,1,NULL,0,'2018-03-14 03:32:01.614871'),(1205,NULL,62.000000000000000,'2018-03-14 01:59:38.070879',1,3,'35',0,1,NULL,0,'2018-03-14 03:17:33.663206'),(1206,NULL,28.000000000000000,'2018-03-14 03:05:53.685069',6,3,'7',0,1,NULL,1,'2018-03-14 05:01:43.500473'),(1207,NULL,37.000000000000000,'2018-03-14 03:05:58.194102',6,3,'14',0,1,NULL,0,'2018-03-14 05:02:20.896213'),(1208,NULL,37.000000000000000,'2018-03-14 03:06:00.778153',6,3,'28',0,1,NULL,0,'2018-03-14 05:01:31.792308'),(1209,NULL,22.000000000000000,'2018-03-14 04:25:54.579296',6,3,'20',0,1,NULL,0,'2018-03-14 08:05:29.717814'),(1210,NULL,22.000000000000000,'2018-03-14 04:25:56.484199',6,3,'2',0,1,NULL,0,'2018-03-14 08:05:20.001906'),(1211,'陈岩',52.000000000000000,'2018-03-14 04:43:35.037518',2,3,'34',0,1,64,0,'2018-03-14 08:39:39.133525'),(1212,NULL,0.000000000000000,'2018-03-14 05:02:42.381837',1,3,'28',0,1,NULL,1,'2018-03-14 07:38:21.158644'),(1213,NULL,0.000000000000000,'2018-03-14 05:02:43.417660',1,3,'24',0,1,NULL,1,'2018-03-14 07:38:03.519922'),(1214,NULL,28.000000000000000,'2018-03-14 05:05:29.151158',1,3,'15',0,1,NULL,1,'2018-03-14 07:37:37.051625'),(1215,NULL,28.000000000000000,'2018-03-14 05:05:29.653245',1,3,'16',0,1,NULL,1,'2018-03-14 07:37:26.563420'),(1216,NULL,67.000000000000000,'2018-03-14 05:06:06.156404',1,3,'22',0,1,NULL,0,'2018-03-14 07:37:51.208060'),(1217,NULL,22.000000000000000,'2018-03-14 05:06:42.005184',6,3,'35',0,1,NULL,0,'2018-03-14 07:37:09.776880'),(1218,NULL,83.000000000000000,'2018-03-14 05:40:54.255249',1,3,'31',0,1,NULL,1,'2018-03-14 07:16:49.917062'),(1219,NULL,37.000000000000000,'2018-03-14 05:42:38.977840',1,3,'29',0,1,NULL,0,'2018-03-14 07:36:20.532162'),(1220,NULL,32.000000000000000,'2018-03-14 05:42:41.074038',1,3,'21',0,1,NULL,0,'2018-03-14 07:36:44.711148'),(1221,NULL,22.000000000000000,'2018-03-14 05:42:43.203400',1,3,'24',0,1,NULL,0,'2018-03-14 07:36:56.944152'),(1222,NULL,22.000000000000000,'2018-03-14 05:42:45.113634',1,3,'14',0,1,NULL,0,'2018-03-14 07:36:32.385765'),(1223,'林广辉',92.000000000000000,'2018-03-14 06:09:09.537287',2,3,'1',0,1,72,0,'2018-03-14 09:23:32.264265'),(1224,NULL,82.000000000000000,'2018-03-14 06:30:42.107693',6,3,'10',0,1,NULL,0,'2018-03-14 07:45:15.484978'),(1225,NULL,22.000000000000000,'2018-03-14 06:31:42.055088',1,3,'7',0,1,NULL,0,'2018-03-14 10:27:38.156459'),(1226,'林广辉',22.000000000000000,'2018-03-14 06:50:05.518031',2,3,'16',0,1,72,0,'2018-03-14 09:17:38.528428'),(1227,'林广辉',22.000000000000000,'2018-03-14 06:53:42.228592',2,3,'25',0,1,72,0,'2018-03-14 09:18:20.534976'),(1228,'林广辉',67.000000000000000,'2018-03-14 06:53:45.499314',2,3,'11',0,1,72,0,'2018-03-14 09:21:54.223423'),(1229,'林广辉',42.000000000000000,'2018-03-14 06:53:48.344291',2,3,'4',0,1,72,0,'2018-03-14 09:20:44.481749'),(1230,'林广辉',62.000000000000000,'2018-03-14 06:53:50.029974',2,3,'31',0,1,72,0,'2018-03-14 09:16:52.154528'),(1231,'林永绘',10.000000000000000,'2018-03-14 06:59:03.942803',2,3,'18',0,1,71,0,'2018-03-14 08:29:13.989751'),(1232,'林永绘',25.000000000000000,'2018-03-14 06:59:07.135041',2,3,'7',0,1,71,1,'2018-03-14 08:28:32.182477'),(1233,NULL,37.000000000000000,'2018-03-14 07:47:10.216825',6,3,'14',0,1,NULL,0,'2018-03-14 08:31:04.316405'),(1234,NULL,32.000000000000000,'2018-03-14 08:21:15.019714',1,3,'21',0,1,NULL,0,'2018-03-14 10:25:23.101159'),(1235,'曾路茗',32.000000000000000,'2018-03-14 08:48:13.226214',2,3,'20',0,1,77,0,'2018-03-14 09:58:29.625470'),(1236,NULL,0.000000000000000,'2018-03-14 08:48:16.213802',NULL,3,'14',1,0,NULL,0,NULL),(1237,NULL,10.000000000000000,'2018-03-14 08:49:38.310910',1,3,'22',0,1,NULL,0,'2018-03-14 10:23:47.947449'),(1238,'曾路茗',63.000000000000000,'2018-03-14 09:28:05.065455',2,3,'15',0,1,77,1,'2018-03-14 09:59:09.106495'),(1239,NULL,32.000000000000000,'2018-03-14 09:49:16.235206',6,3,'18',0,1,NULL,0,'2018-03-14 10:58:01.003050'),(1240,NULL,57.000000000000000,'2018-03-14 09:49:17.017538',6,3,'19',0,1,NULL,0,'2018-03-14 10:58:17.145430'),(1241,NULL,28.000000000000000,'2018-03-14 10:11:17.814012',1,3,'31',0,1,NULL,1,'2018-03-14 12:19:47.126229'),(1242,NULL,200.000000000000000,'2018-03-14 10:14:11.820466',7,3,'0',0,1,NULL,0,'2018-03-14 10:16:09.918237'),(1243,NULL,200.000000000000000,'2018-03-14 10:16:38.522898',1,3,'34',0,1,NULL,0,'2018-03-14 10:16:57.568906'),(1244,NULL,18.000000000000000,'2018-03-14 10:27:54.298664',6,3,'24',0,1,NULL,1,'2018-03-14 11:47:29.556021'),(1245,NULL,18.000000000000000,'2018-03-14 10:27:57.223476',7,3,'28',0,1,NULL,1,'2018-03-14 11:47:38.027464'),(1246,NULL,47.000000000000000,'2018-03-14 10:43:31.618511',6,3,'2',0,1,NULL,0,'2018-03-14 11:27:10.422219'),(1247,NULL,47.000000000000000,'2018-03-14 10:43:33.819477',6,3,'21',0,1,NULL,0,'2018-03-14 11:27:27.341736'),(1248,NULL,52.000000000000000,'2018-03-14 11:48:02.868030',6,3,'34',0,1,NULL,0,'2018-03-14 12:48:03.007711'),(1249,NULL,72.000000000000000,'2018-03-14 11:48:43.604749',6,3,'22',0,1,NULL,0,'2018-03-14 12:54:13.713552'),(1250,NULL,72.000000000000000,'2018-03-14 12:05:20.274452',6,3,'7',0,1,NULL,0,'2018-03-14 13:23:29.586870'),(1251,NULL,77.000000000000000,'2018-03-14 12:05:21.968751',6,3,'21',0,1,NULL,0,'2018-03-14 13:23:45.611074'),(1252,'姜振芳',32.000000000000000,'2018-03-15 00:06:40.947877',2,2,'34',0,1,9,0,'2018-03-15 01:26:36.999553'),(1253,NULL,28.000000000000000,'2018-03-15 00:10:36.936790',1,2,'28',0,1,NULL,1,'2018-03-15 01:52:59.305811'),(1254,NULL,28.000000000000000,'2018-03-15 00:26:25.189362',1,2,'7',0,1,NULL,1,'2018-03-15 01:46:21.687599'),(1255,NULL,32.000000000000000,'2018-03-15 00:30:59.299060',6,2,'20',0,1,NULL,0,'2018-03-15 01:13:39.391044'),(1256,NULL,32.000000000000000,'2018-03-15 00:48:19.717269',6,2,'35',0,1,NULL,0,'2018-03-15 02:10:16.790650'),(1257,NULL,28.000000000000000,'2018-03-15 01:11:00.593796',1,2,'8',0,1,NULL,1,'2018-03-15 01:45:03.004770'),(1258,NULL,32.000000000000000,'2018-03-15 01:31:26.896039',1,2,'20',0,1,NULL,0,'2018-03-15 03:45:24.592347'),(1259,NULL,32.000000000000000,'2018-03-15 01:31:28.221807',1,2,'21',0,1,NULL,0,'2018-03-15 03:45:30.619577'),(1260,NULL,52.000000000000000,'2018-03-15 01:33:47.929888',1,2,'7',0,1,NULL,0,'2018-03-15 03:55:58.392384'),(1261,NULL,52.000000000000000,'2018-03-15 01:33:49.712705',1,2,'29',0,1,NULL,0,'2018-03-15 03:56:03.676306'),(1262,NULL,32.000000000000000,'2018-03-15 02:15:29.224367',1,2,'14',0,1,NULL,0,'2018-03-15 06:50:25.189783'),(1263,NULL,54.000000000000000,'2018-03-15 02:56:14.036842',1,2,'35',0,1,NULL,0,'2018-03-15 04:19:23.287749'),(1264,NULL,22.000000000000000,'2018-03-15 04:13:18.788692',1,2,'52',0,1,NULL,0,'2018-03-15 07:29:23.190398'),(1265,NULL,22.000000000000000,'2018-03-15 04:13:21.046661',1,2,'57',0,1,NULL,0,'2018-03-15 07:29:27.374019'),(1266,NULL,22.000000000000000,'2018-03-15 04:53:05.230928',1,2,'29',0,1,NULL,0,'2018-03-15 06:29:01.738440'),(1267,NULL,28.000000000000000,'2018-03-15 04:55:13.079418',1,2,'7',0,1,NULL,1,'2018-03-15 06:09:28.711411'),(1268,NULL,52.000000000000000,'2018-03-15 04:56:04.724358',1,2,'7',0,1,NULL,0,'2018-03-15 06:09:23.178534'),(1269,NULL,77.000000000000000,'2018-03-15 05:05:33.649910',1,2,'34',0,1,NULL,0,'2018-03-15 07:12:09.730895'),(1270,NULL,112.000000000000000,'2018-03-15 05:09:49.506852',1,2,'49',0,1,NULL,0,'2018-03-15 07:45:42.615377'),(1271,NULL,57.000000000000000,'2018-03-15 05:12:02.279535',1,2,'35',0,1,NULL,0,'2018-03-15 09:12:20.707794'),(1272,NULL,28.000000000000000,'2018-03-15 05:17:31.918390',1,2,'14',0,1,NULL,1,'2018-03-15 07:32:29.145725'),(1273,NULL,28.000000000000000,'2018-03-15 05:17:56.904021',1,2,'18',0,1,NULL,1,'2018-03-15 07:32:33.951802'),(1274,NULL,123.000000000000000,'2018-03-15 05:29:02.387796',1,2,'31',0,1,NULL,1,'2018-03-15 10:32:19.980697'),(1275,NULL,68.000000000000000,'2018-03-15 05:44:23.753749',1,2,'32',0,1,NULL,1,'2018-03-15 07:47:37.369641'),(1276,NULL,42.000000000000000,'2018-03-15 05:54:49.422579',1,2,'2',0,1,NULL,0,'2018-03-15 09:39:28.472485'),(1277,NULL,22.000000000000000,'2018-03-15 05:54:50.931545',1,2,'20',0,1,NULL,0,'2018-03-15 09:39:22.899719'),(1278,NULL,37.000000000000000,'2018-03-15 06:10:13.873658',1,2,'31',0,1,NULL,0,'2018-03-15 07:40:30.485181'),(1279,NULL,28.000000000000000,'2018-03-15 06:10:27.285120',1,2,'24',0,1,NULL,1,'2018-03-15 07:40:41.421474'),(1280,NULL,58.000000000000000,'2018-03-15 06:46:06.255760',1,2,'38',0,1,NULL,1,'2018-03-15 09:20:14.633135'),(1281,NULL,10.000000000000000,'2018-03-15 08:51:41.939779',1,2,'29',0,1,NULL,1,'2018-03-15 08:51:58.985297'),(1282,NULL,22.000000000000000,'2018-03-15 09:00:02.105227',1,2,'7',0,1,NULL,0,'2018-03-15 09:00:11.031229'),(1283,NULL,52.000000000000000,'2018-03-15 09:00:47.102984',1,2,'34',0,1,NULL,0,'2018-03-15 10:38:03.862270'),(1284,NULL,32.000000000000000,'2018-03-15 10:21:02.565149',1,2,'35',0,1,NULL,0,'2018-03-15 11:10:58.872989'),(1285,NULL,52.000000000000000,'2018-03-15 10:43:10.216079',1,2,'34',0,1,NULL,0,'2018-03-15 12:36:16.116670'),(1286,NULL,37.000000000000000,'2018-03-15 10:50:35.713104',7,2,'21',0,1,NULL,0,'2018-03-15 11:48:31.069867'),(1287,NULL,22.000000000000000,'2018-03-15 11:18:29.235386',1,2,'35',0,1,NULL,0,'2018-03-15 11:38:54.383803'),(1288,NULL,18.000000000000000,'2018-03-15 11:32:13.281590',1,2,'18',0,1,NULL,1,'2018-03-15 12:45:09.610816'),(1289,NULL,22.000000000000000,'2018-03-15 11:57:10.356172',1,2,'16',0,1,NULL,0,'2018-03-15 12:19:27.327533'),(1290,NULL,20.000000000000000,'2018-03-15 12:07:11.353731',1,2,'20',0,1,NULL,0,'2018-03-15 12:40:13.477834'),(1291,NULL,20.000000000000000,'2018-03-15 12:07:12.832372',1,2,'35',0,1,NULL,0,'2018-03-15 12:40:17.903558'),(1292,NULL,72.000000000000000,'2018-03-15 12:08:03.174517',1,2,'7',0,1,NULL,0,'2018-03-15 13:28:35.960411'),(1293,NULL,28.000000000000000,'2018-03-15 12:17:38.493407',6,2,'7',0,1,NULL,1,'2018-03-15 12:43:32.821235'),(1294,NULL,10.000000000000000,'2018-03-15 13:33:52.171577',1,2,'16',0,1,NULL,0,'2018-03-15 13:34:13.389780'),(1295,NULL,32.000000000000000,'2018-03-16 00:11:28.647216',1,3,'20',0,1,NULL,0,'2018-03-16 03:18:42.275753'),(1296,NULL,0.000000000000000,'2018-03-16 00:13:43.826017',NULL,3,'31',1,0,NULL,1,NULL),(1297,NULL,28.000000000000000,'2018-03-16 00:15:15.922357',1,3,'32',0,1,NULL,1,'2018-03-16 01:49:00.320731'),(1298,NULL,32.000000000000000,'2018-03-16 00:53:47.244130',1,3,'21',0,1,NULL,0,'2018-03-16 01:42:57.569600'),(1299,NULL,0.000000000000000,'2018-03-16 01:28:40.075171',1,3,'34',0,1,NULL,0,'2018-03-16 02:46:45.064880'),(1300,NULL,28.000000000000000,'2018-03-16 01:28:43.318678',1,3,'14',0,1,NULL,1,'2018-03-16 02:33:24.464337'),(1301,NULL,43.000000000000000,'2018-03-16 01:39:24.865104',1,3,'7',0,1,NULL,1,'2018-03-16 03:13:49.829347'),(1302,NULL,200.000000000000000,'2018-03-16 02:56:51.811625',1,3,'0',0,1,NULL,0,'2018-03-16 02:58:56.673829'),(1303,NULL,200.000000000000000,'2018-03-16 02:59:09.381522',1,3,'0',0,1,NULL,1,'2018-03-16 02:59:20.242296'),(1304,NULL,47.000000000000000,'2018-03-16 03:04:33.858989',6,3,'29',0,1,NULL,0,'2018-03-16 04:04:58.394284'),(1305,NULL,58.000000000000000,'2018-03-16 03:04:38.404402',6,3,'14',0,1,NULL,1,'2018-03-16 04:04:33.280252'),(1306,NULL,73.000000000000000,'2018-03-16 03:42:55.088668',6,3,'18',0,1,NULL,1,'2018-03-16 06:07:29.934277'),(1307,NULL,33.000000000000000,'2018-03-16 04:39:12.200503',1,3,'9',0,1,NULL,1,'2018-03-16 13:00:00.598907'),(1308,NULL,22.000000000000000,'2018-03-16 04:39:14.561610',6,3,'7',0,1,NULL,0,'2018-03-16 05:13:25.755677'),(1309,NULL,0.000000000000000,'2018-03-16 05:11:24.886210',1,3,'34',0,1,NULL,0,'2018-03-16 07:39:54.541065'),(1310,NULL,45.000000000000000,'2018-03-16 05:11:27.120777',1,3,'6',0,1,NULL,0,'2018-03-16 07:39:43.389010'),(1311,NULL,25.000000000000000,'2018-03-16 05:11:29.596088',1,3,'14',0,1,NULL,0,'2018-03-16 07:39:31.625133'),(1312,NULL,40.000000000000000,'2018-03-16 05:11:32.246105',1,3,'35',0,1,NULL,0,'2018-03-16 07:40:05.577444'),(1313,NULL,57.000000000000000,'2018-03-16 06:11:53.682482',1,3,'1',0,1,NULL,0,'2018-03-16 07:24:48.540780'),(1314,NULL,32.000000000000000,'2018-03-16 06:24:55.019771',1,3,'7',0,1,NULL,0,'2018-03-16 08:25:31.125659'),(1315,NULL,62.000000000000000,'2018-03-16 06:31:17.764458',1,3,'29',0,1,NULL,0,'2018-03-16 09:34:19.081949'),(1316,NULL,52.000000000000000,'2018-03-16 06:31:19.507499',1,3,'20',0,1,NULL,0,'2018-03-16 09:30:08.025306'),(1317,NULL,67.000000000000000,'2018-03-16 06:31:20.767097',1,3,'21',0,1,NULL,0,'2018-03-16 09:34:08.526959'),(1318,NULL,10.000000000000000,'2018-03-16 06:35:46.891043',1,3,'22',0,1,NULL,0,'2018-03-16 09:06:06.722132'),(1319,NULL,62.000000000000000,'2018-03-16 06:45:39.282916',6,3,'16',0,1,NULL,0,'2018-03-16 08:23:17.492146'),(1320,NULL,52.000000000000000,'2018-03-16 06:50:16.493927',1,3,'24',0,1,NULL,0,'2018-03-16 08:54:34.990530'),(1321,NULL,32.000000000000000,'2018-03-16 06:59:10.085650',1,3,'57',0,1,NULL,0,'2018-03-16 09:08:51.725809'),(1322,NULL,81.000000000000000,'2018-03-16 06:59:15.163718',1,3,'38',0,1,NULL,1,'2018-03-16 09:08:37.279385'),(1323,'赵学军',10.000000000000000,'2018-03-16 07:08:39.263472',2,3,'38',0,1,41,0,'2018-03-16 09:46:12.066803'),(1324,'赵学军',50.000000000000000,'2018-03-16 07:08:42.214864',2,3,'17',0,1,41,0,'2018-03-16 09:46:58.809336'),(1325,'赵学军',10.000000000000000,'2018-03-16 07:08:44.703618',2,3,'31',0,1,41,1,'2018-03-16 09:47:41.251981'),(1326,NULL,72.000000000000000,'2018-03-16 07:20:11.394242',1,3,'25',0,1,NULL,0,'2018-03-16 10:10:36.771492'),(1327,NULL,62.000000000000000,'2018-03-16 07:23:02.184066',1,3,'31',0,1,NULL,0,'2018-03-16 10:10:20.554952'),(1328,'王朝',68.000000000000000,'2018-03-16 07:24:56.208324',2,3,'15',0,1,98,1,'2018-03-16 09:07:31.145618'),(1329,NULL,22.000000000000000,'2018-03-16 07:30:20.306099',1,3,'1',0,1,NULL,0,'2018-03-16 09:34:27.508540'),(1330,'陈健',22.000000000000000,'2018-03-16 07:45:22.849981',2,3,'64',0,1,3,0,'2018-03-16 09:51:40.756304'),(1331,'陈健',0.000000000000000,'2018-03-16 07:45:28.397729',2,3,'71',0,1,3,0,'2018-03-16 09:52:20.876616'),(1332,NULL,32.000000000000000,'2018-03-16 07:52:07.658677',6,3,'34',0,1,NULL,0,'2018-03-16 09:05:39.880227'),(1333,NULL,37.000000000000000,'2018-03-16 07:52:08.565104',6,3,'35',0,1,NULL,0,'2018-03-16 09:05:57.345039'),(1334,NULL,0.000000000000000,'2018-03-16 08:43:37.473240',NULL,3,'18',1,0,NULL,0,NULL),(1335,NULL,52.000000000000000,'2018-03-16 08:47:47.574882',1,3,'7',0,1,NULL,0,'2018-03-16 10:32:57.204214'),(1336,NULL,18.000000000000000,'2018-03-16 08:52:12.592128',6,3,'24',0,1,NULL,1,'2018-03-16 10:03:57.915123'),(1337,NULL,18.000000000000000,'2018-03-16 08:52:13.639229',6,3,'28',0,1,NULL,1,'2018-03-16 10:04:08.639586'),(1338,NULL,18.000000000000000,'2018-03-16 09:11:51.944957',6,3,'7',0,1,NULL,1,'2018-03-16 11:16:04.439622'),(1339,NULL,18.000000000000000,'2018-03-16 09:11:52.504454',6,3,'8',0,1,NULL,1,'2018-03-16 11:16:10.106002'),(1340,NULL,22.000000000000000,'2018-03-16 09:15:10.219161',6,3,'22',0,1,NULL,0,'2018-03-16 09:56:48.078335'),(1341,NULL,28.000000000000000,'2018-03-16 09:22:12.269720',1,3,'18',0,1,NULL,1,'2018-03-16 09:54:33.944148'),(1342,NULL,38.000000000000000,'2018-03-16 09:26:55.976313',1,3,'14',0,1,NULL,1,'2018-03-16 11:19:40.861535'),(1343,NULL,18.000000000000000,'2018-03-16 09:26:56.549810',1,3,'15',0,1,NULL,1,'2018-03-16 11:19:52.328945'),(1344,NULL,32.000000000000000,'2018-03-16 09:29:52.928966',6,3,'14',0,1,NULL,0,'2018-03-16 10:57:51.513839'),(1345,NULL,37.000000000000000,'2018-03-16 09:30:13.372874',6,3,'20',0,1,NULL,0,'2018-03-16 10:53:53.666501'),(1346,'陈健',22.000000000000000,'2018-03-16 09:55:05.149848',2,3,'71',0,1,3,0,'2018-03-16 09:55:42.376469'),(1347,NULL,42.000000000000000,'2018-03-16 09:59:05.368979',1,3,'1',0,1,NULL,0,'2018-03-16 12:11:16.049184'),(1348,NULL,22.000000000000000,'2018-03-16 10:10:48.068096',1,3,'34',0,1,NULL,0,'2018-03-16 11:29:16.085628'),(1349,NULL,22.000000000000000,'2018-03-16 10:10:48.613423',1,3,'35',0,1,NULL,0,'2018-03-16 11:29:20.116301'),(1350,NULL,18.000000000000000,'2018-03-16 10:44:41.870387',1,3,'18',0,1,NULL,1,'2018-03-16 11:14:58.703164'),(1351,NULL,0.000000000000000,'2018-03-16 11:00:18.280139',NULL,3,'16',1,0,NULL,0,NULL),(1352,NULL,68.000000000000000,'2018-03-16 11:00:27.193550',1,3,'16',0,1,NULL,1,'2018-03-16 13:04:31.936760'),(1353,NULL,18.000000000000000,'2018-03-16 11:03:40.320696',1,3,'31',0,1,NULL,1,'2018-03-16 12:53:56.764704'),(1354,NULL,78.000000000000000,'2018-03-16 11:03:41.616875',1,3,'32',0,1,NULL,1,'2018-03-16 12:54:08.758706'),(1355,NULL,68.000000000000000,'2018-03-16 11:15:44.269194',1,3,'28',0,1,NULL,1,'2018-03-16 13:06:55.486005'),(1356,NULL,32.000000000000000,'2018-03-16 11:15:45.640767',1,3,'21',0,1,NULL,0,'2018-03-16 13:07:10.716137'),(1357,NULL,32.000000000000000,'2018-03-16 11:17:46.257719',6,3,'20',0,1,NULL,0,'2018-03-16 12:29:27.727996'),(1358,NULL,18.000000000000000,'2018-03-16 11:19:32.878538',1,3,'18',0,1,NULL,1,'2018-03-16 12:55:02.086418'),(1359,NULL,37.000000000000000,'2018-03-16 11:34:35.756877',7,3,'7',0,1,NULL,0,'2018-03-16 12:29:40.543778'),(1360,NULL,22.000000000000000,'2018-03-16 11:46:12.163626',1,3,'29',0,1,NULL,0,'2018-03-16 12:46:52.629338'),(1361,NULL,18.000000000000000,'2018-03-16 11:46:15.493901',1,3,'7',0,1,NULL,1,'2018-03-16 12:46:39.291860'),(1362,NULL,0.000000000000000,'2018-03-16 11:46:16.210095',NULL,3,'1',1,0,NULL,1,NULL),(1363,NULL,18.000000000000000,'2018-03-16 11:46:28.804503',1,3,'8',0,1,NULL,1,'2018-03-16 12:46:28.334712'),(1364,NULL,47.000000000000000,'2018-03-16 11:54:50.233180',6,3,'34',0,1,NULL,0,'2018-03-16 12:46:16.427175'),(1365,'李凤',50.000000000000000,'2018-03-16 12:20:25.471945',2,3,'14',0,1,17,1,'2018-03-16 13:48:14.590206'),(1366,'陈健',20.000000000000000,'2018-03-16 13:00:12.583996',2,3,'59',0,1,3,0,'2018-03-16 13:03:14.279928'),(1367,NULL,0.000000000000000,'2018-03-16 13:02:52.269344',NULL,3,'76',1,0,NULL,0,NULL),(1368,NULL,22.000000000000000,'2018-03-17 00:08:43.380436',1,2,'22',0,1,NULL,0,'2018-03-17 03:50:38.280618'),(1369,NULL,57.000000000000000,'2018-03-17 00:44:34.680869',6,2,'16',0,1,NULL,0,'2018-03-17 01:33:31.646235'),(1370,'王帅',43.000000000000000,'2018-03-17 00:44:38.965832',2,2,'28',0,1,53,1,'2018-03-17 01:36:15.587245'),(1371,'王帅',43.000000000000000,'2018-03-17 00:44:39.790009',2,2,'31',0,1,53,1,'2018-03-17 01:37:19.057887'),(1372,NULL,52.000000000000000,'2018-03-17 00:52:21.303480',1,2,'34',0,1,NULL,0,'2018-03-17 02:11:55.062616'),(1373,NULL,22.000000000000000,'2018-03-17 00:55:51.833601',1,2,'14',0,1,NULL,0,'2018-03-17 03:22:34.660661'),(1374,NULL,32.000000000000000,'2018-03-17 01:00:37.449053',1,2,'20',0,1,NULL,0,'2018-03-17 03:08:44.479207'),(1375,NULL,52.000000000000000,'2018-03-17 01:00:39.428268',1,2,'7',0,1,NULL,0,'2018-03-17 03:08:51.989296'),(1376,NULL,67.000000000000000,'2018-03-17 01:14:46.917912',6,2,'21',0,1,NULL,0,'2018-03-17 02:35:11.968129'),(1377,NULL,18.000000000000000,'2018-03-17 01:25:54.612845',1,2,'24',0,1,NULL,1,'2018-03-17 02:39:29.696455'),(1378,NULL,18.000000000000000,'2018-03-17 01:25:56.430667',1,2,'34',0,1,NULL,1,'2018-03-17 02:39:25.750972'),(1379,NULL,37.000000000000000,'2018-03-17 01:39:26.698339',7,2,'16',0,1,NULL,0,'2018-03-17 03:31:47.843946'),(1380,NULL,18.000000000000000,'2018-03-17 01:46:38.613532',1,2,'31',0,1,NULL,1,'2018-03-17 02:41:17.404667'),(1381,NULL,47.000000000000000,'2018-03-17 01:50:08.750717',7,2,'24',0,1,NULL,0,'2018-03-17 02:53:19.055002'),(1382,NULL,22.000000000000000,'2018-03-17 01:50:53.023323',1,2,'1',0,1,NULL,0,'2018-03-17 02:34:04.041050'),(1383,NULL,22.000000000000000,'2018-03-17 01:50:53.778841',1,2,'2',0,1,NULL,0,'2018-03-17 02:34:13.460308'),(1384,NULL,38.000000000000000,'2018-03-17 02:01:53.041322',1,2,'18',0,1,NULL,1,'2018-03-17 03:32:08.833463'),(1385,NULL,18.000000000000000,'2018-03-17 02:01:56.537853',1,2,'28',0,1,NULL,1,'2018-03-17 03:32:12.134921'),(1386,NULL,22.000000000000000,'2018-03-17 02:04:44.846233',1,2,'64',0,1,NULL,0,'2018-03-17 03:02:06.242221'),(1387,NULL,18.000000000000000,'2018-03-17 02:04:51.734376',1,2,'38',0,1,NULL,1,'2018-03-17 03:02:10.877189'),(1388,NULL,42.000000000000000,'2018-03-17 02:14:56.618833',7,2,'38',0,1,NULL,0,'2018-03-17 06:45:47.950712'),(1389,NULL,22.000000000000000,'2018-03-17 02:31:48.314918',1,2,'34',0,1,NULL,0,'2018-03-17 03:45:08.463293'),(1390,NULL,22.000000000000000,'2018-03-17 02:31:48.893893',1,2,'35',0,1,NULL,0,'2018-03-17 03:45:05.542382'),(1391,NULL,52.000000000000000,'2018-03-17 02:43:12.701383',1,2,'21',0,1,NULL,0,'2018-03-17 04:37:57.791426'),(1392,NULL,62.000000000000000,'2018-03-17 03:45:17.270333',6,2,'29',0,1,NULL,0,'2018-03-17 06:40:53.070255'),(1393,NULL,43.000000000000000,'2018-03-17 04:21:02.049080',1,2,'18',0,1,NULL,1,'2018-03-17 05:53:21.459904'),(1394,NULL,48.000000000000000,'2018-03-17 04:21:03.088490',1,2,'31',0,1,NULL,1,'2018-03-17 05:54:31.095985'),(1395,NULL,32.000000000000000,'2018-03-17 04:21:55.007109',1,2,'22',0,1,NULL,0,'2018-03-17 05:44:39.774087'),(1396,NULL,32.000000000000000,'2018-03-17 04:21:56.633206',1,2,'35',0,1,NULL,0,'2018-03-17 05:44:45.792384'),(1397,NULL,65.000000000000000,'2018-03-17 04:26:44.451569',6,2,'7',0,1,NULL,0,'2018-03-17 10:29:14.151696'),(1398,NULL,28.000000000000000,'2018-03-17 05:15:22.990584',1,2,'14',0,1,NULL,1,'2018-03-17 06:52:22.801711'),(1399,NULL,18.000000000000000,'2018-03-17 05:15:23.534952',1,2,'15',0,1,NULL,1,'2018-03-17 06:52:31.088940'),(1400,NULL,28.000000000000000,'2018-03-17 05:16:20.389713',1,2,'28',0,1,NULL,1,'2018-03-17 06:39:05.212537'),(1401,'林广辉',62.000000000000000,'2018-03-17 05:17:32.684584',2,2,'20',0,1,72,0,'2018-03-17 08:08:40.501448'),(1402,NULL,77.000000000000000,'2018-03-17 05:23:10.285015',1,2,'34',0,1,NULL,0,'2018-03-17 09:17:13.550341'),(1403,NULL,32.000000000000000,'2018-03-17 05:35:37.522113',1,2,'18',0,1,NULL,0,'2018-03-17 07:43:00.361346'),(1404,NULL,67.000000000000000,'2018-03-17 05:35:38.315985',1,2,'17',0,1,NULL,0,'2018-03-17 07:43:05.590039'),(1405,NULL,28.000000000000000,'2018-03-17 05:40:56.004281',1,2,'8',0,1,NULL,1,'2018-03-17 07:03:35.811563'),(1406,NULL,28.000000000000000,'2018-03-17 05:40:56.431727',1,2,'7',0,1,NULL,1,'2018-03-17 07:03:39.236526'),(1407,NULL,32.000000000000000,'2018-03-17 06:13:08.145188',1,2,'14',0,1,NULL,0,'2018-03-17 07:29:08.704656'),(1408,NULL,30.000000000000000,'2018-03-17 06:23:54.033593',6,2,'21',0,1,NULL,0,'2018-03-17 08:07:52.869160'),(1409,NULL,72.000000000000000,'2018-03-17 06:31:28.421335',1,2,'25',0,1,NULL,0,'2018-03-17 09:08:24.687219'),(1410,NULL,22.000000000000000,'2018-03-17 06:31:30.494762',6,2,'16',0,1,NULL,0,'2018-03-17 09:10:52.154910'),(1411,NULL,22.000000000000000,'2018-03-17 06:31:32.386885',6,2,'22',0,1,NULL,0,'2018-03-17 09:10:43.551488'),(1412,NULL,62.000000000000000,'2018-03-17 06:31:34.952098',6,2,'35',0,1,NULL,0,'2018-03-17 07:50:16.465114'),(1413,NULL,22.000000000000000,'2018-03-17 06:31:46.382361',6,2,'10',0,1,NULL,0,'2018-03-17 09:10:35.609074'),(1414,NULL,22.000000000000000,'2018-03-17 06:35:31.032895',7,2,'1',0,1,NULL,0,'2018-03-17 08:22:14.172230'),(1415,NULL,22.000000000000000,'2018-03-17 06:35:32.206077',7,2,'2',0,1,NULL,0,'2018-03-17 08:22:25.699090'),(1416,NULL,42.000000000000000,'2018-03-17 06:35:33.494231',7,2,'24',0,1,NULL,0,'2018-03-17 08:22:37.880362'),(1417,NULL,58.000000000000000,'2018-03-17 06:35:39.187416',1,2,'9',0,1,NULL,1,'2018-03-17 09:49:51.540759'),(1418,NULL,72.000000000000000,'2018-03-17 06:42:27.463450',1,2,'31',0,1,NULL,0,'2018-03-17 09:09:46.804864'),(1419,NULL,57.000000000000000,'2018-03-17 06:42:28.531167',1,2,'29',0,1,NULL,0,'2018-03-17 09:09:56.323095'),(1420,NULL,47.000000000000000,'2018-03-17 06:50:24.869498',6,2,'4',0,1,NULL,0,'2018-03-17 07:58:50.846825'),(1421,NULL,66.000000000000000,'2018-03-17 07:10:21.585383',1,2,'38',0,1,NULL,1,'2018-03-17 08:50:05.113476'),(1422,NULL,42.000000000000000,'2018-03-17 07:10:28.728713',1,2,'64',0,1,NULL,0,'2018-03-17 08:48:26.717145'),(1423,NULL,53.000000000000000,'2018-03-17 07:17:52.737994',1,2,'18',0,1,NULL,1,'2018-03-17 08:21:30.683023'),(1424,NULL,47.000000000000000,'2018-03-17 07:40:25.967905',7,2,'14',0,1,NULL,0,'2018-03-17 10:02:28.772901'),(1425,NULL,43.000000000000000,'2018-03-17 07:40:27.816718',6,2,'7',0,1,NULL,1,'2018-03-17 09:10:11.508638'),(1426,NULL,28.000000000000000,'2018-03-17 07:40:29.586954',6,2,'14',0,1,NULL,1,'2018-03-17 09:10:26.099584'),(1427,NULL,42.000000000000000,'2018-03-17 08:18:13.078966',1,2,'21',0,1,NULL,0,'2018-03-17 09:51:31.609919'),(1428,'魏东贺',42.000000000000000,'2018-03-17 08:32:58.138138',2,2,'4',0,1,59,0,'2018-03-17 11:46:25.126496'),(1429,NULL,64.000000000000000,'2018-03-17 08:32:59.448795',1,2,'20',0,1,NULL,0,'2018-03-17 11:51:32.206068'),(1430,'魏东贺',22.000000000000000,'2018-03-17 08:33:03.370992',2,2,'24',0,1,59,0,'2018-03-17 11:47:56.675463'),(1431,'魏东贺',62.000000000000000,'2018-03-17 08:33:05.339357',2,2,'38',0,1,59,0,'2018-03-17 11:47:17.143103'),(1432,NULL,58.000000000000000,'2018-03-17 08:33:32.375227',1,2,'15',0,1,NULL,1,'2018-03-17 10:55:42.882665'),(1433,NULL,47.000000000000000,'2018-03-17 09:31:43.257316',6,2,'16',0,1,NULL,0,'2018-03-17 11:02:07.179933'),(1434,NULL,52.000000000000000,'2018-03-17 09:48:48.076052',1,2,'57',0,1,NULL,0,'2018-03-17 10:51:16.747066'),(1435,NULL,18.000000000000000,'2018-03-17 10:14:16.469297',1,2,'18',0,1,NULL,1,'2018-03-17 11:21:45.233539'),(1436,NULL,28.000000000000000,'2018-03-17 10:14:18.547572',1,2,'31',0,1,NULL,1,'2018-03-17 11:21:40.062691'),(1437,NULL,22.000000000000000,'2018-03-17 10:14:20.631395',6,2,'34',0,1,NULL,0,'2018-03-17 10:56:13.116416'),(1438,NULL,67.000000000000000,'2018-03-17 10:26:24.631975',1,2,'22',0,1,NULL,0,'2018-03-17 10:39:17.046443'),(1439,NULL,28.000000000000000,'2018-03-17 10:42:17.238267',1,2,'28',0,1,NULL,1,'2018-03-17 11:55:19.411386'),(1440,NULL,10.000000000000000,'2018-03-17 10:56:51.288670',6,2,'14',0,1,NULL,1,'2018-03-17 11:38:26.228326'),(1441,NULL,22.000000000000000,'2018-03-17 11:02:36.834566',1,2,'14',0,1,NULL,0,'2018-03-17 11:40:50.383721'),(1442,NULL,22.000000000000000,'2018-03-17 11:02:41.116267',1,2,'7',0,1,NULL,0,'2018-03-17 11:41:31.244404'),(1443,NULL,22.000000000000000,'2018-03-17 11:12:13.211553',1,2,'34',0,1,NULL,0,'2018-03-17 12:01:48.738802'),(1444,NULL,10.000000000000000,'2018-03-17 11:16:21.755452',1,2,'24',0,1,NULL,1,'2018-03-17 12:37:58.046495'),(1445,NULL,18.000000000000000,'2018-03-17 11:26:05.574436',1,2,'15',0,1,NULL,1,'2018-03-17 12:45:50.470730'),(1446,NULL,18.000000000000000,'2018-03-17 11:26:06.828061',1,2,'29',0,1,NULL,1,'2018-03-17 12:45:58.555397'),(1447,NULL,18.000000000000000,'2018-03-17 11:30:41.470695',6,2,'16',0,1,NULL,1,'2018-03-17 12:55:13.295274'),(1448,NULL,18.000000000000000,'2018-03-17 11:30:42.233655',6,2,'18',0,1,NULL,1,'2018-03-17 12:55:22.404792'),(1449,NULL,52.000000000000000,'2018-03-17 11:30:45.444766',6,2,'21',0,1,NULL,0,'2018-03-17 12:55:35.508224'),(1450,NULL,42.000000000000000,'2018-03-17 11:53:03.569201',7,2,'14',0,1,NULL,0,'2018-03-17 13:05:36.114966'),(1451,NULL,22.000000000000000,'2018-03-17 11:53:05.702382',7,2,'35',0,1,NULL,0,'2018-03-17 13:05:42.349428'),(1452,NULL,18.000000000000000,'2018-03-17 11:53:12.396012',7,2,'31',0,1,NULL,1,'2018-03-17 13:05:50.630154'),(1453,NULL,10.000000000000000,'2018-03-17 11:57:47.710404',1,2,'20',0,1,NULL,0,'2018-03-17 12:54:48.309089'),(1454,NULL,20.000000000000000,'2018-03-17 11:57:50.171742',1,2,'14',0,1,NULL,1,'2018-03-17 12:54:39.146295'),(1455,NULL,22.000000000000000,'2018-03-17 12:33:32.893681',6,2,'29',0,1,NULL,0,'2018-03-17 13:05:17.188746'),(1456,NULL,22.000000000000000,'2018-03-17 12:33:34.232700',6,2,'22',0,1,NULL,0,'2018-03-17 13:05:24.098786'),(1457,NULL,32.000000000000000,'2018-03-18 00:05:50.683051',1,3,'34',0,1,NULL,0,'2018-03-18 02:11:55.617042'),(1458,'王晨',20.000000000000000,'2018-03-18 00:24:36.176375',2,3,'29',0,1,48,0,'2018-03-18 03:20:33.009349'),(1459,NULL,32.000000000000000,'2018-03-18 00:27:58.537417',6,3,'14',0,1,NULL,0,'2018-03-18 01:15:34.396151'),(1460,NULL,32.000000000000000,'2018-03-18 00:36:29.190238',6,3,'20',0,1,NULL,0,'2018-03-18 01:42:30.270820'),(1461,NULL,52.000000000000000,'2018-03-18 00:51:16.577726',1,3,'21',0,1,NULL,0,'2018-03-18 02:17:44.685674'),(1462,NULL,22.000000000000000,'2018-03-18 01:03:46.657067',1,3,'7',0,1,NULL,0,'2018-03-18 03:12:10.435604'),(1463,NULL,77.000000000000000,'2018-03-18 01:05:26.252581',1,3,'1',0,1,NULL,0,'2018-03-18 03:48:52.318817'),(1464,NULL,47.000000000000000,'2018-03-18 01:10:16.099700',1,3,'22',0,1,NULL,0,'2018-03-18 03:05:06.861847'),(1465,NULL,52.000000000000000,'2018-03-18 01:23:42.138932',1,3,'16',0,1,NULL,0,'2018-03-18 02:23:31.345561'),(1466,NULL,62.000000000000000,'2018-03-18 01:30:56.436121',1,3,'35',0,1,NULL,0,'2018-03-18 03:12:15.292112'),(1467,NULL,18.000000000000000,'2018-03-18 01:44:37.060908',1,3,'32',0,1,NULL,1,'2018-03-18 03:03:46.137980'),(1468,NULL,18.000000000000000,'2018-03-18 01:44:40.192528',1,3,'28',0,1,NULL,1,'2018-03-18 03:03:38.478822'),(1469,NULL,54.000000000000000,'2018-03-18 02:39:07.052196',1,3,'16',0,1,NULL,0,'2018-03-18 03:47:40.523339'),(1470,NULL,0.000000000000000,'2018-03-18 03:00:29.789846',1,3,'38',0,1,NULL,0,'2018-03-18 05:47:51.058607'),(1471,NULL,18.000000000000000,'2018-03-18 03:27:52.774084',1,3,'31',0,1,NULL,1,'2018-03-18 04:05:05.973552'),(1472,NULL,18.000000000000000,'2018-03-18 03:27:55.336577',1,3,'32',0,1,NULL,1,'2018-03-18 04:05:11.493154'),(1473,NULL,62.000000000000000,'2018-03-18 03:51:16.333910',6,3,'7',0,1,NULL,0,'2018-03-18 06:45:05.822956'),(1474,NULL,28.000000000000000,'2018-03-18 03:58:54.296624',1,3,'18',0,1,NULL,1,'2018-03-18 05:03:00.867993'),(1475,NULL,22.000000000000000,'2018-03-18 04:09:39.985378',1,3,'20',0,1,NULL,0,'2018-03-18 08:09:51.397587'),(1476,NULL,42.000000000000000,'2018-03-18 04:09:41.886663',1,3,'34',0,1,NULL,0,'2018-03-18 08:09:42.832958'),(1477,NULL,22.000000000000000,'2018-03-18 04:18:32.393194',6,3,'2',0,1,NULL,0,'2018-03-18 09:28:38.075783'),(1478,NULL,22.000000000000000,'2018-03-18 04:18:33.609090',6,3,'14',0,1,NULL,0,'2018-03-18 09:27:57.589584'),(1479,NULL,52.000000000000000,'2018-03-18 04:18:35.768941',6,3,'35',0,1,NULL,0,'2018-03-18 09:28:28.043377'),(1480,'赵学军',20.000000000000000,'2018-03-18 04:30:11.047345',2,3,'25',0,1,41,0,'2018-03-18 12:13:43.684359'),(1481,NULL,28.000000000000000,'2018-03-18 04:45:56.396039',6,3,'24',0,1,NULL,1,'2018-03-18 06:01:58.118696'),(1482,NULL,28.000000000000000,'2018-03-18 04:49:45.299088',1,3,'7',0,1,NULL,1,'2018-03-18 07:02:05.931774'),(1483,NULL,18.000000000000000,'2018-03-18 04:49:45.914996',1,3,'8',0,1,NULL,1,'2018-03-18 07:02:13.435942'),(1484,NULL,57.000000000000000,'2018-03-18 05:08:56.361312',1,3,'24',0,1,NULL,0,'2018-03-18 06:30:54.364801'),(1485,NULL,52.000000000000000,'2018-03-18 05:11:27.278540',1,3,'1',0,1,NULL,0,'2018-03-18 06:43:10.765265'),(1486,NULL,32.000000000000000,'2018-03-18 05:13:32.957325',1,3,'21',0,1,NULL,0,'2018-03-18 07:11:30.416106'),(1487,NULL,32.000000000000000,'2018-03-18 05:13:35.581495',1,3,'29',0,1,NULL,0,'2018-03-18 07:11:40.915359'),(1488,NULL,18.000000000000000,'2018-03-18 05:14:08.530567',1,3,'14',0,1,NULL,1,'2018-03-18 08:32:07.834122'),(1489,NULL,38.000000000000000,'2018-03-18 05:14:09.555475',1,3,'18',0,1,NULL,1,'2018-03-18 08:32:18.293906'),(1490,NULL,32.000000000000000,'2018-03-18 05:15:15.469199',1,3,'16',0,1,NULL,0,'2018-03-18 06:44:53.508886'),(1491,'邱玲',20.000000000000000,'2018-03-18 05:21:33.224332',2,3,'16',0,1,18,1,'2018-03-18 06:12:00.522508'),(1492,NULL,0.000000000000000,'2018-03-18 05:25:55.517551',NULL,3,'10',1,0,NULL,1,NULL),(1493,NULL,112.000000000000000,'2018-03-18 05:26:05.777539',1,3,'10',0,1,NULL,0,'2018-03-18 08:20:08.196308'),(1494,NULL,267.000000000000000,'2018-03-18 05:26:07.648465',6,3,'22',0,1,NULL,0,'2018-03-18 07:04:29.036937'),(1495,NULL,87.000000000000000,'2018-03-18 05:26:12.039859',6,3,'17',0,1,NULL,0,'2018-03-18 07:03:41.243889'),(1496,NULL,18.000000000000000,'2018-03-18 05:26:16.974753',1,3,'4',0,1,NULL,1,'2018-03-18 06:48:06.169690'),(1497,NULL,38.000000000000000,'2018-03-18 05:26:19.815319',1,3,'9',0,1,NULL,1,'2018-03-18 06:48:00.146422'),(1498,NULL,62.000000000000000,'2018-03-18 05:39:43.499457',1,3,'11',0,1,NULL,0,'2018-03-18 08:23:20.497951'),(1499,NULL,38.000000000000000,'2018-03-18 06:04:46.902461',6,3,'20',0,1,NULL,1,'2018-03-18 08:22:12.377367'),(1500,NULL,128.000000000000000,'2018-03-18 06:04:49.490813',1,3,'31',0,1,NULL,1,'2018-03-18 08:29:48.031922'),(1501,NULL,32.000000000000000,'2018-03-18 06:04:54.193781',1,3,'4',0,1,NULL,0,'2018-03-18 07:50:36.325943'),(1502,NULL,42.000000000000000,'2018-03-18 06:08:21.587990',1,3,'18',0,1,NULL,0,'2018-03-18 07:48:36.062864'),(1503,NULL,22.000000000000000,'2018-03-18 06:08:25.993668',1,3,'5',0,1,NULL,0,'2018-03-18 07:57:04.833326'),(1504,NULL,22.000000000000000,'2018-03-18 06:08:29.312680',1,3,'38',0,1,NULL,0,'2018-03-18 07:57:12.057541'),(1505,NULL,22.000000000000000,'2018-03-18 06:25:08.036596',6,3,'31',0,1,NULL,0,'2018-03-18 10:00:33.747436'),(1506,NULL,88.000000000000000,'2018-03-18 06:33:26.313182',6,3,'15',0,1,NULL,1,'2018-03-18 08:07:24.334248'),(1507,NULL,62.000000000000000,'2018-03-18 06:35:04.767376',1,3,'24',0,1,NULL,0,'2018-03-18 07:48:28.068088'),(1508,NULL,22.000000000000000,'2018-03-18 06:35:10.138520',1,3,'19',0,1,NULL,0,'2018-03-18 07:57:18.422344'),(1509,NULL,22.000000000000000,'2018-03-18 06:35:54.640100',1,3,'32',0,1,NULL,0,'2018-03-18 07:23:49.780052'),(1510,NULL,28.000000000000000,'2018-03-18 06:37:05.577012',1,3,'25',0,1,NULL,1,'2018-03-18 08:10:23.608801'),(1511,NULL,18.000000000000000,'2018-03-18 06:37:07.038545',1,3,'16',0,1,NULL,1,'2018-03-18 08:10:29.923655'),(1512,NULL,22.000000000000000,'2018-03-18 06:49:01.976564',6,3,'1',0,1,NULL,0,'2018-03-18 09:28:07.610498'),(1513,NULL,22.000000000000000,'2018-03-18 06:49:03.410021',6,3,'7',0,1,NULL,0,'2018-03-18 09:28:16.569349'),(1514,NULL,32.000000000000000,'2018-03-18 06:54:24.005268',1,3,'64',0,1,NULL,0,'2018-03-18 08:03:09.449479'),(1515,NULL,66.000000000000000,'2018-03-18 06:54:26.785598',1,3,'38',0,1,NULL,1,'2018-03-18 08:09:23.011940'),(1516,NULL,82.000000000000000,'2018-03-18 07:07:15.692512',6,3,'16',0,1,NULL,0,'2018-03-18 09:15:17.106717'),(1517,NULL,0.000000000000000,'2018-03-18 07:13:06.546744',7,3,'24',0,1,NULL,1,'2018-03-18 08:40:32.482031'),(1518,NULL,200.000000000000000,'2018-03-18 07:13:58.603166',7,3,'28',0,1,NULL,1,'2018-03-18 08:39:51.516118'),(1519,NULL,18.000000000000000,'2018-03-18 07:17:24.804514',1,3,'29',0,1,NULL,1,'2018-03-18 08:42:30.057279'),(1520,NULL,18.000000000000000,'2018-03-18 07:17:26.174290',1,3,'32',0,1,NULL,1,'2018-03-18 08:42:36.982802'),(1521,NULL,82.000000000000000,'2018-03-18 07:21:12.023804',6,3,'29',0,1,NULL,0,'2018-03-18 09:17:04.403570'),(1522,NULL,43.000000000000000,'2018-03-18 07:21:39.405265',6,3,'7',0,1,NULL,1,'2018-03-18 09:16:53.937797'),(1523,NULL,37.000000000000000,'2018-03-18 07:23:55.400709',1,3,'9',0,1,NULL,0,'2018-03-18 07:33:18.715971'),(1524,'赵欣',22.000000000000000,'2018-03-18 07:30:25.284211',2,3,'22',0,1,50,0,'2018-03-18 07:52:44.641813'),(1525,NULL,72.000000000000000,'2018-03-18 07:33:40.325776',1,3,'21',0,1,NULL,0,'2018-03-18 09:00:43.267496'),(1526,NULL,68.000000000000000,'2018-03-18 07:33:45.609796',1,3,'8',0,1,NULL,1,'2018-03-18 09:00:25.529718'),(1527,NULL,32.000000000000000,'2018-03-18 07:53:20.558771',6,3,'22',0,1,NULL,0,'2018-03-18 09:11:40.045010'),(1528,NULL,37.000000000000000,'2018-03-18 08:07:45.214695',1,3,'9',0,1,NULL,0,'2018-03-18 11:50:04.785834'),(1529,NULL,87.000000000000000,'2018-03-18 08:13:19.218295',6,3,'20',0,1,NULL,0,'2018-03-18 10:26:05.075513'),(1530,NULL,87.000000000000000,'2018-03-18 08:16:48.538522',6,3,'34',0,1,NULL,0,'2018-03-18 09:50:05.314419'),(1531,NULL,57.000000000000000,'2018-03-18 08:32:50.680577',1,3,'17',0,1,NULL,0,'2018-03-18 11:47:12.341433'),(1532,NULL,73.000000000000000,'2018-03-18 08:32:53.529577',1,3,'14',0,1,NULL,1,'2018-03-18 11:47:23.031024'),(1533,NULL,28.000000000000000,'2018-03-18 08:40:40.291065',1,3,'24',0,1,NULL,1,'2018-03-18 09:57:21.162923'),(1534,NULL,48.000000000000000,'2018-03-18 09:01:36.535741',1,3,'18',0,1,NULL,1,'2018-03-18 09:28:48.918287'),(1535,NULL,52.000000000000000,'2018-03-18 09:10:34.022370',6,3,'38',0,1,NULL,0,'2018-03-18 11:52:47.645182'),(1536,'王朝',76.000000000000000,'2018-03-18 09:12:08.122336',2,3,'15',0,1,98,1,'2018-03-18 10:19:16.713233'),(1537,NULL,57.000000000000000,'2018-03-18 09:17:29.415792',1,3,'21',0,1,NULL,0,'2018-03-18 10:09:02.768816'),(1538,'陆赟',68.000000000000000,'2018-03-18 09:18:55.725260',2,3,'54',0,1,25,1,'2018-03-18 09:45:27.704245'),(1539,NULL,52.000000000000000,'2018-03-18 10:01:24.897684',6,3,'34',0,1,NULL,0,'2018-03-18 10:28:41.941212'),(1540,NULL,5.000000000000000,'2018-03-18 10:26:35.370077',1,3,'18',0,1,NULL,1,'2018-03-18 11:27:00.949964'),(1541,NULL,5.000000000000000,'2018-03-18 10:26:48.004687',1,3,'14',0,1,NULL,0,'2018-03-18 10:53:36.647114'),(1542,NULL,5.000000000000000,'2018-03-18 10:27:26.947472',1,3,'34',0,1,NULL,1,'2018-03-18 11:26:46.452775'),(1543,NULL,200.000000000000000,'2018-03-18 10:30:25.941019',6,3,'15',0,1,NULL,1,'2018-03-18 10:30:49.353211'),(1544,NULL,32.000000000000000,'2018-03-18 10:33:59.690905',6,3,'7',0,1,NULL,0,'2018-03-18 12:12:58.012394'),(1545,NULL,32.000000000000000,'2018-03-18 10:34:03.671862',6,3,'20',0,1,NULL,0,'2018-03-18 12:12:44.411439'),(1546,'陈静',18.000000000000000,'2018-03-18 10:43:44.818409',2,3,'7',0,1,89,1,'2018-03-18 11:37:31.028261'),(1547,'陈静',25.000000000000000,'2018-03-18 10:43:48.946562',2,3,'21',0,1,89,0,'2018-03-18 11:36:44.549861'),(1548,NULL,106.000000000000000,'2018-03-18 10:58:22.878992',6,3,'8',0,1,NULL,1,'2018-03-18 13:30:29.608399'),(1549,NULL,82.000000000000000,'2018-03-18 11:08:27.118629',6,3,'14',0,1,NULL,0,'2018-03-18 12:42:13.403057'),(1550,NULL,18.000000000000000,'2018-03-18 11:09:52.841013',6,3,'31',0,1,NULL,1,'2018-03-18 12:42:29.683358'),(1551,NULL,88.000000000000000,'2018-03-18 11:38:34.955947',7,3,'18',0,1,NULL,1,'2018-03-18 13:56:43.617461'),(1552,NULL,108.000000000000000,'2018-03-18 11:38:36.988481',7,3,'24',0,1,NULL,1,'2018-03-18 13:57:09.457580'),(1553,NULL,28.000000000000000,'2018-03-18 11:38:49.140186',1,3,'32',0,1,NULL,1,'2018-03-18 13:25:51.047712'),(1554,NULL,27.000000000000000,'2018-03-18 11:39:05.562698',1,3,'21',0,1,NULL,0,'2018-03-18 13:25:43.431445'),(1555,NULL,22.000000000000000,'2018-03-18 11:59:34.022001',6,3,'9',0,1,NULL,0,'2018-03-18 13:26:42.485850'),(1556,NULL,47.000000000000000,'2018-03-18 11:59:36.967383',6,3,'35',0,1,NULL,0,'2018-03-18 13:26:30.010711'),(1557,NULL,52.000000000000000,'2018-03-18 12:15:01.118968',1,3,'38',0,1,NULL,0,'2018-03-18 12:52:38.453841'),(1558,NULL,47.000000000000000,'2018-03-19 00:28:03.741039',1,2,'20',0,1,NULL,0,'2018-03-19 02:22:52.957293'),(1559,NULL,48.000000000000000,'2018-03-19 00:36:27.470159',1,2,'14',0,1,NULL,1,'2018-03-19 02:19:46.080599'),(1560,NULL,32.000000000000000,'2018-03-19 01:06:06.317000',1,2,'7',0,1,NULL,0,'2018-03-19 01:58:16.748620'),(1561,NULL,47.000000000000000,'2018-03-19 01:06:08.447040',1,2,'2',0,1,NULL,0,'2018-03-19 01:58:22.246294'),(1562,NULL,82.000000000000000,'2018-03-19 01:17:49.364421',6,2,'14',0,1,NULL,0,'2018-03-19 03:14:24.707129'),(1563,NULL,28.000000000000000,'2018-03-19 01:23:17.178543',1,2,'18',0,1,NULL,1,'2018-03-19 02:39:41.968723'),(1564,NULL,28.000000000000000,'2018-03-19 01:58:27.161371',1,2,'31',0,1,NULL,1,'2018-03-19 02:55:05.532610'),(1565,NULL,72.000000000000000,'2018-03-19 02:30:09.133497',6,2,'7',0,1,NULL,0,'2018-03-19 04:25:02.838764'),(1566,'陈健',20.000000000000000,'2018-03-19 02:49:11.095564',2,2,'76',0,1,3,0,'2018-03-19 03:15:19.443100'),(1567,'钟庆峰',52.000000000000000,'2018-03-19 03:32:19.412629',2,2,'38',0,1,79,0,'2018-03-19 04:50:30.204768'),(1568,NULL,22.000000000000000,'2018-03-19 03:43:07.068326',6,2,'1',0,1,NULL,0,'2018-03-19 04:17:30.412820'),(1569,NULL,22.000000000000000,'2018-03-19 03:47:48.988936',6,2,'0',0,1,NULL,0,'2018-03-19 04:17:35.618060'),(1570,NULL,128.000000000000000,'2018-03-19 03:47:50.343683',6,2,'29',0,1,NULL,1,'2018-03-19 06:11:07.292704'),(1571,NULL,32.000000000000000,'2018-03-19 03:48:47.751398',7,2,'34',0,1,NULL,0,'2018-03-19 04:45:11.853961'),(1572,NULL,37.000000000000000,'2018-03-19 04:09:27.536555',6,2,'14',0,1,NULL,0,'2018-03-19 10:23:39.195360'),(1573,NULL,43.000000000000000,'2018-03-19 05:09:38.497849',1,2,'24',0,1,NULL,1,'2018-03-19 06:55:42.346902'),(1574,NULL,148.000000000000000,'2018-03-19 05:12:22.552084',6,2,'31',0,1,NULL,1,'2018-03-19 08:20:45.953414'),(1575,NULL,47.000000000000000,'2018-03-19 05:29:34.736164',6,2,'34',0,1,NULL,0,'2018-03-19 06:39:34.951497'),(1576,NULL,28.000000000000000,'2018-03-19 05:56:00.756167',1,2,'34',0,1,NULL,1,'2018-03-19 08:18:07.002641'),(1577,NULL,32.000000000000000,'2018-03-19 05:58:29.399947',6,2,'29',0,1,NULL,0,'2018-03-19 07:23:03.981660'),(1578,NULL,43.000000000000000,'2018-03-19 06:00:51.326654',1,2,'8',0,1,NULL,1,'2018-03-19 07:18:01.246885'),(1579,NULL,38.000000000000000,'2018-03-19 06:04:59.634335',7,2,'18',0,1,NULL,1,'2018-03-19 07:50:30.395387'),(1580,NULL,32.000000000000000,'2018-03-19 06:05:01.368146',7,2,'20',0,1,NULL,0,'2018-03-19 07:50:38.632229'),(1581,NULL,52.000000000000000,'2018-03-19 06:35:33.456145',6,2,'35',0,1,NULL,0,'2018-03-19 08:36:47.044963'),(1582,NULL,72.000000000000000,'2018-03-19 07:18:22.930657',1,2,'21',0,1,NULL,0,'2018-03-19 09:37:45.442257'),(1583,'马成亮',82.000000000000000,'2018-03-19 07:36:39.198280',2,2,'0',0,1,20,0,'2018-03-19 10:42:18.237651'),(1584,'马成亮',22.000000000000000,'2018-03-19 07:36:39.916733',2,2,'1',0,1,20,0,'2018-03-19 10:43:10.880924'),(1585,'马成亮',47.000000000000000,'2018-03-19 07:36:41.926092',2,2,'2',0,1,20,0,'2018-03-19 10:45:01.871214'),(1586,'马成亮',22.000000000000000,'2018-03-19 07:36:45.237007',2,2,'7',0,1,20,0,'2018-03-19 10:45:46.497223'),(1587,'马成亮',97.000000000000000,'2018-03-19 07:36:46.985059',2,2,'9',0,1,20,0,'2018-03-19 10:44:13.547771'),(1588,'马成亮',157.000000000000000,'2018-03-19 07:36:50.663143',2,2,'16',0,1,20,0,'2018-03-19 10:47:57.433922'),(1589,'马成亮',32.000000000000000,'2018-03-19 07:36:52.885991',2,2,'22',0,1,20,0,'2018-03-19 10:46:31.837562'),(1590,NULL,22.000000000000000,'2018-03-19 07:54:39.390823',1,2,'29',0,1,NULL,0,'2018-03-19 12:02:43.068897'),(1591,NULL,48.000000000000000,'2018-03-19 08:36:49.809135',1,2,'18',0,1,NULL,1,'2018-03-19 09:33:45.603306'),(1592,'王升显',55.000000000000000,'2018-03-19 09:08:16.548821',2,2,'75',0,1,1,0,'2018-03-19 11:29:31.575415'),(1593,NULL,22.000000000000000,'2018-03-19 09:21:39.615685',1,2,'20',0,1,NULL,0,'2018-03-19 11:15:02.229230'),(1594,NULL,22.000000000000000,'2018-03-19 09:46:10.049156',1,2,'21',0,1,NULL,0,'2018-03-19 13:00:22.445024'),(1595,NULL,52.000000000000000,'2018-03-19 11:25:06.327810',1,2,'22',0,1,NULL,0,'2018-03-19 12:59:06.961503'),(1596,NULL,22.000000000000000,'2018-03-19 12:26:49.194103',1,2,'20',0,1,NULL,0,'2018-03-19 13:19:36.741123'),(1597,NULL,22.000000000000000,'2018-03-19 12:26:50.847041',1,2,'34',0,1,NULL,0,'2018-03-19 13:19:42.334407'),(1598,NULL,22.000000000000000,'2018-03-20 00:07:59.257476',1,3,'35',0,1,NULL,0,'2018-03-20 01:05:05.749588'),(1599,NULL,28.000000000000000,'2018-03-20 00:49:07.174927',1,3,'15',0,1,NULL,1,'2018-03-20 01:57:01.724857'),(1600,NULL,87.000000000000000,'2018-03-20 00:59:04.919917',6,3,'34',0,1,NULL,0,'2018-03-20 04:31:35.944728'),(1601,NULL,28.000000000000000,'2018-03-20 01:23:01.138927',1,3,'18',0,1,NULL,1,'2018-03-20 02:27:31.236180'),(1602,NULL,43.000000000000000,'2018-03-20 01:26:02.665700',1,3,'31',0,1,NULL,1,'2018-03-20 02:24:01.965473'),(1603,NULL,32.000000000000000,'2018-03-20 02:49:59.410399',1,3,'29',0,1,NULL,0,'2018-03-20 08:00:46.438296'),(1604,NULL,18.000000000000000,'2018-03-20 03:47:22.805560',1,3,'18',0,1,NULL,1,'2018-03-20 04:52:28.427199'),(1605,NULL,22.000000000000000,'2018-03-20 04:26:58.900902',6,3,'52',0,1,NULL,0,'2018-03-20 07:02:36.928754'),(1606,NULL,22.000000000000000,'2018-03-20 04:27:06.276451',6,3,'57',0,1,NULL,0,'2018-03-20 07:02:45.153212'),(1607,NULL,22.000000000000000,'2018-03-20 04:27:09.681365',6,3,'64',0,1,NULL,0,'2018-03-20 07:02:55.550246'),(1608,NULL,47.000000000000000,'2018-03-20 04:28:36.421622',6,3,'4',0,1,NULL,0,'2018-03-20 06:05:17.947357'),(1609,NULL,47.000000000000000,'2018-03-20 04:28:38.530726',6,3,'7',0,1,NULL,0,'2018-03-20 06:05:44.051913'),(1610,NULL,58.000000000000000,'2018-03-20 04:28:42.149396',6,3,'14',0,1,NULL,1,'2018-03-20 06:05:30.622293'),(1611,NULL,25.000000000000000,'2018-03-20 04:29:45.145863',1,3,'15',0,1,NULL,1,'2018-03-20 06:04:59.854244'),(1612,'夏秋波',50.000000000000000,'2018-03-20 04:47:04.886011',2,3,'24',0,1,84,1,'2018-03-20 07:13:09.610481'),(1613,NULL,32.000000000000000,'2018-03-20 04:51:32.468604',1,3,'35',0,1,NULL,0,'2018-03-20 07:18:00.146800'),(1614,NULL,57.000000000000000,'2018-03-20 04:56:22.564982',1,3,'2',0,1,NULL,0,'2018-03-20 07:29:19.511750'),(1615,NULL,32.000000000000000,'2018-03-20 05:14:09.726747',1,3,'1',0,1,NULL,0,'2018-03-20 06:25:40.615910'),(1616,NULL,22.000000000000000,'2018-03-20 05:20:43.517743',1,3,'20',0,1,NULL,0,'2018-03-20 09:04:54.612789'),(1617,NULL,70.000000000000000,'2018-03-20 05:42:27.271109',1,3,'14',0,1,NULL,0,'2018-03-20 08:03:26.643088'),(1618,NULL,77.000000000000000,'2018-03-20 05:56:46.686546',6,3,'0',0,1,NULL,0,'2018-03-20 10:18:02.676110'),(1619,NULL,430.000000000000000,'2018-03-20 06:06:43.458896',1,3,'10',0,1,NULL,0,'2018-03-20 07:59:59.467394'),(1620,NULL,22.000000000000000,'2018-03-20 06:12:13.310012',1,3,'34',0,1,NULL,0,'2018-03-20 06:35:55.351777'),(1621,'王朝',78.000000000000000,'2018-03-20 06:14:34.446477',2,3,'15',0,1,98,1,'2018-03-20 08:42:28.968242'),(1622,NULL,72.000000000000000,'2018-03-20 06:22:27.688336',1,3,'21',0,1,NULL,0,'2018-03-20 07:26:54.912869'),(1623,NULL,43.000000000000000,'2018-03-20 06:38:42.778256',6,3,'28',0,1,NULL,1,'2018-03-20 07:39:25.318094'),(1624,NULL,18.000000000000000,'2018-03-20 06:52:12.112743',1,3,'18',0,1,NULL,1,'2018-03-20 09:16:03.326970'),(1625,NULL,38.000000000000000,'2018-03-20 06:52:30.371154',1,3,'31',0,1,NULL,1,'2018-03-20 09:16:09.503565'),(1626,NULL,38.000000000000000,'2018-03-20 07:09:57.731156',1,3,'38',0,1,NULL,1,'2018-03-20 09:48:25.050274'),(1627,NULL,18.000000000000000,'2018-03-20 07:31:30.028175',1,3,'14',0,1,NULL,1,'2018-03-20 08:35:45.174901'),(1628,NULL,32.000000000000000,'2018-03-20 07:32:00.330660',1,3,'21',0,1,NULL,0,'2018-03-20 08:35:55.657275'),(1629,NULL,32.000000000000000,'2018-03-20 08:32:39.933308',1,3,'34',0,1,NULL,0,'2018-03-20 10:13:56.137452'),(1630,NULL,32.000000000000000,'2018-03-20 08:32:40.504582',1,3,'35',0,1,NULL,0,'2018-03-20 10:14:02.929849'),(1631,NULL,32.000000000000000,'2018-03-20 08:33:36.952722',6,3,'14',0,1,NULL,0,'2018-03-20 09:24:12.662274'),(1632,NULL,112.000000000000000,'2018-03-20 09:37:00.400908',4,3,'20',0,1,NULL,0,'2018-03-20 11:27:22.953487'),(1633,NULL,58.000000000000000,'2018-03-20 09:39:42.217672',1,3,'32',0,1,NULL,1,'2018-03-20 11:14:22.204382'),(1634,NULL,77.000000000000000,'2018-03-20 10:02:15.428035',6,3,'21',0,1,NULL,0,'2018-03-20 11:29:31.925311'),(1635,NULL,32.000000000000000,'2018-03-20 10:16:01.136569',6,3,'34',0,1,NULL,0,'2018-03-20 11:33:36.726203'),(1636,NULL,37.000000000000000,'2018-03-20 10:25:03.118025',1,3,'7',0,1,NULL,0,'2018-03-20 11:14:33.377604'),(1637,NULL,28.000000000000000,'2018-03-20 10:35:32.535585',6,3,'15',0,1,NULL,1,'2018-03-20 12:57:49.160699'),(1638,NULL,28.000000000000000,'2018-03-20 10:56:02.069403',1,3,'18',0,1,NULL,1,'2018-03-20 12:00:54.215563'),(1639,NULL,28.000000000000000,'2018-03-20 10:56:03.828291',1,3,'14',0,1,NULL,1,'2018-03-20 12:00:47.264302'),(1640,NULL,18.000000000000000,'2018-03-20 11:11:39.450817',1,3,'28',0,1,NULL,1,'2018-03-20 12:19:01.575264'),(1641,NULL,18.000000000000000,'2018-03-20 11:11:40.635558',1,3,'24',0,1,NULL,1,'2018-03-20 12:19:12.720061'),(1642,NULL,18.000000000000000,'2018-03-20 11:18:14.881369',6,3,'31',0,1,NULL,1,'2018-03-20 12:57:57.358866'),(1643,NULL,22.000000000000000,'2018-03-20 11:59:41.870921',1,3,'34',0,1,NULL,0,'2018-03-20 12:23:11.954476'),(1644,NULL,57.000000000000000,'2018-03-20 11:59:46.373025',1,3,'22',0,1,NULL,0,'2018-03-20 12:54:02.086916'),(1645,NULL,32.000000000000000,'2018-03-20 12:22:12.537412',6,3,'35',0,1,NULL,0,'2018-03-20 13:03:17.604585'),(1646,NULL,32.000000000000000,'2018-03-20 12:22:14.848251',6,3,'17',0,1,NULL,0,'2018-03-20 13:03:06.296545'),(1647,'张立成',32.000000000000000,'2018-03-20 23:57:08.477034',2,2,'34',0,1,97,0,'2018-03-21 01:44:23.653592'),(1648,NULL,32.000000000000000,'2018-03-21 00:18:02.060878',1,2,'0',0,1,NULL,0,'2018-03-21 02:31:06.205268'),(1649,NULL,32.000000000000000,'2018-03-21 00:18:05.282714',1,2,'16',0,1,NULL,0,'2018-03-21 02:27:17.402555'),(1650,NULL,10.000000000000000,'2018-03-21 00:18:08.730624',8,2,'22',0,1,NULL,0,'2018-03-21 02:31:34.413383'),(1651,'孙杰',10.000000000000000,'2018-03-21 00:18:12.977740',2,2,'28',0,1,78,1,'2018-03-21 01:21:01.305118'),(1652,'孙杰',30.000000000000000,'2018-03-21 00:18:14.511028',2,2,'32',0,1,78,1,'2018-03-21 01:20:19.208624'),(1653,NULL,37.000000000000000,'2018-03-21 00:25:05.955286',1,2,'29',0,1,NULL,0,'2018-03-21 01:43:09.433582'),(1654,NULL,22.000000000000000,'2018-03-21 00:25:07.792828',1,2,'35',0,1,NULL,0,'2018-03-21 01:01:40.763697'),(1655,NULL,28.000000000000000,'2018-03-21 00:26:53.958535',1,2,'14',0,1,NULL,1,'2018-03-21 02:21:38.935503'),(1656,NULL,28.000000000000000,'2018-03-21 00:26:54.829020',1,2,'18',0,1,NULL,1,'2018-03-21 02:21:43.649470'),(1657,NULL,57.000000000000000,'2018-03-21 00:45:24.829760',1,2,'14',0,1,NULL,0,'2018-03-21 02:36:37.094526'),(1658,NULL,22.000000000000000,'2018-03-21 01:22:38.305901',6,2,'2',0,1,NULL,0,'2018-03-21 03:24:32.135320'),(1659,NULL,22.000000000000000,'2018-03-21 01:22:39.299203',6,2,'7',0,1,NULL,0,'2018-03-21 03:24:28.329345'),(1660,NULL,22.000000000000000,'2018-03-21 01:22:40.545795',6,2,'20',0,1,NULL,0,'2018-03-21 03:24:39.797635'),(1661,NULL,37.000000000000000,'2018-03-21 01:46:37.575208',6,2,'21',0,1,NULL,0,'2018-03-21 03:24:43.185579'),(1662,NULL,32.000000000000000,'2018-03-21 01:46:38.851978',6,2,'9',0,1,NULL,0,'2018-03-21 03:24:36.259994'),(1663,NULL,97.000000000000000,'2018-03-21 01:53:03.943712',6,2,'35',0,1,NULL,0,'2018-03-21 05:18:52.980825'),(1664,NULL,32.000000000000000,'2018-03-21 02:14:30.220671',6,2,'24',0,1,NULL,0,'2018-03-21 03:08:19.350306'),(1665,NULL,32.000000000000000,'2018-03-21 04:29:14.205377',1,2,'34',0,1,NULL,0,'2018-03-21 06:01:07.948602'),(1666,NULL,0.000000000000000,'2018-03-21 04:31:03.833008',1,2,'0',0,1,NULL,0,'2018-03-21 06:29:18.137641'),(1667,'陈岩',30.000000000000000,'2018-03-21 04:39:28.031683',2,2,'38',0,1,64,0,'2018-03-21 07:47:40.860484'),(1668,NULL,18.000000000000000,'2018-03-21 04:39:51.696151',1,2,'31',0,1,NULL,1,'2018-03-21 06:04:31.962207'),(1669,NULL,38.000000000000000,'2018-03-21 04:39:52.202279',1,2,'32',0,1,NULL,1,'2018-03-21 06:04:46.888720'),(1670,NULL,92.000000000000000,'2018-03-21 04:50:40.127959',1,2,'21',0,1,NULL,0,'2018-03-21 06:46:53.267449'),(1671,'王晨',28.000000000000000,'2018-03-21 05:03:12.818444',2,2,'18',0,1,48,1,'2018-03-21 07:59:04.769167'),(1672,NULL,10.000000000000000,'2018-03-21 05:04:31.039234',1,2,'14',0,1,NULL,1,'2018-03-21 08:03:52.630634'),(1673,NULL,22.000000000000000,'2018-03-21 05:18:58.245207',1,2,'20',0,1,NULL,0,'2018-03-21 08:26:13.261818'),(1674,NULL,37.000000000000000,'2018-03-21 05:18:59.448253',1,2,'7',0,1,NULL,0,'2018-03-21 08:25:50.816292'),(1675,NULL,108.000000000000000,'2018-03-21 05:25:59.450247',1,2,'28',0,1,NULL,1,'2018-03-21 08:17:54.202055'),(1676,NULL,50.000000000000000,'2018-03-21 05:32:17.807761',1,2,'38',0,1,NULL,1,'2018-03-21 06:20:35.631148'),(1677,NULL,32.000000000000000,'2018-03-21 05:34:23.211683',1,2,'22',0,1,NULL,0,'2018-03-21 06:18:12.564570'),(1678,NULL,32.000000000000000,'2018-03-21 05:45:22.678828',1,2,'14',0,1,NULL,0,'2018-03-21 07:33:04.425629'),(1679,NULL,32.000000000000000,'2018-03-21 05:48:56.743987',1,2,'2',0,1,NULL,0,'2018-03-21 08:26:07.326847'),(1680,NULL,47.000000000000000,'2018-03-21 05:48:57.981166',1,2,'9',0,1,NULL,0,'2018-03-21 08:26:19.134089'),(1681,NULL,22.000000000000000,'2018-03-21 05:52:49.330261',6,2,'29',0,1,NULL,0,'2018-03-21 08:03:34.313401'),(1682,NULL,28.000000000000000,'2018-03-21 05:56:49.547511',1,2,'15',0,1,NULL,1,'2018-03-21 07:37:43.835689'),(1683,NULL,0.000000000000000,'2018-03-21 05:56:50.293888',NULL,2,'10',1,0,NULL,1,NULL),(1684,NULL,28.000000000000000,'2018-03-21 05:57:03.584619',1,2,'24',0,1,NULL,1,'2018-03-21 07:37:36.102158'),(1685,NULL,62.000000000000000,'2018-03-21 05:57:17.296564',1,2,'35',0,1,NULL,0,'2018-03-21 07:25:24.466694'),(1686,NULL,72.000000000000000,'2018-03-21 05:57:21.213946',1,2,'16',0,1,NULL,0,'2018-03-21 07:25:53.499615'),(1687,NULL,47.000000000000000,'2018-03-21 06:03:35.725460',1,2,'18',0,1,NULL,0,'2018-03-21 08:25:17.645676'),(1688,NULL,42.000000000000000,'2018-03-21 06:19:57.928065',1,2,'64',0,1,NULL,0,'2018-03-21 08:49:00.282221'),(1689,NULL,22.000000000000000,'2018-03-21 06:20:03.984205',1,2,'1',0,1,NULL,0,'2018-03-21 08:36:58.489741'),(1690,NULL,38.000000000000000,'2018-03-21 06:21:16.917978',1,2,'38',0,1,NULL,1,'2018-03-21 08:51:12.308040'),(1691,NULL,0.000000000000000,'2018-03-21 06:27:23.792787',1,2,'34',0,1,NULL,0,'2018-03-21 09:38:26.208860'),(1692,NULL,62.000000000000000,'2018-03-21 06:56:36.058749',1,2,'21',0,1,NULL,0,'2018-03-21 08:36:45.714584'),(1693,NULL,32.000000000000000,'2018-03-21 07:49:59.371899',1,2,'16',0,1,NULL,0,'2018-03-21 09:15:06.719761'),(1694,NULL,113.000000000000000,'2018-03-21 07:52:08.629171',7,2,'31',0,1,NULL,1,'2018-03-21 10:16:18.249726'),(1695,NULL,32.000000000000000,'2018-03-21 08:26:34.151801',1,2,'17',0,1,NULL,0,'2018-03-21 09:37:14.994923'),(1696,NULL,43.000000000000000,'2018-03-21 09:00:29.711885',6,2,'14',0,1,NULL,1,'2018-03-21 10:32:35.385359'),(1697,NULL,22.000000000000000,'2018-03-21 09:09:28.077618',6,2,'14',0,1,NULL,0,'2018-03-21 13:02:10.500472'),(1698,NULL,37.000000000000000,'2018-03-21 10:03:24.628777',6,2,'20',0,1,NULL,0,'2018-03-21 11:02:03.056332'),(1699,NULL,32.000000000000000,'2018-03-21 10:11:34.389778',6,2,'34',0,1,NULL,0,'2018-03-21 10:58:31.699517'),(1700,NULL,42.000000000000000,'2018-03-21 10:25:34.630280',6,2,'7',0,1,NULL,0,'2018-03-21 12:16:55.294401'),(1701,NULL,18.000000000000000,'2018-03-21 10:34:57.131137',6,2,'14',0,1,NULL,1,'2018-03-21 13:13:16.091575'),(1702,NULL,52.000000000000000,'2018-03-21 10:57:39.246596',1,2,'35',0,1,NULL,0,'2018-03-21 12:05:18.102733'),(1703,NULL,77.000000000000000,'2018-03-21 11:00:51.124346',6,2,'21',0,1,NULL,0,'2018-03-21 12:10:03.939894'),(1704,NULL,67.000000000000000,'2018-03-21 11:00:52.134751',6,2,'34',0,1,NULL,0,'2018-03-21 12:09:55.305179'),(1705,NULL,32.000000000000000,'2018-03-21 11:06:40.780149',6,2,'20',0,1,NULL,0,'2018-03-21 12:00:32.710200'),(1706,NULL,68.000000000000000,'2018-03-21 11:14:45.292986',6,2,'28',0,1,NULL,1,'2018-03-21 13:26:33.360267'),(1707,NULL,38.000000000000000,'2018-03-21 11:14:46.300920',6,2,'31',0,1,NULL,1,'2018-03-21 13:26:37.858749'),(1708,NULL,28.000000000000000,'2018-03-21 11:39:47.214406',1,2,'8',0,1,NULL,1,'2018-03-21 12:35:16.369413'),(1709,'于兆平',28.000000000000000,'2018-03-21 11:54:24.298185',2,2,'7',0,1,75,1,'2018-03-21 12:42:46.846091'),(1710,'于兆平',32.000000000000000,'2018-03-21 11:54:26.727925',2,2,'9',0,1,75,0,'2018-03-21 12:34:07.441010'),(1711,NULL,18.000000000000000,'2018-03-22 00:48:43.069281',7,3,'31',0,1,NULL,1,'2018-03-22 02:09:26.342387'),(1712,NULL,18.000000000000000,'2018-03-22 00:48:43.796426',7,3,'32',0,1,NULL,1,'2018-03-22 02:09:30.307681'),(1713,NULL,22.000000000000000,'2018-03-22 01:53:46.942961',1,3,'16',0,1,NULL,0,'2018-03-22 04:10:31.071850'),(1714,NULL,43.000000000000000,'2018-03-22 02:26:08.852283',1,3,'18',0,1,NULL,1,'2018-03-22 03:41:39.206648'),(1715,NULL,57.000000000000000,'2018-03-22 02:30:32.720025',6,3,'29',0,1,NULL,0,'2018-03-22 04:34:08.210358'),(1716,NULL,18.000000000000000,'2018-03-22 03:04:17.883801',1,3,'14',0,1,NULL,1,'2018-03-22 03:44:42.948602'),(1717,NULL,32.000000000000000,'2018-03-22 03:45:26.083613',1,3,'21',0,1,NULL,0,'2018-03-22 07:51:37.930105'),(1718,NULL,98.000000000000000,'2018-03-22 03:48:15.739388',1,3,'28',0,1,NULL,1,'2018-03-22 04:59:14.533922'),(1719,NULL,47.000000000000000,'2018-03-22 05:12:36.433019',7,3,'14',0,1,NULL,0,'2018-03-22 06:32:30.793265'),(1720,NULL,72.000000000000000,'2018-03-22 05:15:30.839034',6,3,'34',0,1,NULL,0,'2018-03-22 07:47:10.150332'),(1721,NULL,62.000000000000000,'2018-03-22 05:20:32.253541',1,3,'20',0,1,NULL,0,'2018-03-22 09:12:02.029123'),(1722,NULL,18.000000000000000,'2018-03-22 05:23:07.774383',1,3,'9',0,1,NULL,1,'2018-03-22 07:29:27.767369'),(1723,NULL,28.000000000000000,'2018-03-22 05:35:43.761836',6,3,'18',0,1,NULL,1,'2018-03-22 07:34:09.021105'),(1724,'吕冰河369',67.000000000000000,'2018-03-22 05:43:05.175183',2,3,'57',0,1,74,0,'2018-03-22 07:27:31.640843'),(1725,NULL,123.000000000000000,'2018-03-22 05:44:05.088879',7,3,'14',0,1,NULL,1,'2018-03-22 07:50:51.076274'),(1726,NULL,68.000000000000000,'2018-03-22 05:53:29.746090',1,3,'31',0,1,NULL,1,'2018-03-22 07:02:53.267260'),(1727,NULL,18.000000000000000,'2018-03-22 05:53:30.248114',1,3,'32',0,1,NULL,1,'2018-03-22 07:02:57.404175'),(1728,NULL,32.000000000000000,'2018-03-22 06:07:03.717861',6,3,'16',0,1,NULL,0,'2018-03-22 09:43:56.291865'),(1729,'陈健',40.000000000000000,'2018-03-22 06:08:10.923895',2,3,'68',0,1,3,0,'2018-03-22 12:36:33.624639'),(1730,NULL,42.000000000000000,'2018-03-22 06:20:55.244853',1,3,'0',0,1,NULL,0,'2018-03-22 09:42:47.288330'),(1731,NULL,18.000000000000000,'2018-03-22 07:08:50.978581',1,3,'24',0,1,NULL,1,'2018-03-22 08:36:48.012465'),(1732,NULL,37.000000000000000,'2018-03-22 07:08:53.137071',1,3,'35',0,1,NULL,0,'2018-03-22 08:36:40.742190'),(1733,NULL,22.000000000000000,'2018-03-22 07:18:49.966803',6,3,'14',0,1,NULL,0,'2018-03-22 08:14:28.990250'),(1734,NULL,92.000000000000000,'2018-03-22 07:22:54.948614',1,3,'22',0,1,NULL,0,'2018-03-22 08:48:41.321346'),(1735,NULL,62.000000000000000,'2018-03-22 07:22:59.250095',1,3,'9',0,1,NULL,0,'2018-03-22 08:48:30.753300'),(1736,NULL,32.000000000000000,'2018-03-22 07:25:25.682507',1,3,'64',0,1,NULL,0,'2018-03-22 08:56:00.871129'),(1737,NULL,18.000000000000000,'2018-03-22 07:25:29.165884',1,3,'38',0,1,NULL,1,'2018-03-22 09:03:07.770648'),(1738,'王朝',55.000000000000000,'2018-03-22 08:04:46.957266',2,3,'15',0,1,98,1,'2018-03-22 09:38:53.250924'),(1739,NULL,32.000000000000000,'2018-03-22 08:18:50.830245',6,3,'7',0,1,NULL,0,'2018-03-22 09:12:37.653367'),(1740,NULL,73.000000000000000,'2018-03-22 08:56:43.942432',1,3,'31',0,1,NULL,1,'2018-03-22 10:59:20.029113'),(1741,NULL,28.000000000000000,'2018-03-22 10:10:32.717385',6,3,'28',0,1,NULL,1,'2018-03-22 12:21:42.436848'),(1742,NULL,68.000000000000000,'2018-03-22 10:10:33.494418',6,3,'29',0,1,NULL,1,'2018-03-22 12:21:51.513862'),(1743,NULL,38.000000000000000,'2018-03-22 11:25:43.381678',1,3,'14',0,1,NULL,1,'2018-03-22 12:31:43.491229'),(1744,NULL,18.000000000000000,'2018-03-22 11:25:49.680252',1,3,'18',0,1,NULL,1,'2018-03-22 12:31:50.374749'),(1745,'李广盛',28.000000000000000,'2018-03-22 11:44:20.847935',2,3,'15',0,1,76,1,'2018-03-22 13:07:19.092348'),(1746,'李广盛',28.000000000000000,'2018-03-22 11:44:21.795023',2,3,'31',0,1,76,1,'2018-03-22 13:08:01.131954'),(1747,NULL,37.000000000000000,'2018-03-22 11:44:25.822838',1,3,'34',0,1,NULL,0,'2018-03-22 12:44:34.567235'),(1748,NULL,32.000000000000000,'2018-03-22 11:44:27.246930',1,3,'0',0,1,NULL,0,'2018-03-22 12:44:40.717618'),(1749,NULL,47.000000000000000,'2018-03-23 00:27:26.062137',1,2,'7',0,1,NULL,0,'2018-03-23 01:14:03.297164'),(1750,NULL,32.000000000000000,'2018-03-23 00:27:28.315550',1,2,'20',0,1,NULL,0,'2018-03-23 02:23:07.740871'),(1751,NULL,32.000000000000000,'2018-03-23 00:27:29.073829',1,2,'34',0,1,NULL,0,'2018-03-23 02:23:13.150880'),(1752,NULL,18.000000000000000,'2018-03-23 00:54:50.493357',1,2,'32',0,1,NULL,1,'2018-03-23 02:06:17.442866'),(1753,NULL,32.000000000000000,'2018-03-23 01:07:53.028659',1,2,'14',0,1,NULL,0,'2018-03-23 02:14:02.679762'),(1754,NULL,32.000000000000000,'2018-03-23 01:07:54.904326',6,2,'29',0,1,NULL,0,'2018-03-23 02:06:54.902358'),(1755,NULL,153.000000000000000,'2018-03-23 02:11:06.824240',1,2,'31',0,1,NULL,1,'2018-03-23 07:35:18.395914'),(1756,NULL,22.000000000000000,'2018-03-23 02:24:31.172548',1,2,'35',0,1,NULL,0,'2018-03-23 02:51:24.654907'),(1757,NULL,38.000000000000000,'2018-03-23 02:27:39.178912',1,2,'9',0,1,NULL,1,'2018-03-23 03:53:08.575882'),(1758,NULL,18.000000000000000,'2018-03-23 02:52:26.834254',1,2,'32',0,1,NULL,1,'2018-03-23 03:53:39.605677'),(1759,NULL,103.000000000000000,'2018-03-23 04:35:10.175528',1,2,'7',0,1,NULL,1,'2018-03-23 06:41:46.856255'),(1760,NULL,83.000000000000000,'2018-03-23 04:35:12.758571',7,2,'18',0,1,NULL,1,'2018-03-23 06:35:23.952056'),(1761,'姜振芳',22.000000000000000,'2018-03-23 04:35:22.269618',2,2,'22',0,1,9,0,'2018-03-23 07:43:26.321595'),(1762,'姜振芳',37.000000000000000,'2018-03-23 04:35:23.846721',2,2,'0',0,1,9,0,'2018-03-23 07:42:05.238358'),(1763,'姜振芳',32.000000000000000,'2018-03-23 04:35:25.697593',2,2,'1',0,1,9,0,'2018-03-23 07:42:43.963085'),(1764,'姜振芳',32.000000000000000,'2018-03-23 04:35:26.928869',2,2,'49',0,1,9,0,'2018-03-23 07:41:11.211192'),(1765,NULL,43.000000000000000,'2018-03-23 04:59:40.883426',1,2,'14',0,1,NULL,1,'2018-03-23 05:52:13.872993'),(1766,NULL,18.000000000000000,'2018-03-23 05:10:42.902866',7,2,'15',0,1,NULL,1,'2018-03-23 07:11:53.510279'),(1767,NULL,28.000000000000000,'2018-03-23 05:10:44.444375',7,2,'28',0,1,NULL,1,'2018-03-23 07:11:49.108439'),(1768,'王升显',40.000000000000000,'2018-03-23 05:28:14.012244',2,2,'75',0,1,1,0,'2018-03-23 05:32:06.675866'),(1769,'孙鹏飞',45.000000000000000,'2018-03-23 05:29:08.756163',2,2,'14',0,1,93,0,'2018-03-23 06:40:04.920081'),(1770,NULL,32.000000000000000,'2018-03-23 05:44:57.430228',6,2,'2',0,1,NULL,0,'2018-03-23 07:18:59.241391'),(1771,NULL,22.000000000000000,'2018-03-23 06:18:16.412160',1,2,'7',0,1,NULL,0,'2018-03-23 10:26:41.615135'),(1772,NULL,68.000000000000000,'2018-03-23 06:49:13.884694',6,2,'32',0,1,NULL,1,'2018-03-23 08:27:11.312428'),(1773,NULL,32.000000000000000,'2018-03-23 06:50:08.578053',1,2,'16',0,1,NULL,0,'2018-03-23 07:38:56.119132'),(1774,NULL,22.000000000000000,'2018-03-23 06:54:25.214175',6,2,'9',0,1,NULL,0,'2018-03-23 09:08:05.878137'),(1775,NULL,57.000000000000000,'2018-03-23 06:54:26.128873',6,2,'14',0,1,NULL,0,'2018-03-23 09:06:16.196111'),(1776,NULL,32.000000000000000,'2018-03-23 06:59:51.517446',1,2,'28',0,1,NULL,0,'2018-03-23 08:16:39.474031'),(1777,NULL,52.000000000000000,'2018-03-23 07:04:51.983774',6,2,'21',0,1,NULL,0,'2018-03-23 09:34:48.329187'),(1778,NULL,62.000000000000000,'2018-03-23 07:04:53.381439',6,2,'34',0,1,NULL,0,'2018-03-23 09:34:40.157898'),(1779,NULL,42.000000000000000,'2018-03-23 07:20:04.439382',6,2,'20',0,1,NULL,0,'2018-03-23 08:23:10.258586'),(1780,NULL,22.000000000000000,'2018-03-23 07:33:37.728467',6,2,'10',0,1,NULL,0,'2018-03-23 08:57:05.311410'),(1781,NULL,32.000000000000000,'2018-03-23 07:35:48.809083',7,2,'2',0,1,NULL,0,'2018-03-23 09:13:14.215867'),(1782,NULL,32.000000000000000,'2018-03-23 07:44:58.384765',1,2,'57',0,1,NULL,0,'2018-03-23 09:02:53.453577'),(1783,NULL,52.000000000000000,'2018-03-23 07:58:03.325461',6,2,'35',0,1,NULL,0,'2018-03-23 10:00:48.322486'),(1784,NULL,18.000000000000000,'2018-03-23 08:31:37.916069',1,2,'31',0,1,NULL,1,'2018-03-23 10:07:34.458734'),(1785,NULL,18.000000000000000,'2018-03-23 08:31:38.577301',1,2,'32',0,1,NULL,1,'2018-03-23 10:07:29.909833'),(1786,NULL,22.000000000000000,'2018-03-23 08:36:03.347273',6,2,'0',0,1,NULL,0,'2018-03-23 09:34:32.317197'),(1787,NULL,32.000000000000000,'2018-03-23 09:13:24.767603',1,2,'20',0,1,NULL,0,'2018-03-23 11:59:28.513773'),(1788,NULL,67.000000000000000,'2018-03-23 09:27:21.511177',1,2,'17',0,1,NULL,0,'2018-03-23 10:28:40.740512'),(1789,NULL,22.000000000000000,'2018-03-23 09:27:40.923428',1,2,'64',0,1,NULL,0,'2018-03-23 10:28:24.334731'),(1790,NULL,33.000000000000000,'2018-03-23 09:29:52.338601',6,2,'18',0,1,NULL,1,'2018-03-23 12:47:08.393846'),(1791,NULL,32.000000000000000,'2018-03-23 09:34:56.168991',1,2,'14',0,1,NULL,0,'2018-03-23 11:57:37.371990'),(1792,NULL,52.000000000000000,'2018-03-23 09:34:58.235689',7,2,'34',0,1,NULL,0,'2018-03-23 10:22:20.993289'),(1793,NULL,22.000000000000000,'2018-03-23 09:47:25.109303',1,2,'2',0,1,NULL,0,'2018-03-23 10:16:44.124100'),(1794,NULL,22.000000000000000,'2018-03-23 09:47:26.292313',1,2,'9',0,1,NULL,0,'2018-03-23 10:16:48.790976'),(1795,NULL,200.000000000000000,'2018-03-23 10:31:59.492549',1,2,'15',0,1,NULL,1,'2018-03-23 12:46:24.485230'),(1796,NULL,10.000000000000000,'2018-03-23 11:01:52.138800',6,2,'14',0,1,NULL,1,'2018-03-23 12:18:03.855825'),(1797,NULL,52.000000000000000,'2018-03-23 11:05:56.513835',1,2,'25',0,1,NULL,0,'2018-03-23 12:05:29.869739'),(1798,NULL,68.000000000000000,'2018-03-23 11:31:35.617611',7,2,'7',0,1,NULL,1,'2018-03-23 13:10:42.356215'),(1799,NULL,32.000000000000000,'2018-03-23 11:35:46.318780',6,2,'7',0,1,NULL,0,'2018-03-23 13:01:09.934683'),(1800,NULL,200.000000000000000,'2018-03-23 11:38:22.104460',1,2,'0',0,1,NULL,0,'2018-03-23 12:16:27.888286'),(1801,NULL,42.000000000000000,'2018-03-23 11:42:39.684038',1,2,'21',0,1,NULL,0,'2018-03-23 12:32:22.758298'),(1802,NULL,28.000000000000000,'2018-03-23 11:42:42.495343',1,2,'31',0,1,NULL,1,'2018-03-23 12:57:07.849967'),(1803,NULL,18.000000000000000,'2018-03-23 11:42:43.041478',1,2,'32',0,1,NULL,1,'2018-03-23 12:57:12.706350'),(1804,NULL,18.000000000000000,'2018-03-23 11:49:31.967784',1,2,'4',0,1,NULL,1,'2018-03-23 13:02:53.266024'),(1805,NULL,18.000000000000000,'2018-03-23 11:49:33.723879',1,2,'8',0,1,NULL,1,'2018-03-23 13:02:56.366861'),(1806,NULL,18.000000000000000,'2018-03-23 11:49:34.734284',1,2,'11',0,1,NULL,1,'2018-03-23 13:02:59.409135'),(1807,NULL,22.000000000000000,'2018-03-23 11:49:42.581936',1,2,'1',0,1,NULL,0,'2018-03-23 13:03:04.129944'),(1808,NULL,22.000000000000000,'2018-03-23 11:49:44.996070',1,2,'28',0,1,NULL,0,'2018-03-23 13:03:07.100262'),(1809,'王欣恬',10.000000000000000,'2018-03-23 11:59:59.888491',2,2,'24',0,1,87,1,'2018-03-23 13:00:13.388501'),(1810,NULL,32.000000000000000,'2018-03-24 00:41:34.967756',1,3,'0',0,1,NULL,0,'2018-03-24 01:57:34.192987'),(1811,NULL,67.000000000000000,'2018-03-24 00:41:36.260597',1,3,'20',0,1,NULL,0,'2018-03-24 01:57:52.342738'),(1812,NULL,22.000000000000000,'2018-03-24 00:49:30.350291',1,3,'14',0,1,NULL,0,'2018-03-24 02:24:33.994920'),(1813,NULL,77.000000000000000,'2018-03-24 00:50:55.173420',6,3,'34',0,1,NULL,0,'2018-03-24 02:40:18.267441'),(1814,NULL,67.000000000000000,'2018-03-24 00:50:57.793760',6,3,'7',0,1,NULL,0,'2018-03-24 02:40:27.151908'),(1815,NULL,32.000000000000000,'2018-03-24 01:00:21.764761',1,3,'9',0,1,NULL,0,'2018-03-24 01:57:43.600927'),(1816,NULL,37.000000000000000,'2018-03-24 01:13:15.031169',1,3,'21',0,1,NULL,0,'2018-03-24 02:06:23.762987'),(1817,NULL,32.000000000000000,'2018-03-24 01:34:22.962643',1,3,'29',0,1,NULL,0,'2018-03-24 02:16:28.272296'),(1818,NULL,53.000000000000000,'2018-03-24 02:17:43.704257',6,3,'14',0,1,NULL,1,'2018-03-24 04:32:27.071398'),(1819,NULL,43.000000000000000,'2018-03-24 02:17:44.339165',6,3,'15',0,1,NULL,1,'2018-03-24 04:32:38.822386'),(1820,NULL,22.000000000000000,'2018-03-24 02:43:04.099596',1,3,'0',0,1,NULL,0,'2018-03-24 07:09:28.358883'),(1821,NULL,22.000000000000000,'2018-03-24 02:43:05.801749',1,3,'7',0,1,NULL,0,'2018-03-24 07:09:39.576244'),(1822,NULL,22.000000000000000,'2018-03-24 02:43:08.655195',1,3,'20',0,1,NULL,0,'2018-03-24 07:09:33.481498'),(1823,NULL,0.000000000000000,'2018-03-24 02:59:19.080607',1,3,'21',0,1,NULL,0,'2018-03-24 03:37:26.054866'),(1824,NULL,22.000000000000000,'2018-03-24 04:05:17.670373',7,3,'9',0,1,NULL,0,'2018-03-24 04:36:46.962564'),(1825,NULL,43.000000000000000,'2018-03-24 04:19:58.442089',6,3,'18',0,1,NULL,1,'2018-03-24 05:38:06.626587'),(1826,NULL,43.000000000000000,'2018-03-24 04:20:00.193280',6,3,'31',0,1,NULL,1,'2018-03-24 05:37:55.557209'),(1827,NULL,77.000000000000000,'2018-03-24 04:20:03.625738',6,3,'29',0,1,NULL,0,'2018-03-24 06:41:53.771153'),(1828,NULL,32.000000000000000,'2018-03-24 04:32:53.506137',1,3,'28',0,1,NULL,0,'2018-03-24 06:54:30.841913'),(1829,NULL,32.000000000000000,'2018-03-24 04:56:38.333165',6,3,'2',0,1,NULL,0,'2018-03-24 07:11:29.419543'),(1830,NULL,37.000000000000000,'2018-03-24 04:56:41.340910',6,3,'35',0,1,NULL,0,'2018-03-24 07:11:37.738253'),(1831,NULL,62.000000000000000,'2018-03-24 04:56:43.964453',7,3,'9',0,1,NULL,0,'2018-03-24 07:02:42.846347'),(1832,NULL,37.000000000000000,'2018-03-24 04:56:46.422192',6,3,'21',0,1,NULL,0,'2018-03-24 07:10:48.818098'),(1833,NULL,22.000000000000000,'2018-03-24 04:56:50.641130',1,3,'14',0,1,NULL,0,'2018-03-24 06:51:30.954842'),(1834,NULL,42.000000000000000,'2018-03-24 04:58:48.638919',6,3,'16',0,1,NULL,0,'2018-03-24 07:11:21.110861'),(1835,NULL,32.000000000000000,'2018-03-24 05:07:54.050768',1,3,'1',0,1,NULL,0,'2018-03-24 06:47:30.279472'),(1836,NULL,22.000000000000000,'2018-03-24 05:07:55.584200',1,3,'22',0,1,NULL,0,'2018-03-24 06:46:58.191142'),(1837,NULL,18.000000000000000,'2018-03-24 05:07:58.514772',1,3,'7',0,1,NULL,1,'2018-03-24 06:46:44.823273'),(1838,NULL,52.000000000000000,'2018-03-24 05:13:23.840724',1,3,'25',0,1,NULL,0,'2018-03-24 07:58:56.244175'),(1839,NULL,22.000000000000000,'2018-03-24 05:17:05.132607',6,3,'31',0,1,NULL,0,'2018-03-24 07:09:55.197835'),(1840,NULL,22.000000000000000,'2018-03-24 05:17:05.925826',6,3,'38',0,1,NULL,0,'2018-03-24 07:10:38.978062'),(1841,NULL,43.000000000000000,'2018-03-24 05:51:03.007073',1,3,'32',0,1,NULL,1,'2018-03-24 07:18:15.857550'),(1842,NULL,35.000000000000000,'2018-03-24 05:51:44.437173',1,3,'28',0,1,NULL,1,'2018-03-24 08:10:32.025342'),(1843,NULL,31.000000000000000,'2018-03-24 05:51:56.170243',1,3,'14',0,1,NULL,1,'2018-03-24 08:11:34.326476'),(1844,NULL,210.000000000000000,'2018-03-24 05:52:22.647995',7,3,'31',0,1,NULL,1,'2018-03-24 08:12:30.265780'),(1845,NULL,10.000000000000000,'2018-03-24 05:52:38.728700',1,3,'8',0,1,NULL,1,'2018-03-24 08:10:51.238286'),(1846,NULL,0.000000000000000,'2018-03-24 05:54:26.799929',1,3,'15',0,1,NULL,1,'2018-03-24 08:11:22.777314'),(1847,NULL,25.000000000000000,'2018-03-24 05:54:27.612795',1,3,'18',0,1,NULL,1,'2018-03-24 08:11:07.541991'),(1848,NULL,18.000000000000000,'2018-03-24 06:03:36.710577',1,3,'9',0,1,NULL,1,'2018-03-24 08:32:09.222898'),(1849,NULL,27.000000000000000,'2018-03-24 06:07:30.414078',6,3,'24',0,1,NULL,0,'2018-03-24 07:57:31.925519'),(1850,NULL,40.000000000000000,'2018-03-24 06:21:23.250108',1,3,'17',0,1,NULL,0,'2018-03-24 08:35:49.293711'),(1851,NULL,35.000000000000000,'2018-03-24 06:21:24.707803',1,3,'18',0,1,NULL,0,'2018-03-24 08:36:04.610990'),(1852,NULL,18.000000000000000,'2018-03-24 06:26:20.173680',1,3,'24',0,1,NULL,1,'2018-03-24 07:39:44.384087'),(1853,NULL,77.000000000000000,'2018-03-24 06:30:26.407263',1,3,'4',0,1,NULL,0,'2018-03-24 10:15:16.061103'),(1854,NULL,72.000000000000000,'2018-03-24 06:32:31.021706',7,3,'10',0,1,NULL,0,'2018-03-24 08:30:51.404551'),(1855,NULL,18.000000000000000,'2018-03-24 06:35:39.997414',1,3,'34',0,1,NULL,1,'2018-03-24 08:48:24.223391'),(1856,'陆赟',18.000000000000000,'2018-03-24 06:40:54.552188',2,3,'37',0,1,25,1,'2018-03-24 07:55:18.969379'),(1857,'陆赟',58.000000000000000,'2018-03-24 06:40:59.784348',2,3,'54',0,1,25,1,'2018-03-24 07:54:27.840213'),(1858,NULL,47.000000000000000,'2018-03-24 06:48:32.351835',1,3,'64',0,1,NULL,0,'2018-03-24 09:04:06.945523'),(1859,NULL,83.000000000000000,'2018-03-24 06:48:35.310917',1,3,'38',0,1,NULL,1,'2018-03-24 09:18:09.225952'),(1860,NULL,0.000000000000000,'2018-03-24 06:48:46.744811',NULL,3,'29',1,0,NULL,0,NULL),(1861,NULL,0.000000000000000,'2018-03-24 06:48:50.817395',NULL,3,'37',1,0,NULL,0,NULL),(1862,NULL,43.000000000000000,'2018-03-24 06:49:49.250125',6,3,'25',0,1,NULL,1,'2018-03-24 09:02:03.492108'),(1863,NULL,33.000000000000000,'2018-03-24 06:49:52.724411',6,3,'29',0,1,NULL,1,'2018-03-24 09:02:14.169301'),(1864,NULL,37.000000000000000,'2018-03-24 07:04:48.882669',1,3,'1',0,1,NULL,0,'2018-03-24 10:15:38.216532'),(1865,NULL,18.000000000000000,'2018-03-24 07:08:00.801358',1,3,'7',0,1,NULL,1,'2018-03-24 08:00:30.164535'),(1866,NULL,18.000000000000000,'2018-03-24 07:08:02.286440',1,3,'20',0,1,NULL,1,'2018-03-24 08:00:24.409099'),(1867,NULL,22.000000000000000,'2018-03-24 07:10:59.588555',6,3,'9',0,1,NULL,0,'2018-03-24 07:11:08.278612'),(1868,NULL,32.000000000000000,'2018-03-24 08:03:52.626907',1,3,'20',0,1,NULL,0,'2018-03-24 08:50:05.907057'),(1869,NULL,67.000000000000000,'2018-03-24 08:03:54.088259',1,3,'14',0,1,NULL,0,'2018-03-24 08:50:19.547429'),(1870,NULL,10.000000000000000,'2018-03-24 08:06:25.736538',1,3,'31',0,1,NULL,0,'2018-03-24 08:51:31.623403'),(1871,NULL,32.000000000000000,'2018-03-24 08:13:26.992872',1,3,'29',0,1,NULL,0,'2018-03-24 10:37:36.347491'),(1872,NULL,22.000000000000000,'2018-03-24 08:27:46.382616',1,3,'21',0,1,NULL,0,'2018-03-24 09:40:03.217425'),(1873,NULL,32.000000000000000,'2018-03-24 08:27:47.654343',1,3,'28',0,1,NULL,0,'2018-03-24 09:40:08.336936'),(1874,NULL,52.000000000000000,'2018-03-24 08:28:28.784173',1,3,'22',0,1,NULL,0,'2018-03-24 10:21:32.315949'),(1875,NULL,62.000000000000000,'2018-03-24 08:28:29.581580',1,3,'24',0,1,NULL,0,'2018-03-24 10:21:42.831112'),(1876,NULL,28.000000000000000,'2018-03-24 08:32:36.729098',1,3,'32',0,1,NULL,1,'2018-03-24 09:59:13.849981'),(1877,'王朝',48.000000000000000,'2018-03-24 08:35:27.202872',2,3,'14',0,1,98,1,'2018-03-24 10:06:45.170494'),(1878,NULL,58.000000000000000,'2018-03-24 09:00:02.937692',1,3,'28',0,1,NULL,1,'2018-03-24 11:09:12.740948'),(1879,NULL,68.000000000000000,'2018-03-24 09:00:04.121317',1,3,'31',0,1,NULL,1,'2018-03-24 11:09:25.014183'),(1880,NULL,32.000000000000000,'2018-03-24 09:09:56.748596',1,3,'16',0,1,NULL,0,'2018-03-24 10:22:05.195348'),(1881,NULL,18.000000000000000,'2018-03-24 10:14:33.671072',6,3,'15',0,1,NULL,1,'2018-03-24 12:30:09.667461'),(1882,NULL,18.000000000000000,'2018-03-24 10:14:36.939249',6,3,'24',0,1,NULL,1,'2018-03-24 12:30:00.554885'),(1883,'林永绘',10.000000000000000,'2018-03-24 10:20:21.240320',2,3,'7',0,1,71,1,'2018-03-24 12:06:09.157282'),(1884,'林永绘',15.000000000000000,'2018-03-24 10:21:14.617736',2,3,'20',0,1,71,0,'2018-03-24 12:06:53.264199'),(1885,'林永绘',30.000000000000000,'2018-03-24 10:21:15.630032',2,3,'21',0,1,71,0,'2018-03-24 12:03:41.190702'),(1886,NULL,52.000000000000000,'2018-03-24 10:23:06.812451',1,3,'14',0,1,NULL,0,'2018-03-24 12:40:55.870465'),(1887,NULL,38.000000000000000,'2018-03-24 10:58:25.498275',6,3,'14',0,1,NULL,1,'2018-03-24 12:10:01.790590'),(1888,NULL,18.000000000000000,'2018-03-24 10:58:28.666426',6,3,'32',0,1,NULL,1,'2018-03-24 12:10:14.983162'),(1889,NULL,22.000000000000000,'2018-03-24 11:14:58.012250',6,3,'35',0,1,NULL,0,'2018-03-24 12:30:22.868187'),(1890,NULL,200.000000000000000,'2018-03-24 11:18:21.727099',1,3,'31',0,1,NULL,1,'2018-03-24 11:19:18.755959'),(1891,'于星梅',22.000000000000000,'2018-03-24 11:42:47.560456',2,3,'29',0,1,90,0,'2018-03-24 13:43:37.229121'),(1892,'于星梅',32.000000000000000,'2018-03-24 11:42:48.897599',2,3,'28',0,1,90,0,'2018-03-24 13:44:12.251836'),(1893,'于星梅',28.000000000000000,'2018-03-24 11:42:52.570379',2,3,'31',0,1,90,1,'2018-03-24 13:42:55.629918'),(1894,'林永绘',0.000000000000000,'2018-03-24 11:44:52.011218',2,3,'7',0,1,71,0,'2018-03-24 12:04:46.878894'),(1895,NULL,32.000000000000000,'2018-03-24 11:48:14.355183',1,3,'22',0,1,NULL,0,'2018-03-24 13:02:11.702407'),(1896,NULL,57.000000000000000,'2018-03-24 11:50:37.862808',1,3,'16',0,1,NULL,0,'2018-03-24 13:49:54.540562'),(1897,NULL,42.000000000000000,'2018-03-24 11:50:38.694201',1,3,'17',0,1,NULL,0,'2018-03-24 13:49:37.730127'),(1898,NULL,22.000000000000000,'2018-03-24 11:56:01.265488',1,3,'0',0,1,NULL,0,'2018-03-24 12:29:26.796060'),(1899,NULL,22.000000000000000,'2018-03-24 11:56:01.926063',1,3,'1',0,1,NULL,0,'2018-03-24 12:29:39.296052'),(1900,NULL,78.000000000000000,'2018-03-24 11:59:05.473283',1,3,'28',0,1,NULL,1,'2018-03-24 13:49:46.095596'),(1901,NULL,32.000000000000000,'2018-03-24 12:05:54.789607',6,3,'7',0,1,NULL,0,'2018-03-24 13:13:50.828658'),(1902,NULL,83.000000000000000,'2018-03-24 12:27:47.546962',6,3,'38',0,1,NULL,1,'2018-03-24 13:35:28.688658'),(1903,NULL,32.000000000000000,'2018-03-24 12:32:31.187275',1,3,'20',0,1,NULL,0,'2018-03-24 13:23:01.947722'),(1904,NULL,47.000000000000000,'2018-03-24 12:43:41.796348',6,3,'21',0,1,NULL,0,'2018-03-24 13:29:53.891801'),(1905,NULL,0.000000000000000,'2018-03-24 13:23:52.096653',NULL,3,'19',1,0,NULL,1,NULL),(1906,NULL,0.000000000000000,'2018-03-25 00:02:52.456736',NULL,2,'7',0,0,NULL,0,NULL),(1907,NULL,32.000000000000000,'2018-03-25 00:02:53.646300',7,2,'20',0,1,NULL,0,'2018-03-25 00:48:15.162419'),(1908,NULL,73.000000000000000,'2018-03-25 00:21:35.694862',1,2,'14',0,1,NULL,1,'2018-03-25 01:41:40.789241'),(1909,NULL,18.000000000000000,'2018-03-25 00:21:37.008110',1,2,'18',0,1,NULL,1,'2018-03-25 01:41:24.840069'),(1910,NULL,48.000000000000000,'2018-03-25 00:21:42.122085',1,2,'31',0,1,NULL,1,'2018-03-25 01:41:34.192411'),(1911,NULL,52.000000000000000,'2018-03-25 00:22:27.255211',1,2,'21',0,1,NULL,0,'2018-03-25 02:06:30.934833'),(1912,NULL,0.000000000000000,'2018-03-25 00:40:57.087811',NULL,2,'28',0,0,NULL,0,NULL),(1913,NULL,0.000000000000000,'2018-03-25 00:40:59.038630',NULL,2,'35',0,0,NULL,0,NULL),(1914,NULL,0.000000000000000,'2018-03-25 00:41:00.761126',NULL,2,'14',0,0,NULL,0,NULL),(1915,NULL,28.000000000000000,'2018-03-25 00:46:59.624433',1,2,'15',0,1,NULL,1,'2018-03-25 01:47:52.654388'),(1916,NULL,28.000000000000000,'2018-03-25 00:47:00.899531',6,2,'32',0,1,NULL,1,'2018-03-25 02:05:54.605613'),(1917,NULL,0.000000000000000,'2018-03-25 00:56:39.361901',NULL,2,'9',0,0,NULL,0,NULL),(1918,NULL,0.000000000000000,'2018-03-25 01:38:12.528679',NULL,2,'29',0,0,NULL,0,NULL),(1919,NULL,0.000000000000000,'2018-03-25 01:45:24.182611',NULL,2,'0',0,0,NULL,0,NULL),(1920,NULL,0.000000000000000,'2018-03-25 01:45:25.491971',NULL,2,'20',0,0,NULL,0,NULL),(1921,NULL,0.000000000000000,'2018-03-25 01:52:04.670252',NULL,2,'7',0,0,NULL,1,NULL);
/*!40000 ALTER TABLE `accounting_income` ENABLE KEYS */;
UNLOCK TABLES;

--
-- Table structure for table `accounting_item`
--

DROP TABLE IF EXISTS `accounting_item`;
/*!40101 SET @saved_cs_client     = @@character_set_client */;
/*!40101 SET character_set_client = utf8 */;
CREATE TABLE `accounting_item` (
  `id` int(11) NOT NULL AUTO_INCREMENT,
  `name` varchar(60) NOT NULL,
  `price` decimal(25,15) NOT NULL,
  `cost` decimal(25,15) NOT NULL,
  `is_deleted` tinyint(1) NOT NULL,
  `promote_ratio` decimal(25,15) NOT NULL,
  `priority` int(11) NOT NULL,
  PRIMARY KEY (`id`)
) ENGINE=InnoDB AUTO_INCREMENT=1000015 DEFAULT CHARSET=utf8;
/*!40101 SET character_set_client = @saved_cs_client */;

--
-- Dumping data for table `accounting_item`
--

LOCK TABLES `accounting_item` WRITE;
/*!40000 ALTER TABLE `accounting_item` DISABLE KEYS */;
INSERT INTO `accounting_item` VALUES (1,'男浴资',22.000000000000000,0.000000000000000,0,0.000000000000000,2),(2,'女浴资',18.000000000000000,0.000000000000000,0,0.000000000000000,1),(3,'搓背',10.000000000000000,0.000000000000000,0,0.700000000000000,3),(4,'搓泥宝',10.000000000000000,0.000000000000000,0,0.600000000000000,4),(5,'打醋',15.000000000000000,0.000000000000000,0,0.600000000000000,5),(6,'5元搓澡巾',5.000000000000000,0.000000000000000,0,0.000000000000000,6),(7,'10元搓澡巾',10.000000000000000,0.000000000000000,0,0.000000000000000,7),(8,'盐，奶，硫磺，姜，芦荟',15.000000000000000,0.000000000000000,0,0.600000000000000,8),(9,'二合一组合',20.000000000000000,0.000000000000000,0,0.600000000000000,9),(10,'蜂蜜+奶',25.000000000000000,0.000000000000000,0,0.600000000000000,10),(11,'三合一组合',30.000000000000000,0.000000000000000,0,0.600000000000000,11),(12,'蜂蜜，蛋，奶',40.000000000000000,0.000000000000000,0,0.600000000000000,12),(13,'精油推背',40.000000000000000,0.000000000000000,0,0.600000000000000,13),(14,'大礼包',50.000000000000000,0.000000000000000,0,0.600000000000000,14),(15,'精油全身',60.000000000000000,0.000000000000000,0,0.600000000000000,15),(16,'足疗',20.000000000000000,0.000000000000000,0,0.700000000000000,16),(17,'捏脚',20.000000000000000,0.000000000000000,0,0.700000000000000,17),(18,'精细足疗',40.000000000000000,0.000000000000000,0,0.700000000000000,18),(19,'局部推拿',20.000000000000000,0.000000000000000,0,0.700000000000000,19),(20,'拔罐',15.000000000000000,0.000000000000000,0,0.700000000000000,20),(21,'走罐',20.000000000000000,0.000000000000000,0,0.700000000000000,21),(22,'传统竹罐',20.000000000000000,0.000000000000000,0,0.700000000000000,22),(23,'刮痧',20.000000000000000,0.000000000000000,0,0.700000000000000,23),(24,'修脚',20.000000000000000,0.000000000000000,0,0.700000000000000,24),(25,'精局部推拿',30.000000000000000,0.000000000000000,0,0.700000000000000,25),(26,'红绿茶，王老吉。碗面',5.000000000000000,0.000000000000000,1,0.000000000000000,26),(27,'火疗',60.000000000000000,0.000000000000000,0,0.700000000000000,27),(29,'茶水',15.000000000000000,0.000000000000000,0,0.000000000000000,29),(30,'水，饮料，碗面',5.000000000000000,0.000000000000000,0,0.000000000000000,30),(31,'花茶+姜汁',10.000000000000000,0.000000000000000,0,0.000000000000000,31),(1000003,'豆奶',8.000000000000000,0.000000000000000,0,0.000000000000000,1000003),(1000004,'洗发水',1.000000000000000,0.000000000000000,0,0.000000000000000,1000004),(1000005,'普通毛巾',4.000000000000000,0.000000000000000,0,0.000000000000000,1000005),(1000006,'头疗',20.000000000000000,0.000000000000000,0,0.700000000000000,1000006),(1000007,'舒肤佳香皂',5.000000000000000,0.000000000000000,0,0.000000000000000,1000007),(1000008,'美容刮脸',20.000000000000000,0.000000000000000,0,0.700000000000000,1000008),(1000009,'足疗',30.000000000000000,0.000000000000000,0,0.700000000000000,1000009),(1000010,'女浴次卡购买',200.000000000000000,0.000000000000000,0,0.000000000000000,1000010),(1000011,'男浴次卡购买',200.000000000000000,0.000000000000000,0,0.000000000000000,1000011),(1000012,'男次卡浴资',0.000000000000000,0.000000000000000,0,0.000000000000000,1000012),(1000013,'女次卡浴资',0.000000000000000,0.000000000000000,0,0.000000000000000,1000013),(1000014,'贵妃浴',48.000000000000000,0.000000000000000,0,0.000000000000000,1000014);
/*!40000 ALTER TABLE `accounting_item` ENABLE KEYS */;
UNLOCK TABLES;

--
-- Table structure for table `accounting_job`
--

DROP TABLE IF EXISTS `accounting_job`;
/*!40101 SET @saved_cs_client     = @@character_set_client */;
/*!40101 SET character_set_client = utf8 */;
CREATE TABLE `accounting_job` (
  `id` int(11) NOT NULL AUTO_INCREMENT,
  `name` varchar(60) NOT NULL,
  `priviledge` int(11) NOT NULL,
  `is_deleted` tinyint(1) NOT NULL,
  PRIMARY KEY (`id`)
) ENGINE=InnoDB AUTO_INCREMENT=9 DEFAULT CHARSET=utf8;
/*!40101 SET character_set_client = @saved_cs_client */;

--
-- Dumping data for table `accounting_job`
--

LOCK TABLES `accounting_job` WRITE;
/*!40000 ALTER TABLE `accounting_job` DISABLE KEYS */;
INSERT INTO `accounting_job` VALUES (1,'系统管理员',0,0),(2,'经理',0,0),(3,'收银员',20,0),(4,'搓澡工',100,0),(5,'搓澡工',100,1),(6,'搓澡操作员',15,0),(7,'大堂服务',100,0),(8,'大堂服务',100,0);
/*!40000 ALTER TABLE `accounting_job` ENABLE KEYS */;
UNLOCK TABLES;

--
-- Table structure for table `accounting_paymentmethod`
--

DROP TABLE IF EXISTS `accounting_paymentmethod`;
/*!40101 SET @saved_cs_client     = @@character_set_client */;
/*!40101 SET character_set_client = utf8 */;
CREATE TABLE `accounting_paymentmethod` (
  `id` int(11) NOT NULL AUTO_INCREMENT,
  `name` varchar(60) NOT NULL,
  `real_income` tinyint(1) NOT NULL,
  `is_deleted` tinyint(1) NOT NULL,
  `priority` int(11) NOT NULL,
  PRIMARY KEY (`id`)
) ENGINE=InnoDB AUTO_INCREMENT=9 DEFAULT CHARSET=utf8;
/*!40101 SET character_set_client = @saved_cs_client */;

--
-- Dumping data for table `accounting_paymentmethod`
--

LOCK TABLES `accounting_paymentmethod` WRITE;
/*!40000 ALTER TABLE `accounting_paymentmethod` DISABLE KEYS */;
INSERT INTO `accounting_paymentmethod` VALUES (1,'现金',1,0,1),(2,'会员卡',1,0,2),(3,'微信/支付宝',1,1,3),(4,'借记卡/信用卡',1,0,4),(5,'混合支付',1,0,5),(6,'微信',1,0,6),(7,'支付宝',1,0,7),(8,'次卡',1,0,8);
/*!40000 ALTER TABLE `accounting_paymentmethod` ENABLE KEYS */;
UNLOCK TABLES;

--
-- Table structure for table `accounting_service`
--

DROP TABLE IF EXISTS `accounting_service`;
/*!40101 SET @saved_cs_client     = @@character_set_client */;
/*!40101 SET character_set_client = utf8 */;
CREATE TABLE `accounting_service` (
  `id` int(11) NOT NULL AUTO_INCREMENT,
  `income_id` int(11) NOT NULL,
  `item_id` int(11) DEFAULT NULL,
  `staff_id` int(11) DEFAULT NULL,
  `is_deleted` tinyint(1) NOT NULL,
  `item_no` decimal(25,15) NOT NULL,
  `recorder_id` int(11) DEFAULT NULL,
  PRIMARY KEY (`id`),
  KEY `accounting_service_income_id_24f7a33b_fk_accounting_income_id` (`income_id`),
  KEY `accounting_service_staff_id_12f25be6_fk_accounting_staff_id` (`staff_id`),
  KEY `accounting_service_item_id_16a17ee0_fk_accounting_item_id` (`item_id`),
  KEY `accounting_service_recorder_id_5e9f3247_fk_accountin` (`recorder_id`),
  CONSTRAINT `accounting_service_income_id_24f7a33b_fk_accounting_income_id` FOREIGN KEY (`income_id`) REFERENCES `accounting_income` (`id`),
  CONSTRAINT `accounting_service_item_id_16a17ee0_fk_accounting_item_id` FOREIGN KEY (`item_id`) REFERENCES `accounting_item` (`id`),
  CONSTRAINT `accounting_service_recorder_id_5e9f3247_fk_accountin` FOREIGN KEY (`recorder_id`) REFERENCES `accounting_systemuser` (`id`),
  CONSTRAINT `accounting_service_staff_id_12f25be6_fk_accounting_staff_id` FOREIGN KEY (`staff_id`) REFERENCES `accounting_staff` (`id`)
) ENGINE=InnoDB AUTO_INCREMENT=4616 DEFAULT CHARSET=utf8;
/*!40101 SET character_set_client = @saved_cs_client */;

--
-- Dumping data for table `accounting_service`
--

LOCK TABLES `accounting_service` WRITE;
/*!40000 ALTER TABLE `accounting_service` DISABLE KEYS */;
INSERT INTO `accounting_service` VALUES (1,2,2,NULL,0,1.000000000000000,2),(2,4,4,6,0,1.000000000000000,2),(3,4,4,6,1,1.000000000000000,2),(4,4,2,NULL,0,1.000000000000000,2),(5,5,2,NULL,0,1.000000000000000,2),(6,5,4,6,0,1.000000000000000,2),(7,6,2,NULL,0,1.000000000000000,2),(8,7,2,NULL,0,1.000000000000000,2),(9,7,4,6,0,1.000000000000000,2),(10,8,2,NULL,0,1.000000000000000,2),(11,9,2,NULL,0,1.000000000000000,2),(12,9,4,6,0,2.000000000000000,2),(13,10,2,NULL,0,1.000000000000000,2),(14,10,4,6,1,0.000000000000000,2),(15,10,9,NULL,1,0.000000000000000,2),(16,10,8,NULL,1,0.000000000000000,2),(17,10,4,6,1,0.000000000000000,5),(18,10,15,6,1,0.000000000000000,5),(19,11,2,NULL,0,1.000000000000000,2),(20,11,5,NULL,0,1.000000000000000,2),(21,12,3,NULL,0,1.000000000000000,2),(22,12,4,7,1,0.000000000000000,2),(23,12,4,7,0,1.000000000000000,2),(24,12,12,7,0,2.000000000000000,2),(25,12,23,6,0,1.000000000000000,2),(26,10,2,6,1,0.000000000000000,5),(27,10,4,6,0,1.000000000000000,5),(28,10,10,6,0,1.000000000000000,5),(29,10,1,NULL,1,0.000000000000000,2),(30,13,8,NULL,1,0.000000000000000,2),(31,14,27,NULL,1,0.000000000000000,3),(32,14,7,NULL,1,0.000000000000000,3),(33,14,5,NULL,1,0.000000000000000,3),(34,14,6,6,0,1.000000000000000,5),(35,16,6,11,0,1.000000000000000,5),(36,16,27,11,1,0.000000000000000,5),(37,15,2,NULL,0,1.000000000000000,3),(38,15,26,NULL,0,1.000000000000000,3),(39,27,3,NULL,0,1.000000000000000,3),(40,27,4,7,1,0.000000000000000,3),(41,27,6,7,0,1.000000000000000,3),(42,14,10,6,1,0.000000000000000,5),(43,14,10,6,0,1.000000000000000,5),(44,29,2,NULL,1,0.000000000000000,3),(45,29,6,7,1,0.000000000000000,3),(46,16,2,11,0,2.000000000000000,3),(47,32,2,NULL,0,1.000000000000000,3),(48,32,6,NULL,0,1.000000000000000,3),(49,33,2,NULL,1,0.000000000000000,3),(50,34,1,NULL,0,1.000000000000000,3),(51,36,1,NULL,0,1.000000000000000,3),(52,37,1,NULL,0,1.000000000000000,2),(53,37,7,11,0,1.000000000000000,5),(54,37,12,11,1,0.000000000000000,5),(55,37,29,11,1,0.000000000000000,2),(56,37,29,NULL,0,1.000000000000000,2),(57,44,1,NULL,0,1.000000000000000,2),(58,44,6,NULL,0,1.000000000000000,2),(59,45,1,NULL,1,0.000000000000000,2),(60,43,1,NULL,0,1.000000000000000,2),(61,43,9,NULL,0,1.000000000000000,2),(62,42,1,NULL,0,1.000000000000000,2),(63,41,1,NULL,0,1.000000000000000,2),(64,41,13,11,0,1.000000000000000,2),(65,46,1,NULL,0,1.000000000000000,2),(66,46,9,6,0,2.000000000000000,2),(67,46,7,6,0,1.000000000000000,2),(68,46,10,6,0,1.000000000000000,2),(69,39,1,NULL,0,1.000000000000000,2),(70,47,1,NULL,0,1.000000000000000,2),(71,47,9,6,0,1.000000000000000,2),(72,38,1,NULL,0,1.000000000000000,2),(73,38,9,NULL,0,1.000000000000000,2),(74,48,1,NULL,0,1.000000000000000,2),(75,40,1,NULL,0,1.000000000000000,2),(76,49,1,NULL,0,1.000000000000000,2),(77,49,9,NULL,0,1.000000000000000,2),(78,50,1,NULL,0,1.000000000000000,2),(79,51,1,NULL,0,1.000000000000000,2),(80,53,2,NULL,0,1.000000000000000,2),(81,53,9,NULL,1,0.000000000000000,2),(82,53,19,NULL,0,1.000000000000000,2),(83,54,1,NULL,0,1.000000000000000,2),(84,54,9,NULL,1,0.000000000000000,2),(85,54,25,NULL,0,1.000000000000000,2),(86,54,27,NULL,0,1.000000000000000,2),(87,54,9,NULL,1,0.000000000000000,2),(88,54,9,6,0,2.000000000000000,2),(89,55,1,NULL,0,1.000000000000000,2),(90,63,1,NULL,0,1.000000000000000,2),(91,72,1,NULL,0,1.000000000000000,2),(92,72,9,NULL,1,0.000000000000000,2),(93,72,13,11,1,0.000000000000000,2),(94,72,9,NULL,1,0.000000000000000,2),(95,72,9,11,0,1.000000000000000,2),(96,78,1,NULL,0,1.000000000000000,2),(97,78,9,NULL,0,1.000000000000000,2),(98,78,23,NULL,0,1.000000000000000,2),(99,78,24,NULL,0,1.000000000000000,2),(100,64,2,NULL,0,1.000000000000000,2),(101,71,2,NULL,0,1.000000000000000,2),(102,68,2,NULL,0,1.000000000000000,2),(103,68,9,NULL,1,0.000000000000000,2),(104,68,9,7,0,1.000000000000000,2),(105,65,2,NULL,0,1.000000000000000,2),(106,70,2,NULL,0,1.000000000000000,2),(107,70,9,7,0,1.000000000000000,2),(108,70,12,7,0,1.000000000000000,2),(109,66,2,NULL,0,1.000000000000000,2),(110,66,9,7,0,1.000000000000000,2),(111,66,5,7,1,0.000000000000000,2),(112,66,12,7,0,2.000000000000000,2),(113,66,10,7,0,1.000000000000000,2),(114,66,5,NULL,0,1.000000000000000,2),(115,67,2,NULL,0,1.000000000000000,2),(116,69,2,NULL,0,1.000000000000000,2),(117,52,1,NULL,0,1.000000000000000,2),(118,52,9,11,0,1.000000000000000,2),(119,61,1,NULL,0,1.000000000000000,2),(120,61,9,6,0,1.000000000000000,2),(121,59,1,NULL,0,1.000000000000000,2),(122,59,9,11,0,1.000000000000000,2),(123,59,10,11,0,1.000000000000000,2),(124,59,16,6,0,1.000000000000000,2),(125,57,1,NULL,0,1.000000000000000,2),(126,57,9,11,0,1.000000000000000,2),(127,58,1,NULL,0,1.000000000000000,2),(128,58,9,6,0,1.000000000000000,2),(129,58,21,6,0,1.000000000000000,2),(130,62,1,NULL,0,1.000000000000000,2),(131,62,9,6,0,1.000000000000000,2),(132,75,1,NULL,0,1.000000000000000,2),(133,75,9,11,0,1.000000000000000,2),(134,75,5,11,0,1.000000000000000,2),(135,73,1,NULL,0,1.000000000000000,2),(136,74,1,NULL,0,1.000000000000000,2),(137,60,1,NULL,0,1.000000000000000,2),(138,56,1,NULL,0,1.000000000000000,2),(139,56,9,6,0,1.000000000000000,2),(140,56,18,6,0,1.000000000000000,2),(141,56,21,6,0,1.000000000000000,2),(142,77,2,NULL,0,1.000000000000000,2),(143,76,2,NULL,1,0.000000000000000,2),(144,76,9,NULL,1,0.000000000000000,2),(145,76,2,NULL,0,1.000000000000000,2),(146,76,9,7,0,1.000000000000000,2),(147,80,10,6,1,0.000000000000000,5),(148,80,11,6,1,0.000000000000000,5),(149,80,3,6,1,0.000000000000000,5),(150,84,2,NULL,0,1.000000000000000,2),(151,84,9,7,0,1.000000000000000,2),(152,85,1,NULL,0,1.000000000000000,2),(153,85,9,11,0,1.000000000000000,2),(154,81,1,NULL,0,1.000000000000000,2),(155,81,9,6,0,1.000000000000000,2),(156,81,10,6,0,1.000000000000000,2),(157,80,1,NULL,0,1.000000000000000,2),(158,86,1,NULL,0,1.000000000000000,2),(159,86,9,6,0,1.000000000000000,2),(160,80,5,6,0,1.000000000000000,5),(161,88,1,NULL,0,1.000000000000000,2),(162,88,9,11,0,1.000000000000000,2),(163,87,1,NULL,0,1.000000000000000,2),(164,87,9,6,0,1.000000000000000,2),(165,89,9,7,1,0.000000000000000,5),(166,89,22,7,1,0.000000000000000,5),(167,82,7,6,1,0.000000000000000,5),(168,89,1,NULL,0,1.000000000000000,2),(169,89,9,6,0,1.000000000000000,2),(170,89,23,6,0,1.000000000000000,2),(171,82,10,6,1,0.000000000000000,5),(172,82,2,11,1,0.000000000000000,5),(173,79,2,NULL,0,1.000000000000000,2),(174,79,9,7,0,1.000000000000000,2),(175,79,23,11,0,1.000000000000000,2),(176,82,1,NULL,0,1.000000000000000,2),(177,82,9,11,0,1.000000000000000,2),(178,82,10,11,0,1.000000000000000,2),(179,82,25,11,0,1.000000000000000,2),(180,83,1,NULL,0,1.000000000000000,2),(181,83,9,6,0,1.000000000000000,2),(182,83,10,6,0,1.000000000000000,2),(183,90,16,NULL,1,0.000000000000000,2),(184,90,2,NULL,0,1.000000000000000,2),(185,90,9,7,0,1.000000000000000,2),(186,90,6,7,0,1.000000000000000,2),(187,91,2,NULL,0,1.000000000000000,2),(188,91,9,7,0,1.000000000000000,2),(189,91,6,7,0,1.000000000000000,2),(190,91,7,7,0,1.000000000000000,2),(191,91,13,7,0,1.000000000000000,2),(192,96,2,7,0,1.000000000000000,5),(193,96,4,12,0,1.000000000000000,5),(194,98,7,12,1,0.000000000000000,5),(195,99,1,NULL,0,1.000000000000000,3),(196,99,4,NULL,0,1.000000000000000,3),(197,99,8,NULL,0,1.000000000000000,3),(198,100,1,NULL,0,1.000000000000000,3),(199,101,2,NULL,0,1.000000000000000,3),(200,101,4,NULL,0,1.000000000000000,3),(201,101,6,NULL,0,1.000000000000000,3),(202,102,2,NULL,0,1.000000000000000,3),(203,102,4,NULL,0,1.000000000000000,3),(204,102,6,NULL,0,1.000000000000000,3),(205,102,25,NULL,0,1.000000000000000,3),(206,102,29,NULL,0,3.000000000000000,3),(207,103,1,NULL,0,1.000000000000000,3),(208,103,4,NULL,0,2.000000000000000,3),(209,104,1,NULL,0,1.000000000000000,3),(210,104,16,NULL,0,1.000000000000000,3),(211,107,4,13,0,1.000000000000000,5),(212,105,4,13,0,1.000000000000000,5),(213,109,4,11,0,1.000000000000000,5),(214,113,16,6,0,1.000000000000000,5),(215,110,4,6,0,1.000000000000000,5),(216,110,10,6,0,1.000000000000000,5),(217,97,4,7,0,1.000000000000000,5),(218,97,6,7,0,1.000000000000000,5),(219,112,1,NULL,0,1.000000000000000,3),(220,97,2,7,0,1.000000000000000,5),(221,98,1,12,1,0.000000000000000,5),(222,98,1,12,0,1.000000000000000,5),(223,98,4,12,0,6.000000000000000,5),(224,106,1,NULL,0,1.000000000000000,3),(225,105,1,13,0,1.000000000000000,3),(226,108,1,NULL,0,1.000000000000000,3),(227,107,1,13,0,1.000000000000000,3),(228,110,1,6,0,1.000000000000000,3),(229,109,1,11,0,1.000000000000000,3),(230,113,1,6,0,1.000000000000000,3),(231,97,14,7,0,1.000000000000000,5),(232,117,2,NULL,0,1.000000000000000,3),(233,118,2,NULL,0,1.000000000000000,3),(234,124,3,7,0,1.000000000000000,5),(235,124,5,7,0,1.000000000000000,5),(236,121,1,NULL,0,1.000000000000000,3),(237,121,3,NULL,0,1.000000000000000,3),(238,121,9,NULL,0,1.000000000000000,3),(239,124,2,7,0,1.000000000000000,3),(240,122,1,NULL,0,1.000000000000000,3),(241,122,3,NULL,0,1.000000000000000,3),(242,122,6,NULL,0,1.000000000000000,3),(243,122,8,NULL,0,1.000000000000000,3),(244,122,16,NULL,0,1.000000000000000,3),(245,122,17,NULL,0,1.000000000000000,3),(246,123,1,NULL,0,1.000000000000000,3),(247,123,16,NULL,0,1.000000000000000,3),(248,123,27,NULL,0,1.000000000000000,3),(249,114,1,NULL,0,1.000000000000000,3),(250,115,1,NULL,0,1.000000000000000,3),(251,135,1,NULL,0,1.000000000000000,3),(252,135,3,NULL,0,1.000000000000000,3),(253,134,1,NULL,0,1.000000000000000,3),(254,134,3,NULL,0,1.000000000000000,3),(255,134,6,NULL,0,1.000000000000000,3),(256,136,1,NULL,0,1.000000000000000,3),(257,136,3,NULL,0,1.000000000000000,3),(258,136,6,NULL,0,1.000000000000000,3),(259,133,1,NULL,0,1.000000000000000,3),(260,133,3,NULL,0,1.000000000000000,3),(261,132,1,NULL,0,1.000000000000000,3),(262,132,3,NULL,0,1.000000000000000,3),(263,158,16,12,1,0.000000000000000,5),(264,160,3,6,0,1.000000000000000,5),(265,160,4,6,0,1.000000000000000,5),(266,161,3,6,0,1.000000000000000,5),(267,161,4,6,0,1.000000000000000,5),(268,162,25,6,0,1.000000000000000,5),(269,159,3,12,0,1.000000000000000,5),(270,160,1,6,1,0.000000000000000,2),(271,160,1,NULL,0,1.000000000000000,2),(272,158,3,7,0,1.000000000000000,5),(273,158,5,7,0,1.000000000000000,5),(274,164,6,6,0,1.000000000000000,5),(275,164,3,6,0,1.000000000000000,5),(276,162,3,13,0,1.000000000000000,5),(277,162,4,13,0,1.000000000000000,5),(278,161,23,6,0,1.000000000000000,5),(279,159,2,NULL,0,1.000000000000000,2),(280,161,1,NULL,0,1.000000000000000,2),(281,162,1,NULL,0,1.000000000000000,2),(282,167,3,12,0,1.000000000000000,5),(283,167,5,12,0,1.000000000000000,5),(284,164,11,11,0,1.000000000000000,5),(285,167,2,NULL,0,1.000000000000000,2),(286,165,1,NULL,0,1.000000000000000,2),(287,158,11,7,0,1.000000000000000,5),(288,158,10,7,0,1.000000000000000,5),(289,163,1,NULL,0,1.000000000000000,2),(290,164,1,NULL,0,1.000000000000000,2),(291,168,1,NULL,0,1.000000000000000,2),(292,158,2,NULL,0,1.000000000000000,2),(293,169,1,NULL,0,1.000000000000000,2),(294,171,3,11,0,1.000000000000000,5),(295,171,6,11,0,1.000000000000000,5),(296,171,1,NULL,0,1.000000000000000,2),(297,170,3,12,0,1.000000000000000,5),(298,170,12,12,0,1.000000000000000,5),(299,173,11,13,1,0.000000000000000,5),(300,173,1,NULL,1,0.000000000000000,2),(301,170,2,12,0,1.000000000000000,2),(302,173,16,13,0,1.000000000000000,5),(303,173,1,NULL,0,1.000000000000000,2),(304,176,3,11,0,1.000000000000000,5),(305,177,3,13,0,1.000000000000000,5),(306,174,3,7,0,1.000000000000000,5),(307,172,1,NULL,0,1.000000000000000,2),(308,174,5,7,0,1.000000000000000,5),(309,175,3,12,0,1.000000000000000,5),(310,175,5,12,0,1.000000000000000,5),(311,184,1,NULL,0,1.000000000000000,2),(312,180,4,6,0,1.000000000000000,5),(313,180,3,6,0,1.000000000000000,5),(314,183,3,12,0,1.000000000000000,5),(315,181,3,11,0,1.000000000000000,5),(316,181,4,11,0,1.000000000000000,5),(317,176,19,6,0,1.000000000000000,5),(318,177,19,6,0,1.000000000000000,5),(319,183,2,NULL,0,1.000000000000000,2),(320,182,2,11,1,0.000000000000000,5),(321,182,1,11,1,0.000000000000000,5),(322,185,24,14,0,1.000000000000000,5),(323,176,1,NULL,0,1.000000000000000,2),(324,180,23,6,0,1.000000000000000,5),(325,181,23,6,0,1.000000000000000,5),(326,177,1,NULL,0,1.000000000000000,2),(327,181,16,13,0,1.000000000000000,5),(328,190,3,7,0,1.000000000000000,5),(329,174,2,NULL,0,1.000000000000000,2),(330,175,2,NULL,0,1.000000000000000,2),(331,191,3,6,0,1.000000000000000,5),(332,180,1,NULL,0,1.000000000000000,2),(333,189,1,NULL,0,1.000000000000000,2),(334,189,25,NULL,0,1.000000000000000,2),(335,189,3,13,0,1.000000000000000,5),(336,191,3,13,0,1.000000000000000,5),(337,191,9,13,0,1.000000000000000,5),(338,181,1,NULL,0,1.000000000000000,2),(339,182,1,NULL,0,1.000000000000000,2),(340,179,1,NULL,0,1.000000000000000,2),(341,182,17,11,0,1.000000000000000,5),(342,196,17,13,0,1.000000000000000,5),(343,194,3,7,0,2.000000000000000,5),(344,192,3,12,0,1.000000000000000,5),(345,192,6,12,0,1.000000000000000,5),(346,188,13,6,0,1.000000000000000,5),(347,206,3,7,0,1.000000000000000,5),(348,196,24,14,0,1.000000000000000,5),(349,196,3,11,0,1.000000000000000,5),(350,207,3,12,0,1.000000000000000,5),(351,207,12,12,0,1.000000000000000,5),(352,190,2,NULL,0,1.000000000000000,2),(353,192,2,NULL,0,1.000000000000000,2),(354,204,3,13,0,1.000000000000000,5),(355,202,3,11,0,1.000000000000000,5),(356,202,9,11,0,1.000000000000000,5),(357,204,6,13,0,1.000000000000000,5),(358,193,2,NULL,0,1.000000000000000,2),(359,207,2,NULL,0,1.000000000000000,2),(360,196,1,NULL,0,1.000000000000000,2),(361,211,1,NULL,0,1.000000000000000,2),(362,209,3,11,0,1.000000000000000,5),(363,202,1,NULL,0,1.000000000000000,2),(364,203,1,NULL,0,1.000000000000000,2),(365,200,2,NULL,0,1.000000000000000,2),(366,198,2,NULL,0,1.000000000000000,2),(367,208,2,NULL,0,1.000000000000000,2),(368,194,2,7,0,1.000000000000000,2),(369,205,2,NULL,0,1.000000000000000,2),(370,206,2,NULL,0,1.000000000000000,2),(371,206,6,NULL,0,1.000000000000000,2),(372,206,29,NULL,0,4.000000000000000,2),(373,187,1,NULL,0,1.000000000000000,2),(374,188,1,NULL,0,1.000000000000000,2),(375,209,1,NULL,0,1.000000000000000,2),(376,204,1,NULL,0,1.000000000000000,2),(377,210,1,NULL,0,1.000000000000000,2),(378,212,1,NULL,0,1.000000000000000,2),(379,185,1,NULL,0,1.000000000000000,2),(380,186,1,NULL,0,1.000000000000000,2),(381,213,4,6,0,1.000000000000000,5),(382,213,3,6,0,1.000000000000000,5),(383,185,23,6,0,1.000000000000000,5),(384,214,11,13,0,1.000000000000000,5),(385,214,3,13,0,1.000000000000000,5),(386,215,3,7,0,1.000000000000000,5),(387,215,5,7,0,1.000000000000000,5),(388,217,1,NULL,0,1.000000000000000,2),(389,215,2,NULL,0,1.000000000000000,2),(390,214,1,NULL,0,1.000000000000000,2),(391,214,25,NULL,0,1.000000000000000,2),(392,218,3,11,0,1.000000000000000,5),(393,218,16,11,0,1.000000000000000,5),(394,218,23,11,0,1.000000000000000,5),(395,213,20,6,0,1.000000000000000,5),(396,213,13,6,0,1.000000000000000,5),(397,213,1,NULL,0,1.000000000000000,2),(398,216,3,12,0,1.000000000000000,5),(399,216,15,12,0,1.000000000000000,5),(400,216,2,12,1,0.000000000000000,2),(401,216,2,NULL,0,1.000000000000000,2),(402,219,3,6,0,1.000000000000000,5),(403,222,3,6,0,1.000000000000000,5),(404,228,7,7,1,0.000000000000000,5),(405,223,3,6,0,1.000000000000000,5),(406,223,9,6,0,1.000000000000000,5),(407,223,7,6,1,0.000000000000000,5),(408,228,7,7,0,1.000000000000000,5),(409,223,6,6,0,1.000000000000000,5),(410,221,2,NULL,0,1.000000000000000,2),(411,226,3,6,0,1.000000000000000,5),(412,228,3,7,0,2.000000000000000,5),(413,223,1,NULL,0,1.000000000000000,2),(414,227,3,11,0,1.000000000000000,5),(415,232,3,13,0,1.000000000000000,5),(416,231,3,11,0,1.000000000000000,5),(417,226,1,NULL,0,1.000000000000000,2),(418,219,1,NULL,0,1.000000000000000,2),(419,231,1,NULL,0,1.000000000000000,2),(420,232,1,NULL,0,1.000000000000000,2),(421,233,1,NULL,0,1.000000000000000,2),(422,230,1,NULL,0,1.000000000000000,2),(423,225,1,NULL,0,1.000000000000000,2),(424,228,2,NULL,0,1.000000000000000,2),(425,229,2,NULL,0,1.000000000000000,2),(426,234,1,NULL,0,1.000000000000000,2),(427,222,1,NULL,0,1.000000000000000,2),(428,236,24,14,0,1.000000000000000,5),(429,236,21,6,0,1.000000000000000,5),(430,236,16,6,0,1.000000000000000,5),(431,238,3,11,0,1.000000000000000,5),(432,239,3,13,0,1.000000000000000,5),(433,239,6,13,0,1.000000000000000,5),(434,237,3,13,0,1.000000000000000,5),(435,237,6,13,0,1.000000000000000,5),(436,227,1,NULL,0,1.000000000000000,2),(437,238,23,11,0,1.000000000000000,5),(438,242,25,14,0,1.000000000000000,5),(439,241,3,11,0,1.000000000000000,5),(440,244,3,13,0,1.000000000000000,5),(441,244,4,13,0,1.000000000000000,5),(442,240,16,6,0,1.000000000000000,5),(443,244,1,NULL,0,1.000000000000000,2),(444,243,2,NULL,0,1.000000000000000,2),(445,238,1,NULL,0,1.000000000000000,2),(446,239,1,NULL,0,1.000000000000000,2),(447,237,1,NULL,0,1.000000000000000,2),(448,241,1,NULL,0,1.000000000000000,2),(449,245,3,6,0,1.000000000000000,5),(450,245,5,6,0,1.000000000000000,5),(451,242,3,13,0,1.000000000000000,5),(452,242,9,13,0,1.000000000000000,5),(453,242,16,13,0,1.000000000000000,5),(454,242,21,13,0,1.000000000000000,5),(455,236,1,NULL,0,1.000000000000000,2),(456,245,23,11,0,1.000000000000000,5),(457,254,3,13,0,1.000000000000000,5),(458,254,5,13,0,1.000000000000000,5),(459,246,3,7,0,2.000000000000000,5),(460,246,5,7,0,2.000000000000000,5),(461,245,1,NULL,0,1.000000000000000,2),(462,254,1,NULL,0,1.000000000000000,2),(463,252,3,11,0,1.000000000000000,5),(464,255,1,13,1,0.000000000000000,5),(465,255,3,13,0,1.000000000000000,5),(466,246,2,NULL,0,1.000000000000000,2),(467,249,2,NULL,0,1.000000000000000,2),(468,248,3,12,0,1.000000000000000,5),(469,248,5,12,0,1.000000000000000,5),(470,257,24,14,0,1.000000000000000,5),(471,248,15,12,0,1.000000000000000,5),(472,242,1,NULL,0,1.000000000000000,2),(473,256,3,12,1,0.000000000000000,5),(474,256,11,12,1,0.000000000000000,5),(475,257,3,11,0,1.000000000000000,5),(476,257,7,11,1,0.000000000000000,5),(477,258,3,12,0,1.000000000000000,5),(478,258,11,12,0,1.000000000000000,5),(479,257,4,11,0,1.000000000000000,5),(480,256,3,12,1,0.000000000000000,5),(481,256,3,7,1,0.000000000000000,5),(482,250,3,7,0,1.000000000000000,5),(483,250,4,7,0,1.000000000000000,5),(484,250,15,7,0,1.000000000000000,5),(485,250,9,7,1,0.000000000000000,5),(486,250,22,7,0,1.000000000000000,5),(487,256,3,12,0,1.000000000000000,5),(488,256,11,12,0,1.000000000000000,5),(489,256,2,NULL,0,1.000000000000000,2),(490,240,1,NULL,0,1.000000000000000,2),(491,257,2,NULL,1,0.000000000000000,2),(492,257,1,11,1,0.000000000000000,2),(493,257,1,NULL,0,1.000000000000000,2),(494,248,2,NULL,0,1.000000000000000,2),(495,250,2,NULL,0,1.000000000000000,2),(496,251,1,NULL,0,1.000000000000000,2),(497,252,1,NULL,0,1.000000000000000,2),(498,255,1,NULL,0,1.000000000000000,2),(499,253,1,NULL,0,1.000000000000000,2),(500,260,2,NULL,0,1.000000000000000,2),(501,260,3,7,0,1.000000000000000,5),(502,259,1,NULL,0,1.000000000000000,2),(503,261,3,13,0,1.000000000000000,5),(504,261,23,13,0,1.000000000000000,5),(505,261,1,NULL,0,1.000000000000000,2),(506,262,3,11,0,1.000000000000000,5),(507,262,4,11,0,1.000000000000000,5),(508,262,9,11,0,1.000000000000000,5),(509,263,3,6,0,1.000000000000000,5),(510,263,1,6,1,0.000000000000000,5),(511,263,9,6,0,1.000000000000000,5),(512,263,4,6,0,1.000000000000000,5),(513,262,1,NULL,0,1.000000000000000,2),(514,266,3,13,0,1.000000000000000,5),(515,263,1,NULL,0,1.000000000000000,2),(516,266,1,NULL,0,1.000000000000000,2),(517,264,3,7,0,1.000000000000000,5),(518,264,15,7,0,1.000000000000000,5),(519,264,11,7,0,1.000000000000000,5),(520,265,3,12,0,1.000000000000000,5),(521,265,12,12,0,1.000000000000000,5),(522,265,22,12,0,1.000000000000000,5),(523,264,2,NULL,0,1.000000000000000,2),(524,265,2,NULL,0,1.000000000000000,2),(525,267,3,6,0,1.000000000000000,5),(526,268,3,6,0,1.000000000000000,5),(527,269,3,11,0,1.000000000000000,5),(528,269,1,11,0,1.000000000000000,5),(529,269,6,11,0,1.000000000000000,5),(530,271,3,11,0,1.000000000000000,5),(531,271,4,11,0,1.000000000000000,5),(532,271,6,11,0,1.000000000000000,5),(533,270,1,13,0,1.000000000000000,5),(534,270,3,13,0,1.000000000000000,5),(535,270,4,13,0,1.000000000000000,5),(536,272,2,NULL,0,1.000000000000000,3),(537,272,3,NULL,0,1.000000000000000,3),(538,272,6,NULL,0,1.000000000000000,3),(539,271,1,11,0,1.000000000000000,3),(540,276,3,13,0,1.000000000000000,5),(541,276,1,13,0,2.000000000000000,3),(542,275,3,11,0,1.000000000000000,5),(543,275,4,11,0,1.000000000000000,5),(544,268,13,6,0,1.000000000000000,5),(545,268,16,6,0,1.000000000000000,5),(546,274,12,13,1,0.000000000000000,5),(547,274,3,13,0,1.000000000000000,5),(548,273,2,NULL,0,1.000000000000000,3),(549,273,3,NULL,0,1.000000000000000,3),(550,273,5,NULL,0,1.000000000000000,3),(551,278,2,NULL,0,1.000000000000000,3),(552,278,3,NULL,0,1.000000000000000,3),(553,278,5,NULL,0,1.000000000000000,3),(554,278,25,NULL,0,1.000000000000000,3),(555,277,3,12,0,1.000000000000000,5),(556,277,12,12,0,1.000000000000000,5),(557,267,1,6,0,1.000000000000000,3),(558,268,1,6,0,1.000000000000000,3),(559,274,1,13,0,1.000000000000000,3),(560,275,1,11,0,1.000000000000000,3),(561,281,3,11,0,1.000000000000000,5),(562,281,8,11,1,0.000000000000000,5),(563,281,11,11,0,1.000000000000000,5),(564,281,5,11,0,1.000000000000000,5),(565,280,20,6,0,1.000000000000000,5),(566,269,7,11,0,1.000000000000000,3),(567,282,3,13,0,1.000000000000000,5),(568,282,4,13,0,2.000000000000000,5),(569,279,1,NULL,0,1.000000000000000,3),(570,282,6,13,0,1.000000000000000,5),(571,277,2,12,0,1.000000000000000,3),(572,280,1,6,0,1.000000000000000,3),(573,282,1,13,0,1.000000000000000,3),(574,281,1,11,0,1.000000000000000,3),(575,286,3,11,0,1.000000000000000,5),(576,288,2,13,1,0.000000000000000,5),(577,288,3,13,0,2.000000000000000,5),(578,288,6,13,0,1.000000000000000,5),(579,295,3,12,0,1.000000000000000,5),(580,288,1,13,0,1.000000000000000,3),(581,291,8,13,0,1.000000000000000,5),(582,291,3,13,0,1.000000000000000,5),(583,291,6,13,1,0.000000000000000,5),(584,293,29,13,1,0.000000000000000,5),(585,293,3,13,0,1.000000000000000,5),(586,293,5,13,0,1.000000000000000,5),(587,294,3,6,0,1.000000000000000,5),(588,296,3,6,0,1.000000000000000,5),(589,289,3,12,0,1.000000000000000,5),(590,294,16,6,0,1.000000000000000,5),(591,291,20,13,0,1.000000000000000,5),(592,291,17,13,1,0.000000000000000,5),(593,293,21,13,0,1.000000000000000,5),(594,306,13,11,0,1.000000000000000,5),(595,303,3,12,0,1.000000000000000,5),(596,289,2,12,0,1.000000000000000,3),(597,305,3,6,0,1.000000000000000,5),(598,307,3,11,0,1.000000000000000,5),(599,306,23,13,0,1.000000000000000,5),(600,303,2,12,0,1.000000000000000,3),(601,295,2,12,0,1.000000000000000,3),(602,309,3,6,0,1.000000000000000,5),(603,305,21,6,0,1.000000000000000,5),(604,305,25,6,0,2.000000000000000,5),(605,305,6,6,0,1.000000000000000,5),(606,308,3,11,0,1.000000000000000,5),(607,311,3,11,0,1.000000000000000,5),(608,311,6,11,0,1.000000000000000,5),(609,309,16,6,0,1.000000000000000,5),(610,319,25,14,0,1.000000000000000,5),(611,310,3,13,0,1.000000000000000,5),(612,310,23,13,0,1.000000000000000,5),(613,310,6,13,0,1.000000000000000,5),(614,318,3,6,0,1.000000000000000,5),(615,318,5,6,0,1.000000000000000,5),(616,304,3,6,0,1.000000000000000,5),(617,298,3,11,0,1.000000000000000,5),(618,298,9,11,0,1.000000000000000,5),(619,316,3,12,0,1.000000000000000,5),(620,316,5,12,0,1.000000000000000,5),(621,305,18,6,0,1.000000000000000,5),(622,307,1,11,0,1.000000000000000,3),(623,309,1,6,0,1.000000000000000,3),(624,292,1,NULL,0,1.000000000000000,3),(625,308,1,11,0,1.000000000000000,3),(626,291,1,13,1,0.000000000000000,3),(627,293,1,13,0,1.000000000000000,3),(628,300,2,NULL,0,1.000000000000000,3),(629,302,2,NULL,0,1.000000000000000,3),(630,299,2,NULL,0,1.000000000000000,3),(631,301,2,NULL,0,1.000000000000000,3),(632,324,1,NULL,0,1.000000000000000,3),(633,314,1,NULL,0,1.000000000000000,3),(634,316,2,12,0,1.000000000000000,3),(635,315,1,NULL,0,1.000000000000000,3),(636,318,23,6,0,1.000000000000000,5),(637,310,1,13,0,1.000000000000000,3),(638,311,1,11,0,1.000000000000000,3),(639,322,1,NULL,0,1.000000000000000,3),(640,294,1,6,0,1.000000000000000,3),(641,323,3,13,0,1.000000000000000,5),(642,323,14,13,0,1.000000000000000,5),(643,324,14,11,0,1.000000000000000,5),(644,324,3,11,0,1.000000000000000,5),(645,298,6,11,0,1.000000000000000,3),(646,298,1,11,0,1.000000000000000,3),(647,321,3,12,0,1.000000000000000,5),(648,321,12,12,0,1.000000000000000,5),(649,287,3,7,0,1.000000000000000,5),(650,287,4,7,0,1.000000000000000,5),(651,312,1,NULL,0,1.000000000000000,3),(652,287,15,7,0,1.000000000000000,5),(653,287,16,7,0,1.000000000000000,5),(654,313,1,NULL,0,1.000000000000000,3),(655,287,22,7,0,1.000000000000000,5),(656,327,1,NULL,0,1.000000000000000,3),(657,329,3,13,0,1.000000000000000,5),(658,329,6,13,0,1.000000000000000,5),(659,304,18,6,0,1.000000000000000,5),(660,325,3,11,0,1.000000000000000,5),(661,325,9,11,0,1.000000000000000,5),(662,297,1,NULL,0,1.000000000000000,3),(663,323,21,6,0,1.000000000000000,5),(664,296,3,13,0,1.000000000000000,5),(665,296,4,13,0,1.000000000000000,5),(666,296,6,13,0,1.000000000000000,5),(667,296,1,13,0,1.000000000000000,3),(668,331,3,6,0,1.000000000000000,5),(669,286,1,11,0,1.000000000000000,3),(670,318,1,6,0,1.000000000000000,3),(671,329,1,13,0,1.000000000000000,3),(672,285,1,NULL,0,1.000000000000000,3),(673,328,1,NULL,0,1.000000000000000,3),(674,284,1,NULL,0,1.000000000000000,3),(675,323,1,6,0,1.000000000000000,3),(676,287,2,7,0,1.000000000000000,3),(677,326,3,12,0,1.000000000000000,5),(678,326,5,12,0,1.000000000000000,5),(679,326,12,12,0,1.000000000000000,5),(680,333,2,NULL,0,1.000000000000000,3),(681,331,1,6,0,1.000000000000000,3),(682,335,3,6,0,1.000000000000000,5),(683,335,4,6,0,1.000000000000000,5),(684,337,3,6,0,1.000000000000000,5),(685,334,2,NULL,0,1.000000000000000,3),(686,334,25,NULL,0,1.000000000000000,3),(687,326,2,12,0,1.000000000000000,3),(688,332,2,NULL,0,1.000000000000000,3),(689,336,3,11,0,1.000000000000000,5),(690,336,9,11,0,1.000000000000000,5),(691,337,1,6,0,1.000000000000000,3),(692,337,29,6,0,1.000000000000000,3),(693,339,3,11,0,1.000000000000000,5),(694,340,4,13,0,1.000000000000000,5),(695,340,3,13,0,1.000000000000000,5),(696,340,9,13,0,1.000000000000000,5),(697,335,6,6,0,1.000000000000000,3),(698,335,1,6,0,1.000000000000000,3),(699,341,3,11,0,1.000000000000000,5),(700,336,1,11,0,1.000000000000000,3),(701,342,3,13,0,1.000000000000000,5),(702,340,21,11,0,1.000000000000000,5),(703,340,16,11,0,1.000000000000000,5),(704,338,3,7,0,1.000000000000000,5),(705,338,12,7,0,1.000000000000000,5),(706,342,1,13,0,1.000000000000000,3),(707,341,1,11,0,1.000000000000000,3),(708,339,1,11,0,1.000000000000000,3),(709,338,2,7,0,1.000000000000000,3),(710,340,1,11,0,1.000000000000000,3),(711,345,3,13,1,0.000000000000000,5),(712,343,3,13,0,1.000000000000000,5),(713,345,3,6,0,1.000000000000000,5),(714,346,3,11,0,1.000000000000000,5),(715,346,9,11,0,1.000000000000000,5),(716,347,3,11,0,1.000000000000000,5),(717,343,1,NULL,0,1.000000000000000,2),(718,346,1,NULL,0,1.000000000000000,2),(719,349,12,13,1,0.000000000000000,5),(720,349,3,13,0,1.000000000000000,5),(721,345,1,NULL,0,1.000000000000000,2),(722,350,3,6,0,1.000000000000000,5),(723,348,3,11,0,1.000000000000000,5),(724,350,1,NULL,0,1.000000000000000,2),(725,349,14,13,0,1.000000000000000,5),(726,349,9,13,0,1.000000000000000,5),(727,353,29,NULL,0,1.000000000000000,2),(728,349,1,NULL,0,1.000000000000000,2),(729,354,29,NULL,0,1.000000000000000,2),(730,355,29,NULL,0,1.000000000000000,2),(731,344,1,NULL,0,1.000000000000000,2),(732,347,1,NULL,0,1.000000000000000,2),(733,348,1,NULL,0,1.000000000000000,2),(734,351,2,NULL,0,1.000000000000000,2),(735,351,3,12,0,1.000000000000000,2),(736,352,2,NULL,0,1.000000000000000,2),(737,352,3,7,0,1.000000000000000,2),(738,357,1,NULL,0,1.000000000000000,2),(739,363,16,6,1,0.000000000000000,5),(740,368,25,NULL,1,0.000000000000000,2),(741,363,3,6,0,1.000000000000000,5),(742,361,3,13,0,1.000000000000000,5),(743,364,24,13,1,0.000000000000000,5),(744,364,3,13,0,1.000000000000000,5),(745,366,3,6,1,0.000000000000000,5),(746,366,6,6,1,1.000000000000000,5),(747,366,3,6,1,1.000000000000000,5),(748,356,1,NULL,0,1.000000000000000,2),(749,356,16,6,0,1.000000000000000,5),(750,368,3,13,0,1.000000000000000,5),(751,368,6,13,0,1.000000000000000,5),(752,356,1000004,6,1,0.000000000000000,2),(753,356,1000004,NULL,0,1.000000000000000,2),(754,361,16,6,0,1.000000000000000,5),(755,363,16,6,0,1.000000000000000,5),(756,368,1,NULL,0,1.000000000000000,2),(757,368,30,NULL,0,1.000000000000000,2),(758,358,3,11,1,1.000000000000000,5),(759,371,3,11,0,1.000000000000000,5),(760,364,1,NULL,0,1.000000000000000,2),(761,371,11,11,0,1.000000000000000,5),(762,366,18,13,1,0.000000000000000,5),(763,366,20,13,1,1.000000000000000,5),(764,367,9,13,1,0.000000000000000,5),(765,367,19,13,1,0.000000000000000,5),(766,369,1,NULL,0,1.000000000000000,2),(767,366,22,13,1,1.000000000000000,5),(768,369,3,11,0,1.000000000000000,5),(769,374,3,6,0,1.000000000000000,5),(770,371,1,NULL,0,1.000000000000000,2),(771,361,1,NULL,0,1.000000000000000,2),(772,363,1,NULL,0,1.000000000000000,2),(773,374,16,6,0,1.000000000000000,5),(774,375,16,11,0,1.000000000000000,5),(775,375,22,11,0,1.000000000000000,5),(776,379,3,13,0,1.000000000000000,5),(777,372,3,11,0,1.000000000000000,5),(778,370,3,12,0,1.000000000000000,2),(779,370,12,12,0,1.000000000000000,2),(780,370,23,12,0,1.000000000000000,2),(781,366,1,NULL,1,0.000000000000000,2),(782,367,1,NULL,0,1.000000000000000,2),(783,367,20,13,1,0.000000000000000,5),(784,365,2,NULL,0,1.000000000000000,2),(785,365,3,NULL,1,0.000000000000000,2),(786,365,3,7,0,1.000000000000000,2),(787,367,19,13,0,1.000000000000000,5),(788,374,1,NULL,0,1.000000000000000,2),(789,379,24,13,0,1.000000000000000,5),(790,380,1000006,6,0,1.000000000000000,5),(791,380,24,6,0,1.000000000000000,5),(792,380,16,6,0,1.000000000000000,5),(793,383,1,NULL,0,1.000000000000000,2),(794,383,3,6,0,1.000000000000000,2),(795,383,6,6,0,1.000000000000000,2),(796,383,22,6,0,1.000000000000000,2),(797,376,2,NULL,0,1.000000000000000,2),(798,376,3,7,0,1.000000000000000,2),(799,384,3,NULL,1,0.000000000000000,2),(800,384,3,7,0,1.000000000000000,2),(801,360,3,12,0,1.000000000000000,2),(802,360,5,12,0,1.000000000000000,2),(803,378,2,NULL,0,1.000000000000000,2),(804,378,3,7,0,1.000000000000000,2),(805,387,3,11,0,1.000000000000000,5),(806,373,1,NULL,0,1.000000000000000,2),(807,392,2,NULL,0,1.000000000000000,2),(808,392,3,12,0,1.000000000000000,2),(809,392,6,12,0,1.000000000000000,2),(810,379,1,NULL,0,1.000000000000000,2),(811,380,1,NULL,0,1.000000000000000,2),(812,382,2,NULL,0,1.000000000000000,2),(813,381,2,NULL,0,1.000000000000000,2),(814,385,1,NULL,0,2.000000000000000,2),(815,393,3,13,0,1.000000000000000,5),(816,396,2,NULL,0,1.000000000000000,2),(817,396,3,7,0,1.000000000000000,2),(818,377,3,6,0,1.000000000000000,5),(819,377,6,6,0,1.000000000000000,5),(820,390,2,NULL,0,1.000000000000000,2),(821,390,3,12,0,1.000000000000000,2),(822,390,12,12,0,1.000000000000000,2),(823,372,1,NULL,0,1.000000000000000,2),(824,394,2,NULL,0,1.000000000000000,2),(825,395,2,NULL,0,1.000000000000000,2),(826,388,2,NULL,0,1.000000000000000,2),(827,388,3,7,0,1.000000000000000,2),(828,397,3,6,0,1.000000000000000,5),(829,405,3,6,0,1.000000000000000,5),(830,405,4,6,0,1.000000000000000,5),(831,405,6,6,0,1.000000000000000,5),(832,401,3,11,0,1.000000000000000,5),(833,401,5,11,0,1.000000000000000,5),(834,398,3,13,0,1.000000000000000,5),(835,400,3,11,0,1.000000000000000,5),(836,393,1,NULL,0,1.000000000000000,2),(837,410,30,14,1,0.000000000000000,5),(838,377,1,NULL,0,1.000000000000000,2),(839,399,3,13,0,1.000000000000000,5),(840,404,3,6,0,1.000000000000000,5),(841,404,6,6,0,1.000000000000000,5),(842,387,1,NULL,0,1.000000000000000,2),(843,410,3,13,0,1.000000000000000,5),(844,415,2,NULL,0,1.000000000000000,2),(845,415,3,7,0,1.000000000000000,2),(846,391,2,NULL,0,1.000000000000000,2),(847,391,25,12,0,1.000000000000000,2),(848,389,2,NULL,0,1.000000000000000,2),(849,389,3,7,0,1.000000000000000,2),(850,389,5,7,0,1.000000000000000,2),(851,404,22,11,0,1.000000000000000,5),(852,406,1,NULL,0,1.000000000000000,2),(853,401,30,14,0,3.000000000000000,5),(854,408,30,NULL,1,0.000000000000000,2),(855,408,30,NULL,1,0.000000000000000,2),(856,405,25,13,0,1.000000000000000,5),(857,417,3,11,0,1.000000000000000,5),(858,417,11,11,0,1.000000000000000,5),(859,417,5,11,0,1.000000000000000,5),(860,417,6,11,0,1.000000000000000,5),(861,401,24,6,0,1.000000000000000,5),(862,401,16,6,0,1.000000000000000,5),(863,410,1,NULL,0,1.000000000000000,2),(864,408,2,NULL,0,1.000000000000000,2),(865,408,3,12,0,1.000000000000000,2),(866,409,2,NULL,0,1.000000000000000,2),(867,409,3,7,0,1.000000000000000,2),(868,417,1,NULL,0,1.000000000000000,2),(869,416,3,11,0,1.000000000000000,5),(870,401,1,NULL,0,1.000000000000000,2),(871,416,9,11,0,1.000000000000000,5),(872,416,6,11,0,1.000000000000000,5),(873,405,1,NULL,0,1.000000000000000,2),(874,404,1,NULL,0,1.000000000000000,2),(875,411,3,13,0,1.000000000000000,5),(876,411,4,13,0,1.000000000000000,5),(877,419,3,6,0,1.000000000000000,5),(878,402,1,NULL,0,1.000000000000000,2),(879,418,3,13,0,1.000000000000000,5),(880,403,1,NULL,0,1.000000000000000,2),(881,411,1,NULL,0,1.000000000000000,2),(882,407,2,NULL,0,2.000000000000000,2),(883,407,3,12,0,1.000000000000000,2),(884,412,2,NULL,0,1.000000000000000,2),(885,413,2,NULL,0,1.000000000000000,2),(886,414,2,NULL,0,1.000000000000000,2),(887,414,3,12,0,1.000000000000000,2),(888,418,1,NULL,1,0.000000000000000,2),(889,418,6,13,0,1.000000000000000,2),(890,421,2,NULL,0,1.000000000000000,2),(891,421,3,7,0,1.000000000000000,2),(892,421,7,7,0,1.000000000000000,2),(893,421,5,7,0,1.000000000000000,2),(894,421,12,7,0,1.000000000000000,2),(895,416,1,NULL,0,1.000000000000000,2),(896,422,3,12,0,1.000000000000000,2),(897,422,23,12,1,0.000000000000000,2),(898,422,23,7,0,1.000000000000000,2),(899,399,1,NULL,0,1.000000000000000,2),(900,398,1,NULL,0,1.000000000000000,2),(901,397,1,NULL,0,1.000000000000000,2),(902,400,1,NULL,0,1.000000000000000,2),(903,424,12,12,1,0.000000000000000,5),(904,424,3,6,0,1.000000000000000,5),(905,424,6,6,0,1.000000000000000,5),(906,424,5,6,0,1.000000000000000,5),(907,419,1,NULL,0,1.000000000000000,2),(908,423,3,12,0,1.000000000000000,2),(909,423,5,12,0,1.000000000000000,2),(910,423,30,12,0,2.000000000000000,2),(911,420,1,NULL,0,1.000000000000000,2),(912,425,3,6,0,1.000000000000000,5),(913,427,3,13,0,1.000000000000000,5),(914,427,4,13,0,1.000000000000000,5),(915,425,1,6,0,1.000000000000000,3),(916,426,3,12,0,1.000000000000000,5),(917,426,12,12,0,1.000000000000000,5),(918,427,1,13,0,1.000000000000000,3),(919,430,3,6,0,1.000000000000000,5),(920,430,6,6,0,1.000000000000000,5),(921,431,3,11,0,1.000000000000000,5),(922,431,4,11,0,1.000000000000000,5),(923,431,6,11,0,1.000000000000000,5),(924,426,2,12,0,1.000000000000000,3),(925,429,3,7,0,1.000000000000000,5),(926,429,12,7,0,1.000000000000000,5),(927,430,29,14,0,1.000000000000000,5),(928,429,2,7,0,1.000000000000000,3),(929,433,3,6,0,1.000000000000000,5),(930,433,8,6,0,1.000000000000000,5),(931,435,3,13,0,1.000000000000000,5),(932,432,1,NULL,0,1.000000000000000,3),(933,433,1,6,0,1.000000000000000,3),(934,431,1,11,0,1.000000000000000,3),(935,434,2,NULL,0,1.000000000000000,3),(936,430,1,14,0,1.000000000000000,3),(937,437,3,7,0,1.000000000000000,5),(938,438,3,12,0,1.000000000000000,5),(939,441,1,NULL,0,1.000000000000000,3),(940,442,1,NULL,0,1.000000000000000,3),(941,443,2,NULL,0,1.000000000000000,3),(942,436,2,NULL,0,1.000000000000000,3),(943,439,8,7,1,0.000000000000000,5),(944,439,3,7,0,1.000000000000000,5),(945,439,5,7,0,1.000000000000000,5),(946,435,1,13,0,1.000000000000000,3),(947,444,1,NULL,0,1.000000000000000,3),(948,444,3,NULL,0,1.000000000000000,3),(949,445,8,12,0,1.000000000000000,5),(950,437,15,6,0,1.000000000000000,5),(951,437,16,6,0,1.000000000000000,5),(952,439,16,13,0,1.000000000000000,5),(953,437,2,6,0,1.000000000000000,3),(954,439,2,13,0,1.000000000000000,3),(955,445,2,12,0,1.000000000000000,3),(956,440,1,NULL,0,1.000000000000000,3),(957,446,3,7,0,1.000000000000000,5),(958,446,5,7,0,1.000000000000000,5),(959,446,15,7,0,1.000000000000000,5),(960,458,3,11,0,1.000000000000000,5),(961,458,9,11,0,1.000000000000000,5),(962,446,2,7,0,1.000000000000000,3),(963,454,3,13,0,1.000000000000000,5),(964,454,4,13,0,1.000000000000000,5),(965,454,6,13,0,1.000000000000000,5),(966,454,11,13,0,1.000000000000000,5),(967,450,3,6,0,1.000000000000000,5),(968,450,6,6,0,1.000000000000000,5),(969,450,9,6,0,1.000000000000000,5),(970,450,16,6,0,1.000000000000000,5),(971,452,3,11,0,1.000000000000000,5),(972,452,9,11,0,1.000000000000000,5),(973,453,3,13,1,0.000000000000000,5),(974,454,30,14,0,1.000000000000000,5),(975,458,1,11,0,1.000000000000000,3),(976,454,22,13,0,1.000000000000000,5),(977,452,30,14,0,2.000000000000000,5),(978,459,3,11,0,1.000000000000000,5),(979,456,3,6,0,1.000000000000000,5),(980,461,3,6,0,1.000000000000000,5),(981,462,3,7,0,1.000000000000000,5),(982,462,4,7,0,1.000000000000000,5),(983,457,1,NULL,0,1.000000000000000,3),(984,461,1,6,0,1.000000000000000,3),(985,462,2,7,0,1.000000000000000,3),(986,459,19,13,0,1.000000000000000,5),(987,454,1,13,0,1.000000000000000,3),(988,466,8,7,1,0.000000000000000,5),(989,450,1,6,0,1.000000000000000,3),(990,466,3,7,0,1.000000000000000,5),(991,463,3,12,0,1.000000000000000,5),(992,463,5,12,0,1.000000000000000,5),(993,465,3,11,0,1.000000000000000,5),(994,456,1,6,0,1.000000000000000,3),(995,460,3,11,0,1.000000000000000,5),(996,448,3,11,0,1.000000000000000,5),(997,460,1,11,0,1.000000000000000,3),(998,465,24,11,0,1.000000000000000,5),(999,459,1,13,0,1.000000000000000,3),(1000,459,6,13,0,1.000000000000000,5),(1001,452,1,14,0,1.000000000000000,3),(1002,449,1,NULL,0,1.000000000000000,3),(1003,448,1,11,0,1.000000000000000,3),(1004,451,1,NULL,0,1.000000000000000,3),(1005,465,1,11,0,1.000000000000000,3),(1006,464,2,NULL,0,1.000000000000000,3),(1007,463,2,12,0,1.000000000000000,3),(1008,453,1,NULL,0,1.000000000000000,3),(1009,471,3,13,1,0.000000000000000,5),(1010,477,3,11,0,1.000000000000000,5),(1011,473,17,13,0,1.000000000000000,5),(1012,474,17,6,0,1.000000000000000,5),(1013,474,24,6,0,1.000000000000000,5),(1014,477,1,NULL,0,1.000000000000000,2),(1015,471,1,NULL,0,1.000000000000000,2),(1016,478,3,13,0,1.000000000000000,5),(1017,478,4,13,0,1.000000000000000,5),(1018,467,1,NULL,0,1.000000000000000,2),(1019,471,9,13,0,1.000000000000000,5),(1020,482,30,14,0,2.000000000000000,5),(1021,470,16,6,0,1.000000000000000,5),(1022,471,3,13,0,1.000000000000000,2),(1023,471,3,13,0,1.000000000000000,5),(1024,468,2,NULL,0,1.000000000000000,2),(1025,468,3,7,0,1.000000000000000,2),(1026,468,12,7,0,1.000000000000000,2),(1027,469,2,NULL,0,1.000000000000000,2),(1028,469,3,12,0,1.000000000000000,2),(1029,469,12,12,0,1.000000000000000,2),(1030,484,2,NULL,0,1.000000000000000,2),(1031,481,3,13,0,1.000000000000000,5),(1032,478,1,NULL,0,1.000000000000000,2),(1033,474,1,NULL,0,1.000000000000000,2),(1034,474,1000004,NULL,0,2.000000000000000,2),(1035,473,1,NULL,0,1.000000000000000,2),(1036,476,3,12,0,1.000000000000000,5),(1037,476,17,12,0,1.000000000000000,5),(1038,476,15,12,0,1.000000000000000,5),(1039,487,8,12,1,0.000000000000000,5),(1040,487,3,12,0,1.000000000000000,5),(1041,487,5,12,0,1.000000000000000,5),(1042,485,3,7,0,1.000000000000000,5),(1043,485,5,7,0,1.000000000000000,5),(1044,480,18,6,0,1.000000000000000,5),(1045,486,3,7,0,1.000000000000000,5),(1046,486,5,7,0,1.000000000000000,5),(1047,492,3,7,0,1.000000000000000,5),(1048,492,5,7,0,1.000000000000000,5),(1049,492,12,7,0,1.000000000000000,5),(1050,479,1,NULL,0,1.000000000000000,2),(1051,492,2,NULL,0,1.000000000000000,2),(1052,486,2,7,1,0.000000000000000,2),(1053,486,2,NULL,0,1.000000000000000,2),(1054,485,2,NULL,0,1.000000000000000,2),(1055,470,1,NULL,0,1.000000000000000,2),(1056,476,2,NULL,0,1.000000000000000,2),(1057,487,2,NULL,0,1.000000000000000,2),(1058,483,1,NULL,0,1.000000000000000,2),(1059,482,1,NULL,0,1.000000000000000,2),(1060,481,1,NULL,0,1.000000000000000,2),(1061,489,3,7,0,1.000000000000000,5),(1062,489,5,7,0,1.000000000000000,5),(1063,480,1,NULL,0,1.000000000000000,2),(1064,491,3,6,1,0.000000000000000,5),(1065,491,1,NULL,0,1.000000000000000,2),(1066,495,3,12,0,1.000000000000000,5),(1067,494,3,11,0,1.000000000000000,5),(1068,493,3,6,0,1.000000000000000,5),(1069,493,6,6,0,1.000000000000000,5),(1070,489,13,7,0,1.000000000000000,5),(1071,489,2,NULL,0,1.000000000000000,2),(1072,495,2,NULL,0,1.000000000000000,2),(1073,494,1,NULL,0,1.000000000000000,2),(1074,493,1,NULL,0,1.000000000000000,2),(1075,496,2,NULL,0,1.000000000000000,2),(1076,497,1,NULL,0,1.000000000000000,2),(1077,501,3,11,0,1.000000000000000,5),(1078,501,6,11,0,1.000000000000000,5),(1079,502,3,12,0,1.000000000000000,5),(1080,504,3,11,0,1.000000000000000,5),(1081,504,4,11,0,1.000000000000000,5),(1082,504,6,11,0,1.000000000000000,5),(1083,507,3,7,0,1.000000000000000,5),(1084,516,30,14,1,0.000000000000000,5),(1085,516,29,14,0,1.000000000000000,5),(1086,503,12,13,1,0.000000000000000,5),(1087,503,3,13,0,1.000000000000000,5),(1088,503,4,13,0,1.000000000000000,5),(1089,503,9,13,0,1.000000000000000,5),(1090,508,3,13,1,0.000000000000000,5),(1091,517,29,NULL,0,1.000000000000000,2),(1092,511,3,11,0,1.000000000000000,5),(1093,500,3,11,0,1.000000000000000,5),(1094,500,6,11,0,1.000000000000000,5),(1095,508,8,12,1,0.000000000000000,5),(1096,508,3,12,0,1.000000000000000,5),(1097,512,3,13,0,1.000000000000000,5),(1098,504,1,NULL,0,1.000000000000000,2),(1099,505,3,6,0,1.000000000000000,5),(1100,505,6,6,0,1.000000000000000,5),(1101,505,9,6,0,1.000000000000000,5),(1102,515,3,6,0,1.000000000000000,5),(1103,513,3,6,0,1.000000000000000,5),(1104,514,3,11,0,1.000000000000000,5),(1105,514,5,11,0,1.000000000000000,5),(1106,518,3,13,0,1.000000000000000,5),(1107,505,1,NULL,0,1.000000000000000,2),(1108,500,30,14,0,1.000000000000000,5),(1109,514,30,14,0,1.000000000000000,5),(1110,516,3,6,0,1.000000000000000,5),(1111,501,1,NULL,0,1.000000000000000,2),(1112,500,1,NULL,0,1.000000000000000,2),(1113,521,3,11,0,1.000000000000000,5),(1114,521,6,11,0,1.000000000000000,5),(1115,514,22,6,0,1.000000000000000,5),(1116,514,23,6,0,1.000000000000000,5),(1117,488,3,11,0,1.000000000000000,2),(1118,514,1,NULL,0,1.000000000000000,2),(1119,502,2,NULL,0,1.000000000000000,2),(1120,513,16,6,0,1.000000000000000,5),(1121,518,1,NULL,0,1.000000000000000,2),(1122,519,3,13,0,1.000000000000000,5),(1123,519,5,13,0,1.000000000000000,5),(1124,519,11,13,0,1.000000000000000,5),(1125,519,16,13,0,1.000000000000000,5),(1126,525,1000004,NULL,0,1.000000000000000,2),(1127,507,2,NULL,0,1.000000000000000,2),(1128,506,1,NULL,0,1.000000000000000,2),(1129,520,2,NULL,0,1.000000000000000,2),(1130,520,11,12,0,1.000000000000000,2),(1131,509,2,NULL,0,1.000000000000000,2),(1132,508,2,NULL,1,0.000000000000000,2),(1133,510,3,13,0,1.000000000000000,5),(1134,519,1,NULL,0,1.000000000000000,2),(1135,508,3,NULL,1,0.000000000000000,2),(1136,508,2,12,1,0.000000000000000,2),(1137,508,3,12,0,1.000000000000000,2),(1138,508,2,NULL,0,1.000000000000000,2),(1139,510,1,NULL,0,1.000000000000000,2),(1140,511,1,NULL,0,1.000000000000000,2),(1141,512,1,NULL,0,1.000000000000000,2),(1142,515,1,6,0,1.000000000000000,2),(1143,530,2,NULL,0,1.000000000000000,2),(1144,521,1,11,0,1.000000000000000,2),(1145,526,3,13,0,1.000000000000000,5),(1146,526,5,13,0,1.000000000000000,5),(1147,517,16,7,0,1.000000000000000,5),(1148,517,23,7,0,1.000000000000000,5),(1149,517,15,7,0,1.000000000000000,5),(1150,523,2,NULL,0,1.000000000000000,2),(1151,523,3,12,0,1.000000000000000,2),(1152,513,1,NULL,0,1.000000000000000,2),(1153,524,3,12,0,1.000000000000000,5),(1154,524,9,12,0,1.000000000000000,5),(1155,528,3,11,0,1.000000000000000,5),(1156,528,6,11,0,1.000000000000000,5),(1157,528,4,11,0,1.000000000000000,5),(1158,527,3,11,0,1.000000000000000,5),(1159,522,19,6,0,1.000000000000000,5),(1160,517,2,NULL,0,1.000000000000000,2),(1161,516,1,NULL,0,1.000000000000000,2),(1162,526,1,NULL,0,1.000000000000000,2),(1163,528,1,NULL,0,1.000000000000000,2),(1164,529,1,NULL,0,1.000000000000000,2),(1165,503,1,NULL,0,1.000000000000000,2),(1166,531,1,NULL,0,2.000000000000000,2),(1167,533,8,7,1,0.000000000000000,5),(1168,533,3,7,0,1.000000000000000,5),(1169,533,9,7,0,1.000000000000000,5),(1170,527,1,NULL,0,1.000000000000000,2),(1171,532,1,NULL,0,1.000000000000000,2),(1172,533,2,NULL,0,1.000000000000000,2),(1173,535,3,11,0,1.000000000000000,5),(1174,535,6,11,0,1.000000000000000,5),(1175,536,1,NULL,0,1.000000000000000,2),(1176,541,3,11,0,1.000000000000000,5),(1177,541,4,11,0,1.000000000000000,5),(1178,538,3,7,0,1.000000000000000,5),(1179,538,12,7,0,1.000000000000000,5),(1180,537,3,12,0,1.000000000000000,5),(1181,537,12,12,0,1.000000000000000,5),(1182,537,6,12,1,0.000000000000000,5),(1183,537,7,12,0,1.000000000000000,5),(1184,537,2,NULL,0,1.000000000000000,2),(1185,538,2,NULL,0,1.000000000000000,2),(1186,522,1,NULL,0,1.000000000000000,2),(1187,541,1,NULL,0,1.000000000000000,2),(1188,547,3,6,0,1.000000000000000,5),(1189,546,3,11,0,1.000000000000000,5),(1190,534,3,7,0,1.000000000000000,5),(1191,534,9,7,0,1.000000000000000,5),(1192,545,1000003,13,1,0.000000000000000,5),(1193,549,3,11,0,1.000000000000000,5),(1194,549,4,11,0,1.000000000000000,5),(1195,543,3,12,0,1.000000000000000,5),(1196,543,5,12,0,1.000000000000000,5),(1197,548,3,12,0,1.000000000000000,5),(1198,547,1,NULL,0,1.000000000000000,2),(1199,543,30,NULL,0,1.000000000000000,2),(1200,543,2,NULL,0,1.000000000000000,2),(1201,544,2,NULL,0,1.000000000000000,2),(1202,549,22,11,0,1.000000000000000,5),(1203,542,16,6,0,1.000000000000000,5),(1204,542,1,NULL,0,1.000000000000000,2),(1205,543,7,NULL,0,1.000000000000000,2),(1206,548,2,NULL,0,1.000000000000000,2),(1207,545,1,NULL,0,1.000000000000000,2),(1208,546,1,NULL,0,1.000000000000000,2),(1209,539,2,NULL,0,1.000000000000000,2),(1210,540,2,NULL,0,1.000000000000000,2),(1211,549,1,NULL,0,1.000000000000000,2),(1212,545,3,13,0,1.000000000000000,5),(1213,552,3,13,0,1.000000000000000,5),(1214,552,22,13,0,1.000000000000000,5),(1215,535,1,NULL,0,1.000000000000000,2),(1216,534,2,NULL,0,1.000000000000000,2),(1217,552,1,NULL,0,1.000000000000000,2),(1218,551,2,NULL,0,1.000000000000000,2),(1219,550,2,NULL,0,1.000000000000000,2),(1220,555,3,6,0,1.000000000000000,5),(1221,557,3,6,0,1.000000000000000,5),(1222,557,4,6,0,1.000000000000000,5),(1223,557,9,6,0,1.000000000000000,5),(1224,558,3,11,0,1.000000000000000,5),(1225,557,1,NULL,0,1.000000000000000,2),(1226,556,1,NULL,0,1.000000000000000,2),(1227,553,3,7,0,1.000000000000000,5),(1228,553,5,7,0,1.000000000000000,5),(1229,553,11,7,0,1.000000000000000,5),(1230,561,3,13,0,1.000000000000000,5),(1231,561,6,13,0,1.000000000000000,5),(1232,562,3,12,0,1.000000000000000,5),(1233,562,5,12,0,1.000000000000000,5),(1234,558,1,NULL,0,1.000000000000000,2),(1235,561,24,13,0,1.000000000000000,5),(1236,553,2,NULL,0,1.000000000000000,2),(1237,567,9,12,1,0.000000000000000,5),(1238,567,3,12,0,1.000000000000000,5),(1239,567,5,12,0,1.000000000000000,5),(1240,561,1,NULL,0,1.000000000000000,2),(1241,562,2,NULL,0,1.000000000000000,2),(1242,555,1,NULL,0,1.000000000000000,2),(1243,554,1,NULL,0,1.000000000000000,2),(1244,566,3,12,0,1.000000000000000,5),(1245,567,2,NULL,1,0.000000000000000,2),(1246,569,3,6,0,1.000000000000000,5),(1247,569,6,6,0,1.000000000000000,5),(1248,572,3,13,0,1.000000000000000,5),(1249,572,5,13,0,1.000000000000000,5),(1250,572,6,13,0,1.000000000000000,5),(1251,572,25,13,1,0.000000000000000,5),(1252,572,24,13,0,1.000000000000000,5),(1253,566,2,NULL,0,1.000000000000000,2),(1254,565,2,NULL,0,1.000000000000000,2),(1255,574,8,12,1,0.000000000000000,5),(1256,574,4,12,0,2.000000000000000,5),(1257,573,3,6,0,1.000000000000000,5),(1258,573,4,6,0,1.000000000000000,5),(1259,583,6,6,0,1.000000000000000,5),(1260,568,3,7,0,1.000000000000000,5),(1261,568,5,7,0,1.000000000000000,5),(1262,568,12,7,0,1.000000000000000,5),(1263,576,3,11,0,1.000000000000000,5),(1264,576,6,11,0,1.000000000000000,5),(1265,568,23,7,0,1.000000000000000,5),(1266,572,16,13,0,1.000000000000000,5),(1267,583,1,NULL,0,1.000000000000000,2),(1268,585,3,11,0,1.000000000000000,5),(1269,579,22,13,1,0.000000000000000,5),(1270,569,22,6,0,1.000000000000000,5),(1271,569,16,6,0,1.000000000000000,5),(1272,584,3,11,0,1.000000000000000,5),(1273,584,4,11,0,1.000000000000000,5),(1274,584,6,11,0,1.000000000000000,5),(1275,570,1,NULL,0,1.000000000000000,2),(1276,571,1,NULL,0,1.000000000000000,2),(1277,581,8,7,1,0.000000000000000,5),(1278,581,3,7,0,2.000000000000000,5),(1279,568,2,NULL,0,1.000000000000000,2),(1280,568,1000003,NULL,0,1.000000000000000,2),(1281,580,3,7,1,0.000000000000000,5),(1282,580,5,7,1,0.000000000000000,5),(1283,577,1,NULL,0,1.000000000000000,2),(1284,576,1,NULL,0,1.000000000000000,2),(1285,584,22,11,0,1.000000000000000,5),(1286,578,1,NULL,0,1.000000000000000,2),(1287,581,3,12,1,0.000000000000000,5),(1288,580,3,12,0,1.000000000000000,5),(1289,580,5,7,0,1.000000000000000,5),(1290,587,17,NULL,0,1.000000000000000,2),(1291,587,19,NULL,0,1.000000000000000,2),(1292,587,16,NULL,0,1.000000000000000,2),(1293,579,25,13,0,1.000000000000000,5),(1294,574,2,NULL,0,1.000000000000000,2),(1295,579,24,13,0,1.000000000000000,5),(1296,579,22,13,0,1.000000000000000,5),(1297,585,1,NULL,0,1.000000000000000,2),(1298,580,2,NULL,0,1.000000000000000,2),(1299,569,1,NULL,0,1.000000000000000,2),(1300,573,1,NULL,0,1.000000000000000,2),(1301,586,3,6,0,1.000000000000000,5),(1302,586,5,6,0,1.000000000000000,5),(1303,586,9,6,0,1.000000000000000,5),(1304,589,3,6,0,1.000000000000000,5),(1305,586,30,14,0,1.000000000000000,5),(1306,572,1,NULL,0,1.000000000000000,2),(1307,575,8,6,0,1.000000000000000,5),(1308,575,6,6,1,0.000000000000000,5),(1309,581,2,NULL,0,1.000000000000000,2),(1310,582,2,NULL,0,1.000000000000000,2),(1311,592,8,12,1,0.000000000000000,5),(1312,592,3,12,0,1.000000000000000,5),(1313,593,3,13,0,1.000000000000000,5),(1314,595,3,6,0,1.000000000000000,5),(1315,579,1,NULL,0,1.000000000000000,2),(1316,597,3,12,0,1.000000000000000,5),(1317,597,5,12,0,1.000000000000000,5),(1318,590,1,NULL,0,1.000000000000000,2),(1319,591,1,NULL,0,1.000000000000000,2),(1320,598,3,13,0,1.000000000000000,5),(1321,596,3,6,0,1.000000000000000,5),(1322,599,3,13,0,1.000000000000000,5),(1323,599,6,13,0,1.000000000000000,5),(1324,586,15,11,0,1.000000000000000,5),(1325,586,16,11,0,1.000000000000000,5),(1326,594,16,6,0,1.000000000000000,5),(1327,596,16,11,0,1.000000000000000,5),(1328,586,1,NULL,0,1.000000000000000,2),(1329,602,8,7,1,0.000000000000000,5),(1330,602,3,7,0,1.000000000000000,5),(1331,602,5,7,0,1.000000000000000,5),(1332,600,3,13,0,1.000000000000000,5),(1333,600,6,13,0,1.000000000000000,5),(1334,594,1,NULL,0,1.000000000000000,2),(1335,600,1,NULL,0,1.000000000000000,2),(1336,602,2,NULL,0,1.000000000000000,2),(1337,601,2,NULL,0,1.000000000000000,2),(1338,592,2,NULL,0,1.000000000000000,2),(1339,611,3,13,0,1.000000000000000,5),(1340,610,3,11,0,1.000000000000000,5),(1341,610,6,11,0,1.000000000000000,5),(1342,584,30,14,0,1.000000000000000,5),(1343,608,3,6,0,1.000000000000000,5),(1344,608,5,6,0,1.000000000000000,5),(1345,608,11,6,0,1.000000000000000,5),(1346,595,1,NULL,0,1.000000000000000,2),(1347,597,2,NULL,0,1.000000000000000,2),(1348,608,30,14,0,1.000000000000000,5),(1349,596,1,NULL,0,1.000000000000000,2),(1350,607,8,12,1,0.000000000000000,5),(1351,598,1,NULL,0,1.000000000000000,2),(1352,607,3,12,0,1.000000000000000,5),(1353,607,12,12,0,1.000000000000000,5),(1354,599,30,14,0,1.000000000000000,5),(1355,599,22,13,0,1.000000000000000,5),(1356,604,2,NULL,0,1.000000000000000,2),(1357,605,2,NULL,0,1.000000000000000,2),(1358,606,2,NULL,0,1.000000000000000,2),(1359,609,2,NULL,0,1.000000000000000,2),(1360,593,1,NULL,0,1.000000000000000,2),(1361,614,3,13,0,1.000000000000000,5),(1362,607,2,NULL,0,1.000000000000000,2),(1363,588,1,NULL,0,1.000000000000000,2),(1364,589,1,NULL,0,1.000000000000000,2),(1365,615,3,11,0,1.000000000000000,5),(1366,608,24,6,0,1.000000000000000,5),(1367,608,16,6,0,1.000000000000000,5),(1368,613,3,12,1,0.000000000000000,5),(1369,612,3,7,0,1.000000000000000,5),(1370,612,12,7,0,1.000000000000000,5),(1371,613,12,12,0,1.000000000000000,5),(1372,613,3,7,0,1.000000000000000,5),(1373,608,1,NULL,0,1.000000000000000,2),(1374,615,1,NULL,0,1.000000000000000,2),(1375,614,1,NULL,0,1.000000000000000,2),(1376,584,1,NULL,0,1.000000000000000,2),(1377,599,1,NULL,0,1.000000000000000,2),(1378,617,3,13,0,1.000000000000000,5),(1379,617,8,13,0,1.000000000000000,5),(1380,616,3,11,0,1.000000000000000,5),(1381,616,8,11,0,1.000000000000000,5),(1382,613,2,NULL,0,1.000000000000000,2),(1383,612,2,NULL,0,1.000000000000000,2),(1384,619,1,NULL,0,1.000000000000000,2),(1385,611,1,NULL,0,1.000000000000000,2),(1386,610,1,NULL,0,1.000000000000000,2),(1387,616,1,NULL,0,1.000000000000000,2),(1388,617,1,NULL,0,1.000000000000000,2),(1389,618,2,NULL,0,1.000000000000000,2),(1390,564,1,NULL,0,1.000000000000000,2),(1391,563,1,NULL,0,1.000000000000000,2),(1392,559,1,NULL,0,1.000000000000000,2),(1393,560,1,NULL,0,1.000000000000000,2),(1394,620,1,NULL,0,1.000000000000000,2),(1395,603,1,NULL,0,1.000000000000000,2),(1396,575,1,NULL,0,1.000000000000000,2),(1397,621,3,11,0,1.000000000000000,5),(1398,622,3,13,0,1.000000000000000,5),(1399,622,6,13,0,1.000000000000000,5),(1400,623,3,11,0,1.000000000000000,5),(1401,626,3,11,0,1.000000000000000,5),(1402,626,6,11,0,1.000000000000000,5),(1403,627,8,7,1,0.000000000000000,5),(1404,627,3,7,0,1.000000000000000,5),(1405,627,5,7,0,1.000000000000000,5),(1406,630,3,11,0,1.000000000000000,5),(1407,630,6,11,0,1.000000000000000,5),(1408,630,4,11,0,1.000000000000000,5),(1409,624,3,6,0,1.000000000000000,5),(1410,624,4,6,0,1.000000000000000,5),(1411,624,8,6,0,1.000000000000000,5),(1412,631,3,6,0,1.000000000000000,5),(1413,631,4,6,0,1.000000000000000,5),(1414,631,6,6,0,1.000000000000000,5),(1415,625,3,13,0,1.000000000000000,5),(1416,625,9,13,0,1.000000000000000,5),(1417,625,22,13,0,1.000000000000000,5),(1418,627,2,NULL,0,1.000000000000000,2),(1419,624,1,NULL,0,1.000000000000000,2),(1420,625,1,NULL,0,1.000000000000000,2),(1421,629,3,12,0,1.000000000000000,5),(1422,621,24,11,0,1.000000000000000,5),(1423,630,1,NULL,0,1.000000000000000,2),(1424,631,1,NULL,0,1.000000000000000,2),(1425,629,2,12,0,1.000000000000000,2),(1426,628,2,NULL,0,1.000000000000000,2),(1427,626,1,NULL,0,1.000000000000000,2),(1428,626,16,6,0,1.000000000000000,2),(1429,623,1,NULL,0,1.000000000000000,2),(1430,621,1,NULL,0,1.000000000000000,2),(1431,622,1,NULL,0,1.000000000000000,2),(1432,632,3,6,0,1.000000000000000,5),(1433,632,5,6,0,1.000000000000000,5),(1434,632,20,6,1,0.000000000000000,5),(1435,632,17,6,1,0.000000000000000,5),(1436,632,20,6,0,1.000000000000000,5),(1437,632,1,NULL,0,1.000000000000000,2),(1438,634,3,11,0,1.000000000000000,5),(1439,634,1,NULL,0,1.000000000000000,2),(1440,636,3,7,0,1.000000000000000,5),(1441,636,9,7,0,1.000000000000000,5),(1442,637,3,6,0,1.000000000000000,5),(1443,637,6,6,0,1.000000000000000,5),(1444,637,1,NULL,0,1.000000000000000,2),(1445,640,3,6,0,1.000000000000000,5),(1446,636,6,NULL,0,1.000000000000000,2),(1447,636,1000005,NULL,0,1.000000000000000,2),(1448,639,3,11,0,1.000000000000000,5),(1449,639,6,11,0,1.000000000000000,5),(1450,640,30,14,0,1.000000000000000,5),(1451,635,1,NULL,0,1.000000000000000,2),(1452,639,1,NULL,0,1.000000000000000,2),(1453,640,25,11,0,1.000000000000000,5),(1454,638,18,6,0,1.000000000000000,5),(1455,641,3,12,0,1.000000000000000,5),(1456,641,5,12,0,1.000000000000000,5),(1457,642,3,11,0,1.000000000000000,5),(1458,642,6,11,0,1.000000000000000,5),(1459,638,1,NULL,0,1.000000000000000,2),(1460,644,3,11,0,1.000000000000000,5),(1461,644,6,11,0,1.000000000000000,5),(1462,641,2,NULL,0,1.000000000000000,2),(1463,644,9,11,0,1.000000000000000,5),(1464,642,16,6,0,1.000000000000000,5),(1465,640,1,NULL,0,1.000000000000000,2),(1466,648,1000005,NULL,0,1.000000000000000,2),(1467,646,12,13,1,0.000000000000000,5),(1468,646,3,13,0,1.000000000000000,5),(1469,646,6,13,0,1.000000000000000,5),(1470,645,3,6,0,1.000000000000000,5),(1471,645,7,6,0,1.000000000000000,5),(1472,644,25,7,0,1.000000000000000,5),(1473,644,24,7,0,1.000000000000000,5),(1474,649,1,NULL,0,1.000000000000000,2),(1475,648,16,6,0,1.000000000000000,5),(1476,644,25,11,1,0.000000000000000,5),(1477,642,1,NULL,0,1.000000000000000,2),(1478,643,1,NULL,0,1.000000000000000,2),(1479,647,1,NULL,0,1.000000000000000,2),(1480,645,1,NULL,0,1.000000000000000,2),(1481,646,1,NULL,0,1.000000000000000,2),(1482,651,3,13,0,1.000000000000000,5),(1483,652,3,6,0,1.000000000000000,5),(1484,651,1,NULL,0,1.000000000000000,2),(1485,654,3,6,0,1.000000000000000,5),(1486,654,6,6,0,1.000000000000000,5),(1487,658,19,11,0,1.000000000000000,5),(1488,658,16,11,0,1.000000000000000,5),(1489,658,23,11,0,1.000000000000000,5),(1490,653,12,13,1,0.000000000000000,5),(1491,653,3,13,1,0.000000000000000,5),(1492,653,3,13,0,1.000000000000000,5),(1493,653,6,13,0,1.000000000000000,5),(1494,656,3,13,0,1.000000000000000,5),(1495,656,6,13,0,1.000000000000000,5),(1496,656,5,13,0,1.000000000000000,5),(1497,656,2,13,1,0.000000000000000,2),(1498,656,1,NULL,0,1.000000000000000,2),(1499,654,16,6,0,1.000000000000000,5),(1500,652,1,NULL,0,1.000000000000000,2),(1501,657,3,13,0,1.000000000000000,5),(1502,660,3,11,0,1.000000000000000,5),(1503,660,6,11,0,1.000000000000000,5),(1504,662,30,14,0,1.000000000000000,5),(1505,657,1,NULL,0,1.000000000000000,2),(1506,650,3,11,0,1.000000000000000,5),(1507,650,4,11,0,1.000000000000000,5),(1508,660,1,NULL,0,1.000000000000000,2),(1509,659,16,13,0,1.000000000000000,5),(1510,644,1,NULL,0,1.000000000000000,2),(1511,667,3,13,0,1.000000000000000,5),(1512,667,6,13,0,1.000000000000000,5),(1513,665,3,11,1,0.000000000000000,5),(1514,665,4,11,0,1.000000000000000,5),(1515,665,6,11,1,0.000000000000000,5),(1516,665,8,11,1,0.000000000000000,5),(1517,650,1,NULL,0,1.000000000000000,2),(1518,665,1,NULL,0,1.000000000000000,2),(1519,662,13,6,0,1.000000000000000,5),(1520,662,16,6,0,1.000000000000000,5),(1521,663,2,NULL,0,1.000000000000000,2),(1522,655,2,NULL,0,1.000000000000000,2),(1523,667,16,13,0,1.000000000000000,5),(1524,667,24,13,0,1.000000000000000,5),(1525,664,3,11,0,1.000000000000000,5),(1526,664,6,11,0,1.000000000000000,5),(1527,662,1,NULL,0,1.000000000000000,2),(1528,664,4,11,1,0.000000000000000,5),(1529,664,8,11,0,1.000000000000000,5),(1530,664,22,11,0,1.000000000000000,5),(1531,664,24,11,0,1.000000000000000,5),(1532,648,3,6,0,1.000000000000000,5),(1533,648,8,6,0,1.000000000000000,5),(1534,653,1,NULL,0,1.000000000000000,2),(1535,654,1,NULL,0,1.000000000000000,2),(1536,669,8,12,1,0.000000000000000,5),(1537,669,3,12,0,1.000000000000000,5),(1538,671,6,NULL,0,1.000000000000000,2),(1539,672,1000004,NULL,0,1.000000000000000,2),(1540,668,3,13,0,1.000000000000000,5),(1541,668,6,13,0,1.000000000000000,5),(1542,661,3,6,0,1.000000000000000,5),(1543,669,2,NULL,0,1.000000000000000,2),(1544,668,1,NULL,0,1.000000000000000,2),(1545,664,1,NULL,0,1.000000000000000,2),(1546,670,3,13,0,1.000000000000000,5),(1547,670,4,13,0,1.000000000000000,5),(1548,670,6,13,0,1.000000000000000,5),(1549,661,16,6,0,1.000000000000000,5),(1550,671,8,7,1,0.000000000000000,5),(1551,671,3,7,0,1.000000000000000,5),(1552,671,5,7,0,1.000000000000000,5),(1553,671,12,7,0,1.000000000000000,5),(1554,666,1,NULL,0,1.000000000000000,2),(1555,667,1,NULL,0,1.000000000000000,2),(1556,659,1,NULL,0,1.000000000000000,2),(1557,661,1,NULL,0,1.000000000000000,2),(1558,671,2,NULL,0,1.000000000000000,2),(1559,670,1,NULL,0,1.000000000000000,2),(1560,674,3,13,0,1.000000000000000,5),(1561,673,3,12,0,1.000000000000000,5),(1562,673,12,12,0,1.000000000000000,5),(1563,678,24,13,0,1.000000000000000,5),(1564,676,1,NULL,0,1.000000000000000,2),(1565,675,1,NULL,0,1.000000000000000,2),(1566,679,2,NULL,0,1.000000000000000,2),(1567,682,3,6,0,1.000000000000000,5),(1568,674,1,NULL,0,1.000000000000000,2),(1569,677,2,NULL,0,1.000000000000000,2),(1570,673,2,NULL,0,1.000000000000000,2),(1571,680,1,NULL,0,1.000000000000000,2),(1572,682,1,NULL,0,1.000000000000000,2),(1573,683,3,13,0,1.000000000000000,5),(1574,685,3,11,0,1.000000000000000,5),(1575,678,1,NULL,0,1.000000000000000,2),(1576,687,2,NULL,0,1.000000000000000,2),(1577,684,3,6,0,1.000000000000000,5),(1578,684,1,NULL,0,1.000000000000000,2),(1579,685,1,NULL,0,1.000000000000000,2),(1580,687,8,12,1,0.000000000000000,5),(1581,687,3,12,0,1.000000000000000,5),(1582,683,1,NULL,0,1.000000000000000,2),(1583,681,3,7,0,1.000000000000000,2),(1584,681,5,7,0,1.000000000000000,2),(1585,681,12,7,0,1.000000000000000,2),(1586,690,1,NULL,0,1.000000000000000,2),(1587,688,3,11,0,1.000000000000000,5),(1588,688,1,NULL,0,1.000000000000000,2),(1589,688,1000003,NULL,0,1.000000000000000,2),(1590,689,1,NULL,0,1.000000000000000,2),(1591,692,2,NULL,0,1.000000000000000,2),(1592,691,2,NULL,0,1.000000000000000,2),(1593,693,2,NULL,0,1.000000000000000,2),(1594,695,3,7,0,1.000000000000000,5),(1595,697,16,13,0,1.000000000000000,5),(1596,695,2,NULL,0,1.000000000000000,2),(1597,694,1,NULL,0,1.000000000000000,2),(1598,698,3,7,0,1.000000000000000,5),(1599,698,11,7,0,1.000000000000000,5),(1600,699,3,12,0,1.000000000000000,5),(1601,700,8,12,1,0.000000000000000,5),(1602,700,3,12,0,2.000000000000000,5),(1603,698,2,NULL,0,1.000000000000000,2),(1604,696,18,6,0,1.000000000000000,5),(1605,699,2,NULL,0,1.000000000000000,2),(1606,696,1,NULL,0,1.000000000000000,2),(1607,702,22,11,0,1.000000000000000,5),(1608,705,3,11,0,1.000000000000000,5),(1609,704,3,13,0,1.000000000000000,5),(1610,707,3,13,0,1.000000000000000,5),(1611,706,3,6,0,1.000000000000000,5),(1612,708,3,11,0,1.000000000000000,5),(1613,708,6,11,0,1.000000000000000,5),(1614,709,3,13,0,1.000000000000000,5),(1615,711,2,NULL,0,1.000000000000000,2),(1616,704,1,NULL,1,0.000000000000000,2),(1617,710,8,7,1,0.000000000000000,5),(1618,710,3,7,0,1.000000000000000,5),(1619,710,12,7,0,1.000000000000000,5),(1620,700,5,12,1,0.000000000000000,5),(1621,700,5,12,0,1.000000000000000,5),(1622,707,24,13,0,1.000000000000000,5),(1623,708,11,7,0,1.000000000000000,5),(1624,713,3,6,0,1.000000000000000,5),(1625,713,4,6,0,1.000000000000000,5),(1626,700,2,NULL,0,1.000000000000000,2),(1627,714,1000003,NULL,0,1.000000000000000,2),(1628,710,2,NULL,0,1.000000000000000,2),(1629,716,3,13,0,1.000000000000000,5),(1630,716,6,13,0,1.000000000000000,5),(1631,717,29,14,0,1.000000000000000,5),(1632,705,1,NULL,0,1.000000000000000,2),(1633,715,8,12,1,0.000000000000000,5),(1634,715,3,12,0,1.000000000000000,5),(1635,715,11,12,0,1.000000000000000,5),(1636,713,15,6,0,1.000000000000000,5),(1637,708,1,NULL,0,1.000000000000000,2),(1638,714,3,12,0,1.000000000000000,5),(1639,715,2,NULL,0,1.000000000000000,2),(1640,706,3,11,0,1.000000000000000,5),(1641,706,6,11,0,1.000000000000000,5),(1642,714,2,NULL,0,1.000000000000000,2),(1643,718,16,6,0,1.000000000000000,5),(1644,712,8,7,1,0.000000000000000,5),(1645,712,3,7,0,1.000000000000000,5),(1646,712,15,7,0,1.000000000000000,5),(1647,712,16,7,0,1.000000000000000,5),(1648,712,23,7,0,1.000000000000000,5),(1649,706,1,NULL,0,1.000000000000000,2),(1650,707,1,NULL,0,1.000000000000000,2),(1651,709,1,NULL,0,1.000000000000000,2),(1652,703,1,NULL,0,1.000000000000000,2),(1653,712,2,NULL,0,1.000000000000000,2),(1654,720,16,13,0,1.000000000000000,5),(1655,716,1,NULL,0,1.000000000000000,2),(1656,717,1,NULL,0,1.000000000000000,2),(1657,721,3,11,0,1.000000000000000,5),(1658,721,9,11,0,1.000000000000000,5),(1659,720,1,NULL,0,1.000000000000000,2),(1660,719,2,NULL,0,1.000000000000000,2),(1661,719,3,12,0,1.000000000000000,2),(1662,722,3,7,0,1.000000000000000,5),(1663,722,5,7,0,1.000000000000000,5),(1664,723,3,12,0,1.000000000000000,5),(1665,723,5,12,0,1.000000000000000,5),(1666,721,1,NULL,0,1.000000000000000,2),(1667,718,1,NULL,0,1.000000000000000,2),(1668,722,2,NULL,0,1.000000000000000,2),(1669,723,2,NULL,0,1.000000000000000,2),(1670,723,6,NULL,0,2.000000000000000,2),(1671,713,1,NULL,0,1.000000000000000,2),(1672,724,3,12,0,1.000000000000000,5),(1673,724,15,12,0,1.000000000000000,5),(1674,725,3,7,0,1.000000000000000,5),(1675,725,5,7,0,1.000000000000000,5),(1676,725,12,7,0,1.000000000000000,5),(1677,727,2,NULL,0,1.000000000000000,2),(1678,728,2,NULL,0,1.000000000000000,2),(1679,724,2,NULL,0,1.000000000000000,2),(1680,726,3,13,0,1.000000000000000,5),(1681,726,6,13,0,1.000000000000000,5),(1682,730,3,6,0,1.000000000000000,5),(1683,730,2,6,1,0.000000000000000,5),(1684,730,4,6,0,1.000000000000000,5),(1685,730,16,6,0,1.000000000000000,5),(1686,730,19,6,0,1.000000000000000,5),(1687,725,2,NULL,0,1.000000000000000,2),(1688,728,3,7,0,1.000000000000000,5),(1689,728,5,7,0,1.000000000000000,5),(1690,727,3,12,0,1.000000000000000,5),(1691,727,5,12,0,1.000000000000000,5),(1692,726,1,NULL,0,1.000000000000000,2),(1693,729,22,11,0,1.000000000000000,5),(1694,730,1,NULL,0,1.000000000000000,2),(1695,732,3,13,0,1.000000000000000,5),(1696,732,20,13,0,1.000000000000000,5),(1697,732,6,13,0,1.000000000000000,5),(1698,731,3,11,0,1.000000000000000,5),(1699,731,6,11,0,1.000000000000000,5),(1700,731,5,11,0,1.000000000000000,5),(1701,729,1,NULL,0,1.000000000000000,2),(1702,731,1,NULL,0,1.000000000000000,2),(1703,732,1,NULL,0,1.000000000000000,2),(1704,734,3,6,0,1.000000000000000,5),(1705,735,3,13,0,1.000000000000000,5),(1706,736,3,6,0,1.000000000000000,5),(1707,737,3,6,0,1.000000000000000,5),(1708,737,5,6,0,1.000000000000000,5),(1709,737,9,6,0,1.000000000000000,5),(1710,737,1,NULL,0,1.000000000000000,2),(1711,739,12,13,1,0.000000000000000,5),(1712,739,3,13,0,1.000000000000000,5),(1713,739,22,6,0,1.000000000000000,5),(1714,741,3,11,0,1.000000000000000,5),(1715,740,3,13,0,1.000000000000000,5),(1716,741,6,11,0,1.000000000000000,5),(1717,742,8,7,1,0.000000000000000,5),(1718,742,3,7,0,1.000000000000000,5),(1719,743,3,12,0,1.000000000000000,5),(1720,735,1,NULL,0,1.000000000000000,2),(1721,743,6,12,0,1.000000000000000,5),(1722,736,1,NULL,0,1.000000000000000,2),(1723,734,1,NULL,0,1.000000000000000,2),(1724,741,1,NULL,0,1.000000000000000,2),(1725,742,2,NULL,0,1.000000000000000,2),(1726,743,2,NULL,0,1.000000000000000,2),(1727,740,30,14,0,1.000000000000000,5),(1728,739,24,13,0,1.000000000000000,5),(1729,738,3,6,0,1.000000000000000,5),(1730,738,16,6,0,1.000000000000000,5),(1731,739,1,NULL,0,1.000000000000000,2),(1732,738,1,NULL,0,1.000000000000000,2),(1733,746,3,7,0,1.000000000000000,5),(1734,746,5,7,0,1.000000000000000,5),(1735,746,12,7,0,1.000000000000000,5),(1736,744,3,13,0,1.000000000000000,5),(1737,746,2,NULL,0,1.000000000000000,2),(1738,748,3,12,0,1.000000000000000,5),(1739,751,3,6,0,1.000000000000000,5),(1740,751,16,6,0,1.000000000000000,5),(1741,749,8,12,1,0.000000000000000,5),(1742,749,3,12,0,1.000000000000000,5),(1743,750,3,7,0,1.000000000000000,5),(1744,753,3,13,0,1.000000000000000,5),(1745,750,2,NULL,0,1.000000000000000,2),(1746,756,3,11,0,1.000000000000000,5),(1747,756,9,11,0,1.000000000000000,5),(1748,759,3,13,0,1.000000000000000,5),(1749,759,4,13,0,1.000000000000000,5),(1750,749,2,NULL,0,1.000000000000000,2),(1751,748,2,NULL,0,1.000000000000000,2),(1752,754,18,6,0,1.000000000000000,5),(1753,752,3,7,0,1.000000000000000,5),(1754,744,1,NULL,0,1.000000000000000,2),(1755,745,1,NULL,0,1.000000000000000,2),(1756,757,29,14,0,1.000000000000000,5),(1757,761,3,12,0,1.000000000000000,2),(1758,761,12,12,0,1.000000000000000,2),(1759,760,3,7,0,1.000000000000000,2),(1760,760,12,7,0,1.000000000000000,2),(1761,763,3,11,0,1.000000000000000,5),(1762,758,3,12,0,1.000000000000000,5),(1763,758,4,12,0,1.000000000000000,5),(1764,758,20,12,1,0.000000000000000,5),(1765,758,21,12,0,1.000000000000000,5),(1766,752,2,NULL,0,1.000000000000000,2),(1767,758,22,12,0,1.000000000000000,5),(1768,762,3,6,0,1.000000000000000,5),(1769,759,17,13,0,1.000000000000000,5),(1770,759,29,13,1,0.000000000000000,5),(1771,762,1,NULL,0,1.000000000000000,2),(1772,765,2,NULL,0,1.000000000000000,2),(1773,751,1,NULL,0,1.000000000000000,2),(1774,756,1,NULL,0,1.000000000000000,2),(1775,747,3,7,0,1.000000000000000,5),(1776,747,5,7,0,1.000000000000000,5),(1777,747,12,7,0,1.000000000000000,5),(1778,747,23,7,0,1.000000000000000,5),(1779,747,16,7,0,1.000000000000000,5),(1780,740,1,NULL,0,1.000000000000000,2),(1781,759,1,NULL,0,1.000000000000000,2),(1782,758,2,NULL,0,1.000000000000000,2),(1783,753,1,NULL,0,1.000000000000000,2),(1784,759,29,13,1,0.000000000000000,5),(1785,759,29,14,0,1.000000000000000,5),(1786,764,3,12,0,1.000000000000000,5),(1787,764,4,12,0,1.000000000000000,5),(1788,764,15,12,0,1.000000000000000,5),(1789,764,23,12,0,1.000000000000000,5),(1790,764,2,NULL,0,1.000000000000000,2),(1791,755,1,NULL,0,1.000000000000000,2),(1792,763,1,NULL,0,1.000000000000000,2),(1793,747,2,NULL,0,1.000000000000000,2),(1794,767,3,11,0,1.000000000000000,5),(1795,767,4,11,0,1.000000000000000,5),(1796,754,1,NULL,0,1.000000000000000,2),(1797,757,1,NULL,0,1.000000000000000,2),(1798,766,3,7,0,1.000000000000000,5),(1799,767,1,NULL,0,1.000000000000000,2),(1800,766,2,NULL,0,1.000000000000000,2),(1801,768,3,13,0,1.000000000000000,5),(1802,770,1,NULL,0,1.000000000000000,2),(1803,769,3,12,0,1.000000000000000,5),(1804,769,5,12,0,1.000000000000000,5),(1805,768,16,13,0,1.000000000000000,5),(1806,774,3,12,0,1.000000000000000,2),(1807,771,1000007,NULL,0,1.000000000000000,2),(1808,769,2,NULL,0,1.000000000000000,2),(1809,768,1,NULL,0,1.000000000000000,2),(1810,772,1,NULL,0,1.000000000000000,2),(1811,773,1,NULL,0,1.000000000000000,2),(1812,775,3,11,0,1.000000000000000,5),(1813,775,9,11,0,1.000000000000000,5),(1814,776,3,13,0,1.000000000000000,5),(1815,776,6,13,0,1.000000000000000,5),(1816,776,9,13,0,1.000000000000000,5),(1817,771,3,7,0,1.000000000000000,5),(1818,771,5,7,0,1.000000000000000,5),(1819,777,24,6,0,1.000000000000000,5),(1820,777,1,NULL,0,1.000000000000000,2),(1821,780,3,12,0,1.000000000000000,5),(1822,781,3,11,0,1.000000000000000,5),(1823,781,14,11,0,1.000000000000000,5),(1824,780,2,NULL,0,1.000000000000000,2),(1825,776,1,NULL,0,1.000000000000000,2),(1826,775,1,NULL,0,1.000000000000000,2),(1827,771,2,NULL,0,1.000000000000000,2),(1828,781,1,NULL,0,1.000000000000000,2),(1829,781,25,11,0,1.000000000000000,5),(1830,785,3,12,0,1.000000000000000,5),(1831,785,5,12,0,1.000000000000000,5),(1832,783,3,6,0,1.000000000000000,5),(1833,786,3,6,0,1.000000000000000,5),(1834,783,20,6,0,1.000000000000000,5),(1835,783,16,6,0,1.000000000000000,5),(1836,788,3,11,0,1.000000000000000,5),(1837,784,2,NULL,0,1.000000000000000,3),(1838,785,2,12,0,1.000000000000000,3),(1839,792,3,13,0,1.000000000000000,5),(1840,792,4,13,0,1.000000000000000,5),(1841,793,3,6,0,1.000000000000000,5),(1842,791,22,11,0,1.000000000000000,5),(1843,789,3,12,0,1.000000000000000,5),(1844,789,12,12,0,1.000000000000000,5),(1845,790,3,7,0,1.000000000000000,5),(1846,790,12,7,0,1.000000000000000,5),(1847,792,1,13,0,1.000000000000000,3),(1848,786,1,6,0,1.000000000000000,3),(1849,793,1,6,0,1.000000000000000,3),(1850,789,2,12,0,1.000000000000000,3),(1851,789,30,12,0,1.000000000000000,3),(1852,790,2,7,0,1.000000000000000,3),(1853,791,6,11,0,1.000000000000000,3),(1854,791,1,11,0,1.000000000000000,3),(1855,783,1,6,0,1.000000000000000,3),(1856,788,1,11,0,1.000000000000000,3),(1857,795,3,12,0,1.000000000000000,5),(1858,795,5,12,0,1.000000000000000,5),(1859,795,2,12,0,1.000000000000000,3),(1860,794,3,7,0,1.000000000000000,5),(1861,794,5,7,0,1.000000000000000,5),(1862,794,14,7,0,1.000000000000000,5),(1863,794,18,7,1,0.000000000000000,5),(1864,794,23,7,0,1.000000000000000,5),(1865,794,11,7,0,1.000000000000000,5),(1866,797,3,6,0,2.000000000000000,5),(1867,794,2,7,0,1.000000000000000,3),(1868,794,24,7,0,1.000000000000000,3),(1869,794,24,11,0,1.000000000000000,5),(1870,799,3,12,0,1.000000000000000,5),(1871,800,3,13,0,1.000000000000000,5),(1872,800,9,13,0,1.000000000000000,5),(1873,801,3,11,0,1.000000000000000,5),(1874,801,6,11,0,1.000000000000000,5),(1875,799,2,12,0,1.000000000000000,3),(1876,800,22,13,0,2.000000000000000,5),(1877,798,3,13,0,1.000000000000000,5),(1878,798,9,13,0,1.000000000000000,5),(1879,798,16,13,0,1.000000000000000,5),(1880,802,3,11,0,1.000000000000000,5),(1881,801,1,11,0,1.000000000000000,3),(1882,802,16,11,0,1.000000000000000,5),(1883,805,3,13,0,1.000000000000000,5),(1884,805,6,13,0,1.000000000000000,5),(1885,796,1,NULL,0,1.000000000000000,3),(1886,810,30,14,0,1.000000000000000,5),(1887,807,3,6,0,1.000000000000000,5),(1888,807,9,6,0,1.000000000000000,5),(1889,813,3,12,0,1.000000000000000,5),(1890,813,5,12,0,1.000000000000000,5),(1891,812,1,NULL,0,1.000000000000000,3),(1892,800,1,13,0,1.000000000000000,3),(1893,811,3,6,0,1.000000000000000,5),(1894,811,9,6,0,1.000000000000000,5),(1895,826,30,14,0,4.000000000000000,5),(1896,810,3,13,0,1.000000000000000,5),(1897,810,4,13,0,1.000000000000000,5),(1898,823,30,14,0,1.000000000000000,5),(1899,821,3,11,0,1.000000000000000,5),(1900,820,1,NULL,0,1.000000000000000,3),(1901,821,1,11,0,1.000000000000000,3),(1902,809,23,7,0,1.000000000000000,5),(1903,809,16,7,0,1.000000000000000,5),(1904,825,3,13,0,1.000000000000000,5),(1905,825,8,13,0,1.000000000000000,5),(1906,797,1,6,0,1.000000000000000,3),(1907,826,3,11,0,1.000000000000000,5),(1908,826,5,11,0,1.000000000000000,5),(1909,826,6,11,0,1.000000000000000,5),(1910,810,1,13,0,1.000000000000000,3),(1911,817,3,12,0,1.000000000000000,5),(1912,817,5,12,0,1.000000000000000,5),(1913,818,3,12,0,1.000000000000000,5),(1914,798,1,13,0,1.000000000000000,3),(1915,819,3,12,0,1.000000000000000,5),(1916,817,1000003,12,0,1.000000000000000,5),(1917,804,3,11,1,0.000000000000000,5),(1918,811,1,6,1,0.000000000000000,3),(1919,811,6,6,0,1.000000000000000,3),(1920,827,3,11,0,1.000000000000000,5),(1921,802,1,11,0,1.000000000000000,3),(1922,802,23,11,0,1.000000000000000,3),(1923,823,24,13,0,1.000000000000000,5),(1924,825,24,13,0,1.000000000000000,5),(1925,815,16,6,0,1.000000000000000,5),(1926,815,18,6,0,1.000000000000000,5),(1927,827,1,11,0,1.000000000000000,3),(1928,828,3,11,0,1.000000000000000,5),(1929,817,7,12,0,1.000000000000000,5),(1930,831,3,12,0,1.000000000000000,5),(1931,830,8,12,1,0.000000000000000,5),(1932,830,3,12,0,1.000000000000000,5),(1933,818,16,7,0,1.000000000000000,5),(1934,819,16,7,0,1.000000000000000,5),(1935,804,1,NULL,0,1.000000000000000,3),(1936,804,30,NULL,0,1.000000000000000,3),(1937,805,1,13,0,1.000000000000000,3),(1938,806,1,NULL,0,1.000000000000000,3),(1939,803,1,NULL,0,1.000000000000000,3),(1940,829,3,11,0,1.000000000000000,5),(1941,815,1,6,0,1.000000000000000,3),(1942,817,16,6,0,1.000000000000000,5),(1943,817,24,6,0,1.000000000000000,5),(1944,816,1,NULL,0,1.000000000000000,3),(1945,828,6,11,0,1.000000000000000,3),(1946,828,1,11,0,1.000000000000000,3),(1947,833,3,11,0,1.000000000000000,5),(1948,833,11,11,0,1.000000000000000,5),(1949,832,3,7,0,1.000000000000000,5),(1950,832,12,7,0,1.000000000000000,5),(1951,833,6,11,0,1.000000000000000,5),(1952,831,2,12,0,1.000000000000000,3),(1953,830,2,12,0,1.000000000000000,3),(1954,808,3,6,0,1.000000000000000,5),(1955,814,3,6,0,1.000000000000000,5),(1956,839,1000004,NULL,0,1.000000000000000,3),(1957,808,1,6,0,1.000000000000000,3),(1958,809,2,7,0,1.000000000000000,3),(1959,836,16,13,0,1.000000000000000,5),(1960,832,2,7,0,1.000000000000000,3),(1961,833,1,11,0,1.000000000000000,3),(1962,825,1,13,0,1.000000000000000,3),(1963,837,16,11,0,1.000000000000000,5),(1964,826,1,11,0,1.000000000000000,3),(1965,822,1,NULL,0,1.000000000000000,3),(1966,823,1,13,0,1.000000000000000,3),(1967,834,3,12,0,1.000000000000000,5),(1968,834,5,12,0,1.000000000000000,5),(1969,838,3,12,0,1.000000000000000,5),(1970,838,5,12,0,1.000000000000000,5),(1971,819,2,7,0,1.000000000000000,3),(1972,817,2,6,0,1.000000000000000,3),(1973,818,2,7,0,1.000000000000000,3),(1974,839,3,13,0,1.000000000000000,5),(1975,839,6,13,0,1.000000000000000,5),(1976,814,1,6,0,1.000000000000000,3),(1977,838,2,12,0,1.000000000000000,3),(1978,834,2,12,0,1.000000000000000,3),(1979,837,1,11,0,1.000000000000000,3),(1980,836,1,13,0,1.000000000000000,3),(1981,807,1,6,0,1.000000000000000,3),(1982,843,1,NULL,0,1.000000000000000,3),(1983,839,1,13,0,1.000000000000000,3),(1984,844,3,11,0,1.000000000000000,5),(1985,840,3,13,0,1.000000000000000,5),(1986,840,6,13,0,1.000000000000000,5),(1987,842,1,NULL,0,1.000000000000000,3),(1988,844,6,11,0,1.000000000000000,3),(1989,844,1,11,0,1.000000000000000,3),(1990,845,2,NULL,0,1.000000000000000,3),(1991,846,2,NULL,0,1.000000000000000,3),(1992,841,2,NULL,0,1.000000000000000,3),(1993,840,1,13,0,1.000000000000000,3),(1994,851,3,11,0,1.000000000000000,5),(1995,849,3,13,0,1.000000000000000,5),(1996,850,3,11,0,1.000000000000000,5),(1997,848,3,6,0,1.000000000000000,5),(1998,852,1,NULL,0,1.000000000000000,2),(1999,853,3,13,0,1.000000000000000,5),(2000,853,6,13,0,1.000000000000000,5),(2001,856,30,14,0,1.000000000000000,5),(2002,850,1,NULL,0,1.000000000000000,2),(2003,848,1,NULL,0,1.000000000000000,2),(2004,851,1,NULL,0,1.000000000000000,2),(2005,849,1,NULL,0,1.000000000000000,2),(2006,854,22,6,0,1.000000000000000,5),(2007,853,22,6,0,1.000000000000000,5),(2008,857,20,13,0,1.000000000000000,5),(2009,856,1,NULL,0,1.000000000000000,2),(2010,857,3,11,0,1.000000000000000,5),(2011,859,3,11,0,1.000000000000000,5),(2012,857,1,NULL,0,1.000000000000000,2),(2013,859,1,NULL,0,1.000000000000000,2),(2014,853,1,NULL,0,1.000000000000000,2),(2015,865,3,7,0,1.000000000000000,5),(2016,865,6,11,1,0.000000000000000,5),(2017,865,6,11,0,1.000000000000000,5),(2018,858,3,13,0,1.000000000000000,5),(2019,861,3,12,0,1.000000000000000,5),(2020,861,5,12,0,1.000000000000000,5),(2021,862,3,7,0,1.000000000000000,5),(2022,862,12,7,0,1.000000000000000,5),(2023,863,8,12,1,0.000000000000000,5),(2024,863,3,12,0,1.000000000000000,5),(2025,863,12,12,0,1.000000000000000,5),(2026,854,24,6,0,1.000000000000000,5),(2027,855,1,NULL,0,1.000000000000000,2),(2028,854,1,NULL,0,1.000000000000000,2),(2029,860,1,NULL,0,1.000000000000000,2),(2030,865,16,13,0,1.000000000000000,5),(2031,858,1,NULL,1,0.000000000000000,2),(2032,863,2,NULL,0,1.000000000000000,2),(2033,861,2,NULL,0,1.000000000000000,2),(2034,864,3,7,0,1.000000000000000,5),(2035,864,12,7,0,1.000000000000000,5),(2036,862,2,NULL,0,1.000000000000000,2),(2037,870,3,11,0,1.000000000000000,5),(2038,866,2,NULL,0,1.000000000000000,2),(2039,869,3,7,0,1.000000000000000,5),(2040,867,2,NULL,0,1.000000000000000,2),(2041,869,2,NULL,0,1.000000000000000,2),(2042,868,2,NULL,0,1.000000000000000,2),(2043,870,1,NULL,0,1.000000000000000,2),(2044,873,3,13,0,1.000000000000000,5),(2045,874,3,11,0,1.000000000000000,5),(2046,865,1,NULL,0,1.000000000000000,2),(2047,872,3,12,0,1.000000000000000,5),(2048,877,3,13,0,1.000000000000000,5),(2049,877,4,13,0,1.000000000000000,5),(2050,877,6,13,0,1.000000000000000,5),(2051,872,2,NULL,0,1.000000000000000,2),(2052,876,8,12,1,0.000000000000000,5),(2053,876,5,12,1,0.000000000000000,5),(2054,873,1,NULL,0,1.000000000000000,2),(2055,877,1,NULL,0,1.000000000000000,2),(2056,871,1,NULL,0,1.000000000000000,2),(2057,878,3,11,0,1.000000000000000,5),(2058,879,3,13,0,1.000000000000000,5),(2059,875,1,NULL,0,1.000000000000000,2),(2060,878,30,14,0,1.000000000000000,5),(2061,876,2,NULL,0,1.000000000000000,2),(2062,876,3,12,0,1.000000000000000,5),(2063,876,5,12,0,1.000000000000000,5),(2064,885,3,6,0,1.000000000000000,5),(2065,879,1,NULL,0,1.000000000000000,2),(2066,878,1,NULL,0,1.000000000000000,2),(2067,885,30,14,1,0.000000000000000,5),(2068,885,29,14,0,1.000000000000000,5),(2069,880,3,11,0,1.000000000000000,5),(2070,880,8,11,1,0.000000000000000,5),(2071,880,11,11,1,0.000000000000000,5),(2072,883,3,11,0,1.000000000000000,5),(2073,883,8,11,0,1.000000000000000,5),(2074,883,11,11,0,1.000000000000000,5),(2075,881,3,12,0,1.000000000000000,5),(2076,886,2,NULL,0,1.000000000000000,2),(2077,887,2,NULL,0,1.000000000000000,2),(2078,889,3,6,0,1.000000000000000,5),(2079,888,3,13,0,1.000000000000000,5),(2080,889,1,NULL,0,1.000000000000000,2),(2081,888,1,NULL,0,1.000000000000000,2),(2082,874,1,NULL,0,1.000000000000000,2),(2083,892,3,11,0,1.000000000000000,5),(2084,892,5,11,0,1.000000000000000,5),(2085,884,8,7,1,0.000000000000000,5),(2086,884,3,7,0,1.000000000000000,5),(2087,884,4,7,0,1.000000000000000,5),(2088,884,12,7,0,1.000000000000000,5),(2089,891,3,7,0,1.000000000000000,5),(2090,894,3,11,0,1.000000000000000,5),(2091,894,6,11,0,1.000000000000000,5),(2092,882,1,NULL,0,1.000000000000000,2),(2093,883,1,NULL,0,1.000000000000000,2),(2094,881,2,NULL,0,1.000000000000000,2),(2095,892,1,NULL,0,1.000000000000000,2),(2096,882,3,13,0,1.000000000000000,5),(2097,882,5,13,0,1.000000000000000,5),(2098,882,11,13,0,1.000000000000000,5),(2099,890,3,6,0,1.000000000000000,5),(2100,890,13,6,0,1.000000000000000,5),(2101,891,2,NULL,0,1.000000000000000,2),(2102,890,18,6,0,1.000000000000000,5),(2103,897,3,11,0,1.000000000000000,5),(2104,896,3,12,0,1.000000000000000,5),(2105,896,12,12,0,1.000000000000000,5),(2106,884,2,NULL,0,1.000000000000000,2),(2107,885,1,NULL,0,1.000000000000000,2),(2108,895,1,NULL,0,1.000000000000000,2),(2109,897,1,NULL,0,1.000000000000000,2),(2110,898,3,13,0,1.000000000000000,5),(2111,880,1,NULL,0,1.000000000000000,2),(2112,899,3,11,0,1.000000000000000,5),(2113,900,3,13,0,1.000000000000000,5),(2114,900,3,11,1,0.000000000000000,5),(2115,890,1,NULL,0,1.000000000000000,2),(2116,893,1,NULL,0,1.000000000000000,2),(2117,901,3,11,0,1.000000000000000,5),(2118,894,1,NULL,0,1.000000000000000,2),(2119,902,3,6,0,1.000000000000000,5),(2120,902,4,6,0,1.000000000000000,5),(2121,902,6,6,0,1.000000000000000,5),(2122,902,1,NULL,0,1.000000000000000,2),(2123,903,3,13,0,1.000000000000000,5),(2124,900,1,NULL,0,1.000000000000000,2),(2125,903,16,13,0,1.000000000000000,5),(2126,904,3,6,0,1.000000000000000,5),(2127,904,4,6,0,1.000000000000000,5),(2128,904,9,6,0,1.000000000000000,5),(2129,903,1,NULL,0,1.000000000000000,2),(2130,904,1,NULL,0,1.000000000000000,2),(2131,905,3,7,0,1.000000000000000,5),(2132,908,3,13,0,1.000000000000000,5),(2133,901,1,NULL,0,1.000000000000000,2),(2134,899,1,NULL,0,1.000000000000000,2),(2135,898,1,NULL,0,1.000000000000000,2),(2136,912,3,11,0,1.000000000000000,5),(2137,912,9,11,0,1.000000000000000,5),(2138,908,1,NULL,0,1.000000000000000,2),(2139,913,2,NULL,0,1.000000000000000,2),(2140,910,3,6,0,1.000000000000000,5),(2141,907,3,6,0,1.000000000000000,5),(2142,907,6,6,0,1.000000000000000,5),(2143,907,9,6,0,1.000000000000000,5),(2144,917,3,12,0,1.000000000000000,5),(2145,915,3,11,0,1.000000000000000,5),(2146,915,4,11,0,1.000000000000000,5),(2147,914,3,13,1,0.000000000000000,5),(2148,914,2,13,1,0.000000000000000,5),(2149,907,16,6,0,1.000000000000000,5),(2150,917,30,12,0,1.000000000000000,2),(2151,906,30,NULL,0,1.000000000000000,2),(2152,906,1,NULL,0,1.000000000000000,2),(2153,905,16,12,0,1.000000000000000,5),(2154,905,2,NULL,0,1.000000000000000,2),(2155,907,1,NULL,0,1.000000000000000,2),(2156,909,2,NULL,0,1.000000000000000,2),(2157,909,30,NULL,0,1.000000000000000,2),(2158,917,2,NULL,0,1.000000000000000,2),(2159,910,1,NULL,0,1.000000000000000,2),(2160,911,1,NULL,0,1.000000000000000,2),(2161,912,1,NULL,0,1.000000000000000,2),(2162,914,1,NULL,0,1.000000000000000,2),(2163,915,1,NULL,0,1.000000000000000,2),(2164,918,3,12,0,1.000000000000000,5),(2165,918,12,12,0,1.000000000000000,5),(2166,914,3,13,0,1.000000000000000,5),(2167,914,4,13,0,1.000000000000000,5),(2168,918,2,NULL,0,1.000000000000000,2),(2169,916,2,NULL,0,1.000000000000000,2),(2170,916,3,7,0,1.000000000000000,2),(2171,916,5,7,0,1.000000000000000,2),(2172,916,12,7,0,1.000000000000000,2),(2173,921,1,NULL,0,1.000000000000000,3),(2174,919,3,11,0,1.000000000000000,5),(2175,919,6,11,0,1.000000000000000,5),(2176,920,3,6,0,1.000000000000000,5),(2177,920,19,6,0,1.000000000000000,5),(2178,920,1000006,6,0,1.000000000000000,5),(2179,920,22,6,0,1.000000000000000,5),(2180,919,1,11,0,1.000000000000000,3),(2181,923,3,13,0,1.000000000000000,5),(2182,924,2,NULL,0,1.000000000000000,3),(2183,922,18,6,0,1.000000000000000,5),(2184,920,1,6,0,1.000000000000000,3),(2185,923,16,6,0,1.000000000000000,5),(2186,925,3,13,0,1.000000000000000,5),(2187,925,5,13,0,1.000000000000000,5),(2188,925,6,13,0,1.000000000000000,5),(2189,923,1,6,0,1.000000000000000,3),(2190,928,1,NULL,0,1.000000000000000,3),(2191,928,13,NULL,0,1.000000000000000,3),(2192,926,3,7,0,1.000000000000000,5),(2193,927,3,12,0,1.000000000000000,5),(2194,925,1,13,0,1.000000000000000,3),(2195,927,2,12,0,1.000000000000000,3),(2196,926,2,7,0,1.000000000000000,3),(2197,931,3,11,1,0.000000000000000,5),(2198,931,6,11,1,0.000000000000000,5),(2199,937,20,NULL,0,1.000000000000000,3),(2200,937,19,NULL,0,1.000000000000000,3),(2201,933,3,11,0,1.000000000000000,5),(2202,933,6,11,1,0.000000000000000,5),(2203,934,18,13,1,0.000000000000000,5),(2204,933,1,11,0,1.000000000000000,3),(2205,932,1,NULL,0,1.000000000000000,3),(2206,941,30,14,0,2.000000000000000,5),(2207,936,3,11,0,1.000000000000000,5),(2208,936,6,11,0,1.000000000000000,5),(2209,938,3,13,0,1.000000000000000,5),(2210,938,8,13,0,1.000000000000000,5),(2211,938,6,13,0,1.000000000000000,5),(2212,931,1,11,0,1.000000000000000,3),(2213,931,1,11,1,0.000000000000000,5),(2214,931,3,11,0,1.000000000000000,5),(2215,931,6,11,0,1.000000000000000,5),(2216,939,3,6,0,1.000000000000000,5),(2217,939,4,6,1,0.000000000000000,5),(2218,939,4,6,0,1.000000000000000,5),(2219,929,1,NULL,0,1.000000000000000,3),(2220,930,1,NULL,0,1.000000000000000,3),(2221,940,6,11,0,1.000000000000000,5),(2222,940,3,11,0,1.000000000000000,5),(2223,940,4,11,0,1.000000000000000,5),(2224,939,6,6,0,1.000000000000000,5),(2225,942,3,13,0,1.000000000000000,5),(2226,934,3,13,0,1.000000000000000,5),(2227,934,1,13,0,1.000000000000000,3),(2228,935,1,NULL,0,1.000000000000000,3),(2229,944,3,11,0,1.000000000000000,5),(2230,944,6,11,0,1.000000000000000,5),(2231,939,22,13,0,1.000000000000000,5),(2232,955,7,NULL,0,1.000000000000000,3),(2233,942,22,13,0,1.000000000000000,5),(2234,940,22,13,0,1.000000000000000,5),(2235,936,1,11,0,1.000000000000000,3),(2236,950,3,11,0,1.000000000000000,5),(2237,943,3,6,0,1.000000000000000,5),(2238,949,3,6,0,1.000000000000000,5),(2239,953,3,11,0,1.000000000000000,5),(2240,948,3,7,0,2.000000000000000,5),(2241,954,3,11,0,1.000000000000000,5),(2242,938,16,13,0,1.000000000000000,5),(2243,958,6,NULL,0,1.000000000000000,3),(2244,956,3,6,0,1.000000000000000,5),(2245,956,6,6,0,1.000000000000000,5),(2246,947,2,NULL,0,1.000000000000000,3),(2247,948,2,7,0,1.000000000000000,3),(2248,946,24,13,0,1.000000000000000,5),(2249,954,1,11,0,1.000000000000000,3),(2250,943,1,6,0,1.000000000000000,3),(2251,955,3,7,0,1.000000000000000,5),(2252,955,11,7,0,1.000000000000000,5),(2253,939,1,13,0,1.000000000000000,3),(2254,958,2,NULL,0,1.000000000000000,3),(2255,957,2,NULL,0,1.000000000000000,3),(2256,959,3,11,0,1.000000000000000,5),(2257,955,2,7,0,1.000000000000000,3),(2258,938,1,13,0,1.000000000000000,3),(2259,956,16,13,0,1.000000000000000,5),(2260,959,30,14,0,1.000000000000000,5),(2261,950,1,11,0,1.000000000000000,3),(2262,951,8,12,1,0.000000000000000,5),(2263,951,16,12,0,1.000000000000000,5),(2264,951,15,12,0,1.000000000000000,5),(2265,940,1,13,0,1.000000000000000,3),(2266,951,23,12,0,1.000000000000000,5),(2267,951,3,12,0,1.000000000000000,5),(2268,956,1,13,0,1.000000000000000,3),(2269,953,1,11,0,1.000000000000000,3),(2270,959,16,11,0,1.000000000000000,5),(2271,951,2,12,0,1.000000000000000,3),(2272,944,1,11,0,1.000000000000000,3),(2273,946,1,13,0,1.000000000000000,3),(2274,945,1,NULL,0,1.000000000000000,3),(2275,961,1,NULL,0,1.000000000000000,3),(2276,962,3,6,0,2.000000000000000,5),(2277,964,3,13,0,1.000000000000000,5),(2278,965,3,13,0,1.000000000000000,5),(2279,965,8,13,0,1.000000000000000,5),(2280,964,1,13,0,1.000000000000000,3),(2281,962,20,6,0,1.000000000000000,5),(2282,941,1,14,0,1.000000000000000,3),(2283,965,1,13,0,1.000000000000000,3),(2284,942,1,13,0,1.000000000000000,3),(2285,959,22,11,0,1.000000000000000,5),(2286,967,3,13,0,1.000000000000000,5),(2287,967,6,13,0,1.000000000000000,5),(2288,969,3,13,0,1.000000000000000,5),(2289,966,3,11,0,1.000000000000000,5),(2290,966,1,11,0,1.000000000000000,3),(2291,967,1,13,0,1.000000000000000,3),(2292,968,3,6,0,1.000000000000000,5),(2293,968,9,6,0,1.000000000000000,5),(2294,959,1,11,0,1.000000000000000,3),(2295,969,1,13,0,1.000000000000000,3),(2296,949,1,6,0,1.000000000000000,3),(2297,952,1,NULL,0,1.000000000000000,3),(2298,962,1,6,0,1.000000000000000,3),(2299,963,1,NULL,0,1.000000000000000,3),(2300,978,1,NULL,0,1.000000000000000,3),(2301,977,1,NULL,0,1.000000000000000,3),(2302,979,3,12,0,2.000000000000000,5),(2303,974,8,12,1,0.000000000000000,5),(2304,974,3,12,0,1.000000000000000,5),(2305,976,3,7,0,1.000000000000000,5),(2306,976,21,7,0,1.000000000000000,5),(2307,973,3,7,0,1.000000000000000,5),(2308,973,21,7,0,1.000000000000000,5),(2309,974,21,7,0,1.000000000000000,5),(2310,968,1,6,0,1.000000000000000,3),(2311,968,20,6,1,0.000000000000000,3),(2312,968,21,6,0,1.000000000000000,3),(2313,973,2,7,0,1.000000000000000,3),(2314,974,2,7,0,1.000000000000000,3),(2315,976,2,7,0,1.000000000000000,3),(2316,984,3,11,0,1.000000000000000,5),(2317,972,2,NULL,0,1.000000000000000,3),(2318,970,22,12,0,1.000000000000000,5),(2319,970,25,12,0,1.000000000000000,5),(2320,984,1,11,0,1.000000000000000,3),(2321,985,3,13,0,1.000000000000000,5),(2322,985,11,13,0,1.000000000000000,5),(2323,979,2,12,0,1.000000000000000,3),(2324,975,2,NULL,0,1.000000000000000,3),(2325,970,2,12,0,1.000000000000000,3),(2326,971,2,NULL,0,1.000000000000000,3),(2327,981,16,6,0,1.000000000000000,5),(2328,982,3,7,0,2.000000000000000,5),(2329,988,3,7,0,1.000000000000000,5),(2330,985,1,13,0,1.000000000000000,3),(2331,995,3,12,0,1.000000000000000,5),(2332,993,3,11,0,1.000000000000000,5),(2333,992,1,NULL,0,1.000000000000000,3),(2334,980,1,NULL,0,1.000000000000000,3),(2335,987,2,NULL,0,1.000000000000000,3),(2336,988,2,7,0,1.000000000000000,3),(2337,997,3,11,0,1.000000000000000,5),(2338,997,6,11,0,1.000000000000000,5),(2339,997,8,11,0,1.000000000000000,5),(2340,981,1,6,0,1.000000000000000,3),(2341,996,3,13,0,1.000000000000000,5),(2342,996,6,13,0,1.000000000000000,5),(2343,996,8,13,0,1.000000000000000,5),(2344,996,11,13,0,1.000000000000000,5),(2345,982,2,7,0,1.000000000000000,3),(2346,983,2,NULL,0,1.000000000000000,3),(2347,996,1,13,0,1.000000000000000,3),(2348,997,1,11,0,1.000000000000000,3),(2349,990,2,NULL,0,1.000000000000000,3),(2350,991,2,NULL,0,1.000000000000000,3),(2351,989,2,NULL,0,1.000000000000000,3),(2352,986,2,NULL,0,1.000000000000000,3),(2353,993,4,11,1,0.000000000000000,3),(2354,993,1,11,0,1.000000000000000,3),(2355,994,1,NULL,0,1.000000000000000,3),(2356,995,2,12,0,1.000000000000000,3),(2357,1001,3,13,0,1.000000000000000,5),(2358,1001,8,13,0,1.000000000000000,5),(2359,1000,3,11,0,1.000000000000000,5),(2360,1000,11,11,0,1.000000000000000,5),(2361,1003,3,6,0,1.000000000000000,5),(2362,1003,9,6,0,1.000000000000000,5),(2363,1005,3,12,0,1.000000000000000,5),(2364,1006,3,13,0,1.000000000000000,5),(2365,1006,4,13,0,1.000000000000000,5),(2366,998,16,6,0,1.000000000000000,5),(2367,1002,1,NULL,0,1.000000000000000,2),(2368,1003,16,11,0,1.000000000000000,5),(2369,1003,22,11,0,1.000000000000000,5),(2370,1000,1,NULL,0,1.000000000000000,2),(2371,1001,1,NULL,0,1.000000000000000,2),(2372,1007,1,NULL,0,1.000000000000000,2),(2373,1003,1,NULL,0,1.000000000000000,2),(2374,999,1,NULL,0,1.000000000000000,2),(2375,1006,1,NULL,0,1.000000000000000,2),(2376,1005,2,NULL,0,1.000000000000000,2),(2377,1011,1,NULL,0,1.000000000000000,2),(2378,998,1,NULL,0,1.000000000000000,2),(2379,1008,2,NULL,0,1.000000000000000,2),(2380,1009,2,NULL,0,1.000000000000000,2),(2381,1004,2,NULL,0,1.000000000000000,2),(2382,1010,3,6,0,2.000000000000000,5),(2383,1013,3,6,0,1.000000000000000,5),(2384,1014,3,13,0,1.000000000000000,5),(2385,1012,3,13,0,1.000000000000000,5),(2386,1015,3,6,0,1.000000000000000,5),(2387,1015,4,6,0,1.000000000000000,5),(2388,1010,1,NULL,0,1.000000000000000,2),(2389,1012,1,NULL,0,1.000000000000000,2),(2390,1015,1,NULL,0,1.000000000000000,2),(2391,1013,1,NULL,0,1.000000000000000,2),(2392,1014,1,NULL,0,1.000000000000000,2),(2393,1016,3,7,0,1.000000000000000,5),(2394,1016,2,NULL,0,1.000000000000000,2),(2395,1018,16,6,0,1.000000000000000,5),(2396,1018,24,6,0,1.000000000000000,5),(2397,1019,3,6,0,1.000000000000000,5),(2398,1019,1,NULL,0,1.000000000000000,2),(2399,1023,16,11,0,1.000000000000000,5),(2400,1020,3,12,0,1.000000000000000,5),(2401,1026,3,13,0,1.000000000000000,5),(2402,1026,6,13,0,1.000000000000000,5),(2403,1027,3,13,0,1.000000000000000,5),(2404,1027,6,13,0,1.000000000000000,5),(2405,1024,3,11,0,1.000000000000000,5),(2406,1024,6,11,0,1.000000000000000,5),(2407,1028,3,11,0,2.000000000000000,5),(2408,1028,9,11,1,0.000000000000000,5),(2409,1034,3,13,0,1.000000000000000,5),(2410,1034,8,13,0,1.000000000000000,5),(2411,1034,4,13,1,0.000000000000000,5),(2412,1021,2,NULL,0,1.000000000000000,2),(2413,1034,1000004,13,0,1.000000000000000,5),(2414,1017,1,NULL,0,1.000000000000000,2),(2415,1034,1,NULL,0,1.000000000000000,2),(2416,1034,6,13,0,1.000000000000000,5),(2417,1027,1,NULL,0,1.000000000000000,2),(2418,1029,2,NULL,0,1.000000000000000,2),(2419,1020,2,NULL,0,1.000000000000000,2),(2420,1037,3,13,0,1.000000000000000,5),(2421,1037,6,13,0,1.000000000000000,5),(2422,1037,8,13,0,1.000000000000000,5),(2423,1032,8,7,1,0.000000000000000,5),(2424,1032,3,7,0,2.000000000000000,5),(2425,1036,3,11,0,1.000000000000000,5),(2426,1038,3,11,0,1.000000000000000,5),(2427,1039,3,6,0,1.000000000000000,5),(2428,1039,6,6,0,1.000000000000000,5),(2429,1040,3,12,0,1.000000000000000,5),(2430,1045,3,13,0,1.000000000000000,5),(2431,1031,2,NULL,0,1.000000000000000,2),(2432,1032,2,NULL,0,1.000000000000000,2),(2433,1035,3,7,0,1.000000000000000,5),(2434,1047,3,12,0,2.000000000000000,5),(2435,1030,3,7,0,2.000000000000000,5),(2436,1040,2,NULL,0,1.000000000000000,2),(2437,1042,3,12,0,1.000000000000000,5),(2438,1042,5,12,0,1.000000000000000,5),(2439,1036,16,13,0,1.000000000000000,5),(2440,1045,1,NULL,0,1.000000000000000,2),(2441,1037,16,6,1,0.000000000000000,5),(2442,1041,3,13,0,2.000000000000000,5),(2443,1041,6,13,0,1.000000000000000,5),(2444,1033,1,NULL,0,1.000000000000000,2),(2445,1038,1,NULL,0,1.000000000000000,2),(2446,1025,1,NULL,0,1.000000000000000,2),(2447,1024,1,NULL,0,1.000000000000000,2),(2448,1026,1,NULL,0,1.000000000000000,2),(2449,1043,3,13,1,0.000000000000000,5),(2450,1043,9,13,1,0.000000000000000,5),(2451,1044,3,6,0,1.000000000000000,5),(2452,1044,9,6,0,1.000000000000000,5),(2453,1039,1,NULL,0,1.000000000000000,2),(2454,1037,24,13,0,1.000000000000000,5),(2455,1030,2,NULL,0,1.000000000000000,2),(2456,1041,1,NULL,0,1.000000000000000,2),(2457,1041,1000003,NULL,0,1.000000000000000,2),(2458,1035,2,NULL,0,1.000000000000000,2),(2459,1048,1,NULL,0,1.000000000000000,2),(2460,1050,1,NULL,0,1.000000000000000,2),(2461,1054,3,7,0,1.000000000000000,5),(2462,1046,2,NULL,0,1.000000000000000,2),(2463,1052,3,12,0,1.000000000000000,5),(2464,1047,2,NULL,0,1.000000000000000,2),(2465,1022,13,6,0,1.000000000000000,5),(2466,1043,3,6,0,1.000000000000000,5),(2467,1043,9,6,0,1.000000000000000,5),(2468,1037,16,11,0,1.000000000000000,5),(2469,1053,1,NULL,0,1.000000000000000,2),(2470,1059,6,NULL,0,1.000000000000000,2),(2471,1056,3,13,0,1.000000000000000,5),(2472,1056,6,13,0,1.000000000000000,5),(2473,1056,4,13,0,1.000000000000000,5),(2474,1049,3,11,0,1.000000000000000,5),(2475,1049,24,11,0,1.000000000000000,5),(2476,1043,1,NULL,0,1.000000000000000,2),(2477,1044,1,NULL,0,1.000000000000000,2),(2478,1042,2,NULL,0,1.000000000000000,2),(2479,1058,3,6,0,1.000000000000000,5),(2480,1051,2,NULL,0,1.000000000000000,2),(2481,1052,2,NULL,0,1.000000000000000,2),(2482,1057,3,13,0,1.000000000000000,5),(2483,1054,2,NULL,0,1.000000000000000,2),(2484,1055,2,NULL,0,1.000000000000000,2),(2485,1056,1,NULL,0,1.000000000000000,2),(2486,1057,1,NULL,0,1.000000000000000,2),(2487,1058,1,NULL,0,1.000000000000000,2),(2488,1059,2,NULL,0,1.000000000000000,2),(2489,1060,3,6,0,1.000000000000000,5),(2490,1028,5,11,0,1.000000000000000,5),(2491,1028,1,NULL,0,1.000000000000000,2),(2492,1022,1,NULL,0,1.000000000000000,2),(2493,1049,1,NULL,0,1.000000000000000,2),(2494,1061,8,12,1,0.000000000000000,5),(2495,1061,3,12,0,1.000000000000000,5),(2496,1062,3,6,0,1.000000000000000,5),(2497,1063,3,11,0,2.000000000000000,5),(2498,1064,3,13,0,2.000000000000000,5),(2499,1063,6,11,0,1.000000000000000,5),(2500,1064,6,13,0,1.000000000000000,5),(2501,1063,1,NULL,0,1.000000000000000,2),(2502,1064,1,NULL,0,1.000000000000000,2),(2503,1062,1,NULL,0,1.000000000000000,2),(2504,1060,1,NULL,0,1.000000000000000,2),(2505,1036,1,NULL,0,1.000000000000000,2),(2506,1037,1,NULL,0,1.000000000000000,2),(2507,1061,2,NULL,0,1.000000000000000,2),(2508,1075,3,7,1,0.000000000000000,5),(2509,1069,3,12,0,1.000000000000000,5),(2510,1069,5,12,0,1.000000000000000,5),(2511,1072,22,13,0,1.000000000000000,5),(2512,1068,16,6,0,1.000000000000000,5),(2513,1073,3,7,0,1.000000000000000,5),(2514,1069,2,NULL,0,1.000000000000000,2),(2515,1075,2,NULL,0,1.000000000000000,2),(2516,1075,3,7,0,1.000000000000000,2),(2517,1075,6,7,0,1.000000000000000,2),(2518,1071,1,NULL,0,1.000000000000000,2),(2519,1072,1,13,1,0.000000000000000,2),(2520,1072,1,NULL,0,1.000000000000000,2),(2521,1076,3,12,0,1.000000000000000,2),(2522,1067,2,NULL,0,1.000000000000000,2),(2523,1066,2,NULL,0,1.000000000000000,2),(2524,1074,3,7,0,1.000000000000000,5),(2525,1074,12,7,0,1.000000000000000,5),(2526,1070,2,NULL,0,1.000000000000000,2),(2527,1070,1000009,11,0,1.000000000000000,2),(2528,1070,16,11,0,1.000000000000000,2),(2529,1074,30,NULL,0,1.000000000000000,2),(2530,1068,1,NULL,0,1.000000000000000,2),(2531,1065,2,NULL,0,1.000000000000000,2),(2532,1074,2,NULL,0,1.000000000000000,2),(2533,1080,3,13,0,1.000000000000000,5),(2534,1082,3,13,0,1.000000000000000,5),(2535,1082,6,13,0,1.000000000000000,5),(2536,1083,3,11,0,1.000000000000000,5),(2537,1083,6,11,0,1.000000000000000,5),(2538,1083,4,11,0,1.000000000000000,5),(2539,1077,3,12,0,1.000000000000000,5),(2540,1077,5,12,0,1.000000000000000,5),(2541,1077,12,12,0,1.000000000000000,5),(2542,1077,2,12,0,1.000000000000000,3),(2543,1082,24,6,0,1.000000000000000,5),(2544,1083,24,11,0,1.000000000000000,5),(2545,1078,1,NULL,0,1.000000000000000,3),(2546,1086,3,13,0,1.000000000000000,5),(2547,1086,6,13,0,1.000000000000000,5),(2548,1086,4,13,0,1.000000000000000,5),(2549,1080,1,13,0,1.000000000000000,3),(2550,1079,3,11,0,1.000000000000000,5),(2551,1087,6,12,0,1.000000000000000,5),(2552,1084,8,12,1,0.000000000000000,5),(2553,1084,3,12,0,1.000000000000000,5),(2554,1084,12,12,0,1.000000000000000,5),(2555,1085,18,6,0,1.000000000000000,5),(2556,1086,1,13,0,1.000000000000000,3),(2557,1082,1,6,0,1.000000000000000,3),(2558,1083,1,11,0,1.000000000000000,3),(2559,1084,2,12,0,1.000000000000000,3),(2560,1087,3,7,0,1.000000000000000,5),(2561,1088,3,6,0,1.000000000000000,5),(2562,1088,9,6,0,1.000000000000000,5),(2563,1085,13,6,1,0.000000000000000,3),(2564,1085,1,6,0,1.000000000000000,3),(2565,1087,2,7,0,1.000000000000000,3),(2566,1079,1,11,0,1.000000000000000,3),(2567,1089,3,7,0,1.000000000000000,5),(2568,1089,2,14,1,0.000000000000000,5),(2569,1089,6,14,0,1.000000000000000,5),(2570,1089,2,14,0,1.000000000000000,3),(2571,1088,15,12,0,1.000000000000000,5),(2572,1088,1,12,0,1.000000000000000,3),(2573,1091,3,12,0,1.000000000000000,5),(2574,1091,7,12,0,1.000000000000000,5),(2575,1092,3,7,0,1.000000000000000,5),(2576,1094,3,13,0,1.000000000000000,5),(2577,1094,8,13,0,1.000000000000000,5),(2578,1094,6,13,0,1.000000000000000,5),(2579,1095,3,11,0,1.000000000000000,5),(2580,1095,6,11,0,1.000000000000000,5),(2581,1095,5,11,0,1.000000000000000,5),(2582,1091,22,12,1,0.000000000000000,3),(2583,1092,2,NULL,0,1.000000000000000,3),(2584,1091,2,NULL,0,1.000000000000000,3),(2585,1098,3,13,0,1.000000000000000,5),(2586,1098,6,13,0,1.000000000000000,5),(2587,1098,9,13,0,1.000000000000000,5),(2588,1097,3,11,0,1.000000000000000,5),(2589,1097,6,11,0,1.000000000000000,5),(2590,1097,9,11,0,1.000000000000000,5),(2591,1103,29,14,0,1.000000000000000,5),(2592,1102,3,13,0,1.000000000000000,5),(2593,1102,6,13,0,1.000000000000000,5),(2594,1102,4,13,0,1.000000000000000,5),(2595,1099,3,11,0,1.000000000000000,5),(2596,1100,3,11,0,1.000000000000000,5),(2597,1096,3,7,0,1.000000000000000,5),(2598,1096,12,7,0,1.000000000000000,5),(2599,1096,1000008,7,0,1.000000000000000,5),(2600,1101,3,13,0,1.000000000000000,5),(2601,1096,2,NULL,0,1.000000000000000,3),(2602,1094,16,6,0,1.000000000000000,5),(2603,1094,24,6,0,1.000000000000000,5),(2604,1095,16,6,0,1.000000000000000,5),(2605,1107,3,11,0,1.000000000000000,5),(2606,1107,6,11,0,1.000000000000000,5),(2607,1107,9,11,0,1.000000000000000,5),(2608,1099,1,NULL,0,1.000000000000000,3),(2609,1100,1,NULL,0,1.000000000000000,3),(2610,1108,3,13,0,1.000000000000000,5),(2611,1101,1,NULL,0,1.000000000000000,3),(2612,1106,3,12,0,1.000000000000000,5),(2613,1106,12,12,0,1.000000000000000,5),(2614,1107,24,11,0,1.000000000000000,5),(2615,1107,1,NULL,0,1.000000000000000,3),(2616,1106,2,NULL,0,1.000000000000000,3),(2617,1117,3,11,0,1.000000000000000,5),(2618,1103,3,11,1,0.000000000000000,5),(2619,1103,3,11,1,0.000000000000000,5),(2620,1103,9,11,1,0.000000000000000,5),(2621,1098,1,NULL,0,1.000000000000000,3),(2622,1097,1,NULL,0,1.000000000000000,3),(2623,1096,25,6,0,1.000000000000000,5),(2624,1096,24,6,0,1.000000000000000,5),(2625,1109,3,7,0,3.000000000000000,5),(2626,1117,1,NULL,0,1.000000000000000,3),(2627,1116,3,13,0,1.000000000000000,5),(2628,1116,24,13,0,1.000000000000000,5),(2629,1116,6,13,0,1.000000000000000,5),(2630,1118,3,11,0,1.000000000000000,5),(2631,1109,2,NULL,0,1.000000000000000,3),(2632,1118,1,NULL,0,1.000000000000000,3),(2633,1111,2,NULL,0,1.000000000000000,3),(2634,1110,2,NULL,0,1.000000000000000,3),(2635,1113,1,NULL,0,1.000000000000000,3),(2636,1122,29,14,0,1.000000000000000,5),(2637,1105,22,13,0,1.000000000000000,5),(2638,1105,16,13,0,1.000000000000000,5),(2639,1105,17,13,0,1.000000000000000,5),(2640,1115,3,7,0,1.000000000000000,5),(2641,1115,12,7,0,1.000000000000000,5),(2642,1114,8,12,1,0.000000000000000,5),(2643,1093,3,6,0,1.000000000000000,5),(2644,1093,16,6,0,1.000000000000000,5),(2645,1114,3,12,0,1.000000000000000,5),(2646,1093,19,6,0,1.000000000000000,5),(2647,1114,12,12,0,1.000000000000000,5),(2648,1114,23,12,0,1.000000000000000,5),(2649,1114,2,NULL,0,1.000000000000000,3),(2650,1120,9,11,0,1.000000000000000,5),(2651,1121,3,11,0,1.000000000000000,5),(2652,1121,6,11,0,1.000000000000000,5),(2653,1121,5,11,0,1.000000000000000,5),(2654,1115,2,NULL,0,1.000000000000000,3),(2655,1116,1,NULL,0,1.000000000000000,3),(2656,1123,3,13,0,1.000000000000000,5),(2657,1123,6,13,0,1.000000000000000,5),(2658,1123,8,13,0,1.000000000000000,5),(2659,1093,1,NULL,0,1.000000000000000,3),(2660,1123,1,NULL,0,1.000000000000000,3),(2661,1112,1,NULL,0,1.000000000000000,3),(2662,1125,3,11,0,1.000000000000000,5),(2663,1125,8,11,0,1.000000000000000,5),(2664,1126,7,12,0,1.000000000000000,5),(2665,1090,16,6,0,1.000000000000000,5),(2666,1090,1000006,6,0,1.000000000000000,5),(2667,1094,1,NULL,0,1.000000000000000,3),(2668,1095,1,NULL,0,1.000000000000000,3),(2669,1120,1,NULL,0,1.000000000000000,3),(2670,1121,1,NULL,0,1.000000000000000,3),(2671,1103,1,NULL,0,1.000000000000000,3),(2672,1102,1,NULL,0,1.000000000000000,3),(2673,1104,1,NULL,0,1.000000000000000,3),(2674,1126,3,12,0,1.000000000000000,5),(2675,1128,3,12,0,1.000000000000000,5),(2676,1124,2,NULL,0,1.000000000000000,3),(2677,1105,1,NULL,0,1.000000000000000,3),(2678,1108,1,NULL,0,1.000000000000000,3),(2679,1127,3,7,0,1.000000000000000,5),(2680,1127,12,7,0,1.000000000000000,5),(2681,1126,2,NULL,0,1.000000000000000,3),(2682,1122,1,NULL,0,1.000000000000000,3),(2683,1127,2,NULL,0,1.000000000000000,3),(2684,1128,2,12,0,1.000000000000000,3),(2685,1090,1,NULL,0,1.000000000000000,3),(2686,1130,3,11,0,1.000000000000000,5),(2687,1129,3,13,0,1.000000000000000,5),(2688,1129,4,13,0,1.000000000000000,5),(2689,1130,1,NULL,0,1.000000000000000,3),(2690,1129,1,NULL,1,0.000000000000000,3),(2691,1131,2,NULL,0,1.000000000000000,3),(2692,1133,3,6,0,1.000000000000000,5),(2693,1134,3,6,0,1.000000000000000,5),(2694,1135,1,NULL,0,1.000000000000000,3),(2695,1136,22,13,0,1.000000000000000,5),(2696,1134,20,6,0,1.000000000000000,5),(2697,1132,3,7,0,1.000000000000000,5),(2698,1132,9,7,0,1.000000000000000,5),(2699,1133,1,NULL,0,1.000000000000000,3),(2700,1134,1,NULL,0,1.000000000000000,3),(2701,1132,2,NULL,0,1.000000000000000,3),(2702,1137,3,6,0,1.000000000000000,5),(2703,1139,4,13,1,0.000000000000000,5),(2704,1139,3,13,0,1.000000000000000,5),(2705,1137,1,NULL,0,1.000000000000000,2),(2706,1139,1,NULL,0,1.000000000000000,2),(2707,1144,1000005,14,0,1.000000000000000,5),(2708,1138,3,6,0,1.000000000000000,5),(2709,1141,3,11,0,1.000000000000000,5),(2710,1141,6,11,0,1.000000000000000,5),(2711,1141,5,11,0,1.000000000000000,5),(2712,1140,3,7,0,1.000000000000000,5),(2713,1141,1,NULL,0,1.000000000000000,2),(2714,1138,1,NULL,0,1.000000000000000,2),(2715,1140,2,NULL,0,1.000000000000000,2),(2716,1142,1,NULL,1,0.000000000000000,2),(2717,1146,24,11,0,1.000000000000000,5),(2718,1148,1,NULL,0,1.000000000000000,2),(2719,1147,16,6,0,1.000000000000000,5),(2720,1147,24,6,0,1.000000000000000,5),(2721,1146,3,13,1,0.000000000000000,5),(2722,1146,3,13,0,1.000000000000000,5),(2723,1146,5,13,0,1.000000000000000,5),(2724,1146,6,13,0,1.000000000000000,5),(2725,1150,3,11,0,1.000000000000000,5),(2726,1149,2,NULL,0,1.000000000000000,2),(2727,1150,1,NULL,0,1.000000000000000,2),(2728,1146,1,NULL,0,1.000000000000000,2),(2729,1147,1,NULL,0,1.000000000000000,2),(2730,1144,3,13,0,1.000000000000000,5),(2731,1144,5,13,0,1.000000000000000,5),(2732,1154,3,6,0,1.000000000000000,5),(2733,1154,9,6,0,1.000000000000000,5),(2734,1154,16,6,0,1.000000000000000,5),(2735,1158,3,6,0,1.000000000000000,5),(2736,1153,16,13,0,1.000000000000000,5),(2737,1153,3,11,0,1.000000000000000,5),(2738,1151,3,11,0,1.000000000000000,5),(2739,1155,3,11,1,0.000000000000000,5),(2740,1155,16,6,0,1.000000000000000,5),(2741,1155,22,6,0,1.000000000000000,5),(2742,1161,3,7,0,2.000000000000000,5),(2743,1161,5,7,0,2.000000000000000,5),(2744,1163,3,13,0,1.000000000000000,5),(2745,1163,6,13,0,1.000000000000000,5),(2746,1163,11,13,0,1.000000000000000,5),(2747,1167,8,12,1,0.000000000000000,5),(2748,1167,3,12,0,1.000000000000000,5),(2749,1144,1,NULL,0,1.000000000000000,2),(2750,1163,1,13,1,0.000000000000000,2),(2751,1163,1,NULL,0,1.000000000000000,2),(2752,1162,2,NULL,0,1.000000000000000,2),(2753,1161,2,NULL,0,1.000000000000000,2),(2754,1169,3,13,0,1.000000000000000,5),(2755,1169,6,13,0,1.000000000000000,5),(2756,1169,8,13,0,1.000000000000000,5),(2757,1169,9,13,0,1.000000000000000,5),(2758,1168,3,13,0,1.000000000000000,5),(2759,1168,11,13,0,1.000000000000000,5),(2760,1168,8,13,0,1.000000000000000,5),(2761,1151,1,NULL,0,1.000000000000000,2),(2762,1177,30,14,1,0.000000000000000,5),(2763,1152,1,NULL,0,1.000000000000000,2),(2764,1167,2,NULL,0,1.000000000000000,2),(2765,1178,3,7,0,1.000000000000000,5),(2766,1166,1,NULL,1,0.000000000000000,2),(2767,1166,2,NULL,0,1.000000000000000,2),(2768,1159,1,NULL,0,1.000000000000000,2),(2769,1160,1,NULL,0,1.000000000000000,2),(2770,1172,3,6,0,1.000000000000000,5),(2771,1180,3,6,0,1.000000000000000,5),(2772,1173,3,11,0,1.000000000000000,5),(2773,1174,3,13,0,1.000000000000000,5),(2774,1174,6,13,0,1.000000000000000,5),(2775,1174,11,13,0,1.000000000000000,5),(2776,1179,3,13,0,1.000000000000000,5),(2777,1179,8,13,0,1.000000000000000,5),(2778,1179,6,13,0,1.000000000000000,5),(2779,1153,6,13,0,1.000000000000000,5),(2780,1177,3,11,0,1.000000000000000,5),(2781,1177,14,11,0,1.000000000000000,5),(2782,1171,3,12,0,1.000000000000000,5),(2783,1171,19,12,0,1.000000000000000,5),(2784,1175,8,7,1,0.000000000000000,5),(2785,1175,3,7,0,1.000000000000000,5),(2786,1180,29,11,1,0.000000000000000,5),(2787,1153,1,NULL,0,1.000000000000000,2),(2788,1154,1,NULL,0,1.000000000000000,2),(2789,1169,1,NULL,0,1.000000000000000,2),(2790,1168,1,NULL,0,1.000000000000000,2),(2791,1168,30,NULL,0,2.000000000000000,2),(2792,1173,3,13,1,0.000000000000000,5),(2793,1173,16,13,0,1.000000000000000,5),(2794,1172,24,6,0,1.000000000000000,5),(2795,1174,24,6,0,1.000000000000000,5),(2796,1179,1,NULL,0,1.000000000000000,2),(2797,1177,1,NULL,0,1.000000000000000,2),(2798,1180,1,NULL,0,1.000000000000000,2),(2799,1155,3,6,0,1.000000000000000,5),(2800,1155,1,NULL,0,1.000000000000000,2),(2801,1158,1,NULL,0,1.000000000000000,2),(2802,1176,1,NULL,0,1.000000000000000,2),(2803,1181,3,12,0,1.000000000000000,5),(2804,1181,5,12,0,1.000000000000000,5),(2805,1178,2,NULL,0,1.000000000000000,2),(2806,1182,3,6,0,1.000000000000000,5),(2807,1183,3,11,0,1.000000000000000,5),(2808,1183,10,11,1,0.000000000000000,5),(2809,1171,2,NULL,0,1.000000000000000,2),(2810,1183,5,11,0,1.000000000000000,5),(2811,1183,9,11,0,1.000000000000000,5),(2812,1175,2,NULL,0,1.000000000000000,2),(2813,1174,1,NULL,0,1.000000000000000,2),(2814,1173,1,NULL,0,1.000000000000000,2),(2815,1172,1,NULL,0,1.000000000000000,2),(2816,1184,3,6,0,1.000000000000000,5),(2817,1183,16,11,0,1.000000000000000,5),(2818,1186,3,7,0,1.000000000000000,5),(2819,1181,2,NULL,0,1.000000000000000,2),(2820,1183,1,NULL,0,1.000000000000000,2),(2821,1184,1,NULL,0,1.000000000000000,2),(2822,1182,1,NULL,0,1.000000000000000,2),(2823,1187,3,13,0,1.000000000000000,5),(2824,1187,6,13,0,1.000000000000000,5),(2825,1186,2,NULL,0,1.000000000000000,2),(2826,1187,30,14,0,1.000000000000000,5),(2827,1190,3,11,0,1.000000000000000,5),(2828,1190,4,11,0,1.000000000000000,5),(2829,1190,5,11,0,1.000000000000000,5),(2830,1187,16,6,0,1.000000000000000,5),(2831,1192,6,NULL,0,1.000000000000000,2),(2832,1189,30,14,0,2.000000000000000,5),(2833,1191,30,14,0,1.000000000000000,5),(2834,1189,3,13,0,1.000000000000000,5),(2835,1189,9,13,0,1.000000000000000,5),(2836,1189,22,13,0,1.000000000000000,5),(2837,1187,1,NULL,0,1.000000000000000,2),(2838,1185,3,12,1,0.000000000000000,5),(2839,1185,5,12,1,0.000000000000000,5),(2840,1185,12,12,1,0.000000000000000,5),(2841,1188,3,12,0,1.000000000000000,5),(2842,1188,5,12,0,1.000000000000000,5),(2843,1188,12,12,0,1.000000000000000,5),(2844,1190,1,NULL,0,1.000000000000000,2),(2845,1189,1,NULL,0,1.000000000000000,2),(2846,1188,2,NULL,0,1.000000000000000,2),(2847,1191,3,13,1,0.000000000000000,5),(2848,1191,3,13,0,1.000000000000000,5),(2849,1193,3,12,0,1.000000000000000,5),(2850,1197,3,11,0,1.000000000000000,5),(2851,1197,6,11,0,1.000000000000000,5),(2852,1191,1,NULL,0,1.000000000000000,2),(2853,1192,3,7,0,1.000000000000000,5),(2854,1197,1,NULL,0,1.000000000000000,2),(2855,1196,1,NULL,0,1.000000000000000,2),(2856,1194,3,6,0,1.000000000000000,5),(2857,1194,4,6,0,1.000000000000000,5),(2858,1194,19,6,0,1.000000000000000,5),(2859,1194,22,6,0,1.000000000000000,5),(2860,1192,2,NULL,0,1.000000000000000,2),(2861,1193,2,NULL,0,1.000000000000000,2),(2862,1194,1,NULL,0,1.000000000000000,2),(2863,1185,2,NULL,0,1.000000000000000,2),(2864,1195,2,NULL,0,1.000000000000000,2),(2865,1199,3,6,0,1.000000000000000,5),(2866,1199,19,6,0,1.000000000000000,5),(2867,1200,3,13,0,1.000000000000000,5),(2868,1199,1,NULL,1,0.000000000000000,3),(2869,1200,19,13,0,1.000000000000000,5),(2870,1203,3,11,0,1.000000000000000,5),(2871,1203,8,11,0,1.000000000000000,5),(2872,1200,1,NULL,1,0.000000000000000,3),(2873,1198,1,NULL,0,1.000000000000000,3),(2874,1201,1,NULL,0,1.000000000000000,3),(2875,1202,3,7,0,1.000000000000000,5),(2876,1202,12,7,0,1.000000000000000,5),(2877,1203,18,6,0,1.000000000000000,5),(2878,1202,2,NULL,0,1.000000000000000,3),(2879,1204,3,13,1,0.000000000000000,5),(2880,1204,11,13,1,0.000000000000000,5),(2881,1205,1,NULL,0,1.000000000000000,3),(2882,1205,3,NULL,0,1.000000000000000,3),(2883,1205,11,NULL,0,1.000000000000000,3),(2884,1205,11,13,1,0.000000000000000,5),(2885,1203,1,NULL,0,1.000000000000000,3),(2886,1204,1,NULL,0,1.000000000000000,3),(2887,1206,3,12,0,1.000000000000000,5),(2888,1208,30,14,0,1.000000000000000,5),(2889,1207,3,11,0,1.000000000000000,5),(2890,1207,6,11,0,1.000000000000000,5),(2891,1208,3,6,0,1.000000000000000,5),(2892,1206,2,NULL,0,1.000000000000000,3),(2893,1207,1,NULL,0,1.000000000000000,3),(2894,1207,30,NULL,1,0.000000000000000,3),(2895,1208,1,NULL,0,1.000000000000000,3),(2896,1216,3,13,0,1.000000000000000,5),(2897,1216,8,13,0,1.000000000000000,5),(2898,1214,8,12,1,0.000000000000000,5),(2899,1214,3,12,0,1.000000000000000,5),(2900,1215,17,7,1,0.000000000000000,5),(2901,1215,3,7,0,1.000000000000000,5),(2902,1211,3,6,0,1.000000000000000,5),(2903,1211,16,6,0,1.000000000000000,5),(2904,1216,16,13,0,1.000000000000000,5),(2905,1220,3,11,0,1.000000000000000,5),(2906,1219,3,6,0,1.000000000000000,5),(2907,1219,6,6,0,1.000000000000000,5),(2908,1223,3,11,0,1.000000000000000,5),(2909,1223,15,11,0,1.000000000000000,5),(2910,1223,1,NULL,1,0.000000000000000,3),(2911,1224,3,11,0,1.000000000000000,5),(2912,1224,6,11,0,1.000000000000000,5),(2913,1218,8,12,1,0.000000000000000,5),(2914,1218,3,12,0,1.000000000000000,5),(2915,1218,5,12,0,1.000000000000000,5),(2916,1218,12,12,0,1.000000000000000,5),(2917,1224,22,13,0,1.000000000000000,5),(2918,1218,2,NULL,0,1.000000000000000,3),(2919,1224,30,14,0,1.000000000000000,5),(2920,1214,2,NULL,0,1.000000000000000,3),(2921,1215,2,NULL,0,1.000000000000000,3),(2922,1216,1,NULL,0,1.000000000000000,3),(2923,1219,1,NULL,0,1.000000000000000,3),(2924,1228,3,11,0,1.000000000000000,5),(2925,1228,5,11,0,1.000000000000000,5),(2926,1231,3,11,0,1.000000000000000,5),(2927,1222,1,NULL,0,1.000000000000000,3),(2928,1220,1,NULL,0,1.000000000000000,3),(2929,1221,1,NULL,0,1.000000000000000,3),(2930,1217,1,NULL,0,1.000000000000000,3),(2931,1224,16,13,0,1.000000000000000,5),(2932,1232,3,7,0,1.000000000000000,5),(2933,1232,5,7,0,1.000000000000000,5),(2934,1224,1,NULL,0,1.000000000000000,3),(2935,1230,18,6,0,1.000000000000000,5),(2936,1228,16,11,0,1.000000000000000,5),(2937,1229,16,13,0,1.000000000000000,5),(2938,1210,1,NULL,0,1.000000000000000,3),(2939,1209,1,NULL,0,1.000000000000000,3),(2940,1233,3,6,0,1.000000000000000,5),(2941,1233,6,6,0,1.000000000000000,5),(2942,1233,1,NULL,0,1.000000000000000,3),(2943,1211,1,NULL,0,1.000000000000000,3),(2944,1235,3,11,0,1.000000000000000,5),(2945,1234,3,13,0,1.000000000000000,5),(2946,1237,3,11,0,1.000000000000000,5),(2947,1230,1,NULL,0,1.000000000000000,3),(2948,1226,1,NULL,0,1.000000000000000,3),(2949,1227,1,NULL,0,1.000000000000000,3),(2950,1229,1,NULL,0,1.000000000000000,3),(2951,1228,1,NULL,0,1.000000000000000,3),(2952,1223,1,11,0,1.000000000000000,3),(2953,1237,1,6,1,0.000000000000000,5),(2954,1238,8,12,1,0.000000000000000,5),(2955,1235,1,NULL,0,1.000000000000000,3),(2956,1238,3,12,0,1.000000000000000,5),(2957,1238,5,12,0,1.000000000000000,5),(2958,1238,9,12,0,1.000000000000000,5),(2959,1240,30,NULL,0,1.000000000000000,3),(2960,1238,2,NULL,0,1.000000000000000,3),(2961,1239,3,13,0,1.000000000000000,5),(2962,1242,1000011,NULL,0,1.000000000000000,3),(2963,1240,3,6,0,1.000000000000000,5),(2964,1243,1000011,NULL,0,1.000000000000000,3),(2965,1234,1,NULL,0,1.000000000000000,3),(2966,1225,1,NULL,0,1.000000000000000,3),(2967,1240,22,6,0,1.000000000000000,5),(2968,1239,1,NULL,0,1.000000000000000,3),(2969,1240,1,NULL,0,1.000000000000000,3),(2970,1246,3,13,0,1.000000000000000,5),(2971,1246,4,13,0,1.000000000000000,5),(2972,1246,6,13,0,1.000000000000000,5),(2973,1247,6,11,1,0.000000000000000,5),(2974,1247,3,11,0,1.000000000000000,5),(2975,1247,4,11,0,1.000000000000000,5),(2976,1241,3,12,0,1.000000000000000,5),(2977,1246,1,NULL,0,1.000000000000000,3),(2978,1247,1,NULL,0,1.000000000000000,3),(2979,1247,6,11,0,1.000000000000000,5),(2980,1245,2,NULL,0,1.000000000000000,3),(2981,1244,2,NULL,0,1.000000000000000,3),(2982,1248,3,13,0,1.000000000000000,5),(2983,1248,9,13,0,1.000000000000000,5),(2984,1241,2,NULL,0,1.000000000000000,3),(2985,1249,3,6,0,1.000000000000000,5),(2986,1249,5,6,0,1.000000000000000,5),(2987,1251,3,11,0,1.000000000000000,5),(2988,1251,5,11,0,1.000000000000000,5),(2989,1250,3,13,0,1.000000000000000,5),(2990,1250,8,13,0,1.000000000000000,5),(2991,1250,6,13,0,1.000000000000000,5),(2992,1249,6,6,0,1.000000000000000,5),(2993,1249,24,6,0,1.000000000000000,5),(2994,1248,1,NULL,0,1.000000000000000,3),(2995,1251,30,14,0,2.000000000000000,5),(2996,1249,1,NULL,0,1.000000000000000,3),(2997,1251,22,11,0,1.000000000000000,5),(2998,1250,22,13,0,1.000000000000000,5),(2999,1251,1,NULL,0,1.000000000000000,3),(3000,1250,1,NULL,0,1.000000000000000,3),(3001,1252,3,6,0,1.000000000000000,5),(3002,1255,3,11,0,1.000000000000000,5),(3003,1255,1,NULL,0,1.000000000000000,2),(3004,1256,3,6,0,1.000000000000000,5),(3005,1252,1,NULL,0,1.000000000000000,2),(3006,1257,8,7,1,0.000000000000000,5),(3007,1257,3,7,0,1.000000000000000,5),(3008,1253,3,12,0,1.000000000000000,5),(3009,1254,3,7,0,1.000000000000000,5),(3010,1257,2,NULL,0,1.000000000000000,2),(3011,1254,2,NULL,0,1.000000000000000,2),(3012,1253,2,NULL,0,1.000000000000000,2),(3013,1259,3,13,0,1.000000000000000,5),(3014,1256,1,NULL,0,1.000000000000000,2),(3015,1258,3,11,0,1.000000000000000,5),(3016,1260,3,6,0,1.000000000000000,5),(3017,1261,3,13,0,1.000000000000000,5),(3018,1263,1000012,NULL,0,1.000000000000000,2),(3019,1263,1000005,NULL,0,1.000000000000000,2),(3020,1262,3,11,0,1.000000000000000,5),(3021,1260,16,6,0,1.000000000000000,5),(3022,1261,16,13,0,1.000000000000000,5),(3023,1263,3,11,0,1.000000000000000,5),(3024,1258,1,NULL,0,1.000000000000000,2),(3025,1259,1,NULL,0,1.000000000000000,2),(3026,1260,1,NULL,0,1.000000000000000,2),(3027,1261,1,NULL,0,1.000000000000000,2),(3028,1263,16,13,0,1.000000000000000,5),(3029,1263,22,13,0,1.000000000000000,5),(3030,1267,3,7,0,1.000000000000000,5),(3031,1271,3,11,0,1.000000000000000,5),(3032,1271,6,11,0,1.000000000000000,5),(3033,1267,2,NULL,0,1.000000000000000,2),(3034,1269,3,13,1,0.000000000000000,5),(3035,1269,6,13,0,1.000000000000000,5),(3036,1269,3,13,0,1.000000000000000,5),(3037,1268,24,6,0,1.000000000000000,5),(3038,1268,1,NULL,0,1.000000000000000,2),(3039,1268,3,NULL,1,0.000000000000000,2),(3040,1268,3,6,0,1.000000000000000,2),(3041,1276,1,NULL,0,1.000000000000000,2),(3042,1277,1,NULL,0,1.000000000000000,2),(3043,1270,3,11,0,1.000000000000000,5),(3044,1270,4,11,0,1.000000000000000,5),(3045,1270,14,11,0,1.000000000000000,5),(3046,1272,3,12,0,1.000000000000000,5),(3047,1273,3,7,0,1.000000000000000,5),(3048,1271,16,13,0,1.000000000000000,5),(3049,1270,22,13,0,1.000000000000000,5),(3050,1266,1,NULL,0,1.000000000000000,2),(3051,1276,3,11,0,1.000000000000000,5),(3052,1276,4,11,0,1.000000000000000,5),(3053,1269,16,6,0,1.000000000000000,5),(3054,1269,24,6,0,1.000000000000000,5),(3055,1278,3,11,0,1.000000000000000,5),(3056,1279,3,7,0,1.000000000000000,5),(3057,1262,1,NULL,0,1.000000000000000,2),(3058,1278,5,11,1,0.000000000000000,5),(3059,1278,6,11,0,1.000000000000000,5),(3060,1275,3,12,0,1.000000000000000,5),(3061,1275,12,12,0,1.000000000000000,5),(3062,1269,1,NULL,0,1.000000000000000,2),(3063,1279,2,NULL,0,1.000000000000000,2),(3064,1264,1,NULL,0,1.000000000000000,2),(3065,1265,1,NULL,0,1.000000000000000,2),(3066,1272,2,NULL,0,1.000000000000000,2),(3067,1273,2,NULL,0,1.000000000000000,2),(3068,1278,1,NULL,0,1.000000000000000,2),(3069,1270,1,NULL,0,1.000000000000000,2),(3070,1275,2,NULL,0,1.000000000000000,2),(3071,1280,22,7,0,1.000000000000000,5),(3072,1280,23,7,0,1.000000000000000,5),(3073,1281,3,12,0,1.000000000000000,2),(3074,1282,1,NULL,0,1.000000000000000,2),(3075,1271,1,NULL,0,1.000000000000000,2),(3076,1280,2,NULL,0,1.000000000000000,2),(3077,1283,3,6,0,1.000000000000000,5),(3078,1283,5,6,0,1.000000000000000,5),(3079,1283,6,6,0,1.000000000000000,5),(3080,1274,3,7,0,1.000000000000000,5),(3081,1274,5,7,0,1.000000000000000,5),(3082,1274,12,7,0,1.000000000000000,5),(3083,1274,16,7,0,1.000000000000000,5),(3084,1274,1000008,7,0,1.000000000000000,5),(3085,1283,24,6,1,0.000000000000000,5),(3086,1274,2,NULL,0,1.000000000000000,2),(3087,1283,1,NULL,0,1.000000000000000,2),(3088,1286,30,NULL,0,1.000000000000000,2),(3089,1284,3,6,0,1.000000000000000,5),(3090,1284,1,NULL,0,1.000000000000000,2),(3091,1285,3,6,0,1.000000000000000,5),(3092,1286,3,13,0,1.000000000000000,5),(3093,1287,1,NULL,0,1.000000000000000,2),(3094,1286,1,NULL,0,1.000000000000000,2),(3095,1285,24,6,0,1.000000000000000,5),(3096,1289,1,NULL,0,1.000000000000000,2),(3097,1285,1,NULL,0,1.000000000000000,2),(3098,1290,16,6,0,1.000000000000000,5),(3099,1291,16,11,0,1.000000000000000,5),(3100,1293,3,12,0,1.000000000000000,5),(3101,1293,2,NULL,0,1.000000000000000,2),(3102,1288,2,NULL,0,1.000000000000000,2),(3103,1292,3,13,0,1.000000000000000,5),(3104,1292,16,13,0,1.000000000000000,5),(3105,1292,24,13,0,1.000000000000000,5),(3106,1292,1,NULL,0,1.000000000000000,2),(3107,1294,3,NULL,1,0.000000000000000,2),(3108,1294,3,13,0,1.000000000000000,2),(3109,1297,3,12,0,1.000000000000000,5),(3110,1295,3,13,0,1.000000000000000,5),(3111,1298,3,6,0,1.000000000000000,5),(3112,1298,1,NULL,0,1.000000000000000,3),(3113,1297,2,NULL,0,1.000000000000000,3),(3114,1300,3,12,0,1.000000000000000,5),(3115,1301,8,7,1,0.000000000000000,5),(3116,1301,3,7,0,1.000000000000000,5),(3117,1301,5,7,0,1.000000000000000,5),(3118,1300,2,NULL,0,1.000000000000000,3),(3119,1302,1000011,NULL,0,1.000000000000000,3),(3120,1303,1000010,NULL,0,1.000000000000000,3),(3121,1301,2,NULL,0,1.000000000000000,3),(3122,1305,7,14,0,1.000000000000000,5),(3123,1295,1,NULL,0,1.000000000000000,3),(3124,1305,3,7,0,1.000000000000000,5),(3125,1305,5,7,0,1.000000000000000,5),(3126,1304,3,11,0,1.000000000000000,5),(3127,1304,8,11,0,1.000000000000000,5),(3128,1304,1,NULL,0,1.000000000000000,3),(3129,1305,30,7,0,1.000000000000000,3),(3130,1305,2,NULL,0,1.000000000000000,3),(3131,1306,3,7,0,1.000000000000000,5),(3132,1306,12,7,0,1.000000000000000,5),(3133,1306,30,7,0,1.000000000000000,3),(3134,1308,1,NULL,0,1.000000000000000,3),(3135,1307,3,12,0,1.000000000000000,5),(3136,1307,6,12,0,1.000000000000000,5),(3137,1310,3,13,0,1.000000000000000,5),(3138,1310,5,13,0,1.000000000000000,5),(3139,1311,3,11,0,1.000000000000000,5),(3140,1311,5,11,0,1.000000000000000,5),(3141,1310,22,13,0,1.000000000000000,5),(3142,1306,2,NULL,0,1.000000000000000,3),(3143,1312,16,6,0,1.000000000000000,5),(3144,1312,24,6,0,1.000000000000000,5),(3145,1307,2,NULL,0,1.000000000000000,3),(3146,1313,3,6,0,1.000000000000000,5),(3147,1313,24,6,0,1.000000000000000,5),(3148,1314,24,13,1,0.000000000000000,5),(3149,1314,3,13,0,1.000000000000000,5),(3150,1316,3,13,0,1.000000000000000,5),(3151,1313,1,NULL,0,1.000000000000000,3),(3152,1313,6,6,0,1.000000000000000,5),(3153,1317,3,11,0,1.000000000000000,5),(3154,1317,5,11,1,0.000000000000000,5),(3155,1317,5,11,0,1.000000000000000,5),(3156,1320,3,11,0,1.000000000000000,5),(3157,1320,9,11,0,1.000000000000000,5),(3158,1315,17,6,0,1.000000000000000,5),(3159,1315,24,6,0,1.000000000000000,5),(3160,1323,3,13,0,1.000000000000000,5),(3161,1324,3,11,0,1.000000000000000,5),(3162,1318,3,6,0,1.000000000000000,5),(3163,1316,16,11,0,1.000000000000000,5),(3164,1319,3,13,0,1.000000000000000,5),(3165,1319,4,13,0,1.000000000000000,5),(3166,1322,20,NULL,0,1.000000000000000,3),(3167,1326,3,6,0,1.000000000000000,5),(3168,1325,3,7,1,0.000000000000000,5),(3169,1317,22,11,1,0.000000000000000,5),(3170,1322,6,NULL,0,1.000000000000000,3),(3171,1317,16,11,0,1.000000000000000,5),(3172,1322,13,NULL,0,1.000000000000000,3),(3173,1322,1000004,NULL,0,3.000000000000000,3),(3174,1322,21,NULL,1,0.000000000000000,3),(3175,1324,22,11,0,1.000000000000000,5),(3176,1324,16,6,0,1.000000000000000,5),(3177,1319,22,13,0,1.000000000000000,5),(3178,1319,1,NULL,0,1.000000000000000,3),(3179,1314,1,NULL,0,1.000000000000000,3),(3180,1332,30,14,0,2.000000000000000,5),(3181,1333,3,6,0,1.000000000000000,5),(3182,1333,6,6,0,1.000000000000000,5),(3183,1325,12,7,1,0.000000000000000,5),(3184,1328,3,12,0,1.000000000000000,5),(3185,1328,12,12,0,1.000000000000000,5),(3186,1325,3,7,0,1.000000000000000,5),(3187,1321,3,6,0,1.000000000000000,5),(3188,1326,22,6,0,1.000000000000000,5),(3189,1320,22,11,1,0.000000000000000,5),(3190,1326,16,13,0,1.000000000000000,5),(3191,1327,16,13,0,1.000000000000000,5),(3192,1327,22,13,0,1.000000000000000,5),(3193,1320,1,NULL,0,1.000000000000000,3),(3194,1321,1,NULL,0,1.000000000000000,3),(3195,1332,1,NULL,0,1.000000000000000,3),(3196,1333,1,NULL,0,1.000000000000000,3),(3197,1322,2,NULL,0,1.000000000000000,3),(3198,1328,2,NULL,0,1.000000000000000,3),(3199,1315,1,NULL,0,1.000000000000000,3),(3200,1329,1,NULL,0,1.000000000000000,3),(3201,1316,1,NULL,0,1.000000000000000,3),(3202,1317,1,NULL,0,1.000000000000000,3),(3203,1341,3,7,0,1.000000000000000,5),(3204,1324,1,NULL,1,0.000000000000000,3),(3205,1323,1,NULL,1,0.000000000000000,3),(3206,1335,3,6,0,1.000000000000000,5),(3207,1335,9,6,0,1.000000000000000,5),(3208,1325,2,NULL,1,0.000000000000000,3),(3209,1330,1,NULL,0,1.000000000000000,3),(3210,1341,2,NULL,0,1.000000000000000,3),(3211,1346,1,NULL,0,1.000000000000000,3),(3212,1340,1,NULL,0,1.000000000000000,3),(3213,1337,2,NULL,0,1.000000000000000,3),(3214,1336,2,NULL,0,1.000000000000000,3),(3215,1344,3,11,1,0.000000000000000,5),(3216,1344,6,13,1,0.000000000000000,5),(3217,1327,1,NULL,0,1.000000000000000,3),(3218,1326,1,NULL,0,1.000000000000000,3),(3219,1347,24,13,0,1.000000000000000,5),(3220,1342,3,12,0,2.000000000000000,5),(3221,1335,1,NULL,0,1.000000000000000,3),(3222,1345,3,11,0,1.000000000000000,5),(3223,1345,6,13,0,1.000000000000000,5),(3224,1344,1,NULL,0,1.000000000000000,3),(3225,1344,3,NULL,0,1.000000000000000,3),(3226,1345,1,NULL,0,1.000000000000000,3),(3227,1338,2,NULL,0,1.000000000000000,3),(3228,1339,2,NULL,0,1.000000000000000,3),(3229,1350,2,NULL,0,1.000000000000000,3),(3230,1342,2,NULL,0,1.000000000000000,3),(3231,1343,2,NULL,0,1.000000000000000,3),(3232,1348,1,NULL,0,1.000000000000000,3),(3233,1349,1,NULL,0,1.000000000000000,3),(3234,1356,3,13,0,1.000000000000000,5),(3235,1357,3,11,0,1.000000000000000,5),(3236,1359,3,11,0,1.000000000000000,5),(3237,1359,6,11,0,1.000000000000000,5),(3238,1347,1,13,0,1.000000000000000,3),(3239,1354,3,7,1,0.000000000000000,5),(3240,1354,12,7,0,1.000000000000000,5),(3241,1359,1,NULL,0,1.000000000000000,3),(3242,1357,1,NULL,0,1.000000000000000,3),(3243,1364,3,6,0,1.000000000000000,5),(3244,1364,6,6,0,1.000000000000000,5),(3245,1364,4,6,0,1.000000000000000,5),(3246,1360,1,NULL,0,1.000000000000000,3),(3247,1354,3,7,0,2.000000000000000,5),(3248,1352,3,12,0,1.000000000000000,5),(3249,1352,12,12,0,1.000000000000000,5),(3250,1361,2,NULL,0,1.000000000000000,3),(3251,1363,2,NULL,0,1.000000000000000,3),(3252,1364,1,NULL,0,1.000000000000000,3),(3253,1353,2,NULL,0,1.000000000000000,3),(3254,1354,2,NULL,0,1.000000000000000,3),(3255,1358,2,NULL,0,1.000000000000000,3),(3256,1355,3,7,0,1.000000000000000,5),(3257,1355,12,7,0,1.000000000000000,5),(3258,1366,16,NULL,0,1.000000000000000,3),(3259,1366,22,11,1,0.000000000000000,5),(3260,1352,2,NULL,0,1.000000000000000,3),(3261,1355,2,NULL,0,1.000000000000000,3),(3262,1356,1,NULL,0,1.000000000000000,3),(3263,1365,2,NULL,1,0.000000000000000,3),(3264,1365,3,12,0,1.000000000000000,5),(3265,1365,12,12,0,1.000000000000000,5),(3266,1369,3,6,0,1.000000000000000,5),(3267,1369,6,6,0,1.000000000000000,5),(3268,1369,9,6,0,1.000000000000000,5),(3269,1371,3,7,0,1.000000000000000,5),(3270,1371,5,7,0,1.000000000000000,5),(3271,1370,3,12,0,1.000000000000000,5),(3272,1370,5,12,0,1.000000000000000,5),(3273,1369,1,NULL,0,1.000000000000000,2),(3274,1370,2,NULL,0,1.000000000000000,2),(3275,1371,2,NULL,0,1.000000000000000,2),(3276,1376,3,6,0,1.000000000000000,5),(3277,1376,6,6,0,1.000000000000000,5),(3278,1376,4,6,0,1.000000000000000,5),(3279,1374,3,13,0,1.000000000000000,5),(3280,1372,3,13,0,1.000000000000000,5),(3281,1372,9,13,0,1.000000000000000,5),(3282,1375,3,11,0,1.000000000000000,5),(3283,1375,9,11,0,1.000000000000000,5),(3284,1372,1,NULL,0,1.000000000000000,2),(3285,1379,29,14,0,1.000000000000000,5),(3286,1376,24,6,0,1.000000000000000,5),(3287,1381,3,11,0,1.000000000000000,5),(3288,1381,5,11,0,1.000000000000000,5),(3289,1376,1,NULL,0,1.000000000000000,2),(3290,1382,1,NULL,0,1.000000000000000,2),(3291,1383,1,NULL,0,1.000000000000000,2),(3292,1377,2,NULL,0,1.000000000000000,2),(3293,1378,2,NULL,0,1.000000000000000,2),(3294,1380,2,NULL,0,1.000000000000000,2),(3295,1384,3,7,0,2.000000000000000,5),(3296,1381,1,NULL,0,1.000000000000000,2),(3297,1387,2,NULL,0,1.000000000000000,2),(3298,1386,1,NULL,0,1.000000000000000,2),(3299,1375,1,NULL,0,1.000000000000000,2),(3300,1374,1,NULL,0,1.000000000000000,2),(3301,1373,1,NULL,0,1.000000000000000,2),(3302,1384,2,NULL,0,1.000000000000000,2),(3303,1385,2,NULL,0,1.000000000000000,2),(3304,1379,1,NULL,0,1.000000000000000,2),(3305,1389,1,NULL,0,1.000000000000000,2),(3306,1390,1,NULL,0,1.000000000000000,2),(3307,1368,1,NULL,0,1.000000000000000,2),(3308,1391,3,13,0,1.000000000000000,5),(3309,1391,16,13,0,1.000000000000000,5),(3310,1391,1,NULL,0,1.000000000000000,2),(3311,1392,18,6,0,1.000000000000000,5),(3312,1396,3,11,0,1.000000000000000,5),(3313,1395,3,13,0,1.000000000000000,5),(3314,1393,3,12,0,1.000000000000000,5),(3315,1393,5,12,0,1.000000000000000,5),(3316,1394,8,12,1,0.000000000000000,5),(3317,1394,5,12,1,0.000000000000000,5),(3318,1396,1,NULL,0,1.000000000000000,2),(3319,1395,1,NULL,0,1.000000000000000,2),(3320,1400,3,12,0,1.000000000000000,5),(3321,1394,2,NULL,0,1.000000000000000,2),(3322,1394,30,NULL,0,1.000000000000000,2),(3323,1393,2,NULL,0,1.000000000000000,2),(3324,1394,3,12,0,1.000000000000000,5),(3325,1394,5,12,0,1.000000000000000,5),(3326,1405,8,12,1,0.000000000000000,5),(3327,1405,3,12,0,1.000000000000000,5),(3328,1406,3,7,0,1.000000000000000,5),(3329,1404,3,13,0,1.000000000000000,5),(3330,1404,8,13,0,1.000000000000000,5),(3331,1403,3,13,0,1.000000000000000,5),(3332,1398,3,7,0,1.000000000000000,5),(3333,1388,24,11,1,0.000000000000000,5),(3334,1388,16,11,0,1.000000000000000,5),(3335,1402,3,6,0,1.000000000000000,5),(3336,1402,6,6,0,1.000000000000000,5),(3337,1400,2,NULL,0,1.000000000000000,2),(3338,1392,1,NULL,0,1.000000000000000,2),(3339,1407,3,11,0,1.000000000000000,5),(3340,1388,1,NULL,0,1.000000000000000,2),(3341,1398,2,NULL,0,1.000000000000000,2),(3342,1399,1,NULL,1,0.000000000000000,2),(3343,1399,2,NULL,0,1.000000000000000,2),(3344,1404,16,13,0,1.000000000000000,5),(3345,1402,22,6,0,1.000000000000000,5),(3346,1402,21,6,0,1.000000000000000,5),(3347,1406,2,NULL,0,1.000000000000000,2),(3348,1405,2,NULL,0,1.000000000000000,2),(3349,1408,3,11,0,1.000000000000000,5),(3350,1408,5,11,0,1.000000000000000,5),(3351,1412,3,13,0,1.000000000000000,5),(3352,1412,11,13,0,1.000000000000000,5),(3353,1419,3,11,0,1.000000000000000,5),(3354,1419,6,11,0,1.000000000000000,5),(3355,1408,6,11,0,1.000000000000000,5),(3356,1407,1,NULL,0,1.000000000000000,2),(3357,1418,3,11,0,1.000000000000000,5),(3358,1417,8,12,1,0.000000000000000,5),(3359,1417,3,12,0,1.000000000000000,5),(3360,1401,18,6,0,1.000000000000000,5),(3361,1417,12,12,1,0.000000000000000,5),(3362,1417,7,12,0,1.000000000000000,5),(3363,1423,3,7,0,1.000000000000000,5),(3364,1423,7,7,0,1.000000000000000,5),(3365,1423,5,7,0,1.000000000000000,5),(3366,1420,3,13,0,1.000000000000000,5),(3367,1420,5,13,0,1.000000000000000,5),(3368,1404,1,NULL,0,1.000000000000000,2),(3369,1403,1,NULL,0,1.000000000000000,2),(3370,1422,3,13,0,1.000000000000000,5),(3371,1422,4,13,0,1.000000000000000,5),(3372,1412,1,NULL,0,1.000000000000000,2),(3373,1420,1,NULL,0,1.000000000000000,2),(3374,1416,16,11,0,1.000000000000000,5),(3375,1401,1,NULL,0,1.000000000000000,2),(3376,1418,16,13,0,1.000000000000000,5),(3377,1418,22,13,0,1.000000000000000,5),(3378,1414,1,NULL,0,1.000000000000000,2),(3379,1415,1,NULL,0,1.000000000000000,2),(3380,1416,1,NULL,0,1.000000000000000,2),(3381,1423,2,NULL,0,1.000000000000000,2),(3382,1419,16,11,0,1.000000000000000,5),(3383,1426,3,7,0,1.000000000000000,5),(3384,1425,3,12,0,1.000000000000000,5),(3385,1425,5,12,0,1.000000000000000,5),(3386,1409,3,6,0,1.000000000000000,5),(3387,1409,16,6,0,1.000000000000000,5),(3388,1409,22,6,0,1.000000000000000,5),(3389,1422,1,NULL,0,1.000000000000000,2),(3390,1427,3,11,0,1.000000000000000,5),(3391,1427,5,11,1,0.000000000000000,5),(3392,1427,4,11,0,1.000000000000000,5),(3393,1424,3,13,0,1.000000000000000,5),(3394,1424,8,13,0,1.000000000000000,5),(3395,1421,2,NULL,0,1.000000000000000,2),(3396,1421,1000014,NULL,0,1.000000000000000,2),(3397,1418,1,NULL,0,1.000000000000000,2),(3398,1419,1,NULL,0,1.000000000000000,2),(3399,1410,1,NULL,0,1.000000000000000,2),(3400,1411,1,NULL,0,1.000000000000000,2),(3401,1425,2,NULL,0,1.000000000000000,2),(3402,1426,2,NULL,0,1.000000000000000,2),(3403,1413,1,NULL,0,1.000000000000000,2),(3404,1409,1,NULL,0,1.000000000000000,2),(3405,1402,1,NULL,0,1.000000000000000,2),(3406,1428,16,11,0,1.000000000000000,5),(3407,1432,3,12,0,2.000000000000000,5),(3408,1432,29,12,1,0.000000000000000,5),(3409,1429,16,13,0,1.000000000000000,5),(3410,1417,21,7,0,1.000000000000000,5),(3411,1397,3,6,0,1.000000000000000,5),(3412,1397,8,6,0,1.000000000000000,5),(3413,1397,16,6,0,1.000000000000000,5),(3414,1431,16,6,0,1.000000000000000,5),(3415,1417,2,NULL,0,1.000000000000000,2),(3416,1427,1,NULL,0,1.000000000000000,2),(3417,1434,3,11,0,1.000000000000000,5),(3418,1433,3,13,0,1.000000000000000,5),(3419,1433,4,13,0,1.000000000000000,5),(3420,1424,1,NULL,0,1.000000000000000,2),(3421,1432,1000006,12,0,1.000000000000000,5),(3422,1397,22,6,0,1.000000000000000,5),(3423,1431,17,6,0,1.000000000000000,5),(3424,1434,22,13,0,1.000000000000000,5),(3425,1438,3,11,0,1.000000000000000,5),(3426,1438,11,11,0,1.000000000000000,5),(3427,1438,6,11,0,1.000000000000000,5),(3428,1438,1,NULL,0,1.000000000000000,2),(3429,1434,1,NULL,0,1.000000000000000,2),(3430,1432,2,NULL,0,1.000000000000000,2),(3431,1437,1,NULL,0,1.000000000000000,2),(3432,1436,3,7,0,1.000000000000000,5),(3433,1433,1,NULL,0,1.000000000000000,2),(3434,1433,6,NULL,0,1.000000000000000,2),(3435,1439,3,7,0,1.000000000000000,5),(3436,1435,2,NULL,0,1.000000000000000,2),(3437,1436,2,NULL,0,1.000000000000000,2),(3438,1440,3,12,0,1.000000000000000,5),(3439,1442,1,NULL,0,1.000000000000000,2),(3440,1441,1,NULL,0,1.000000000000000,2),(3441,1428,1,NULL,0,1.000000000000000,2),(3442,1431,1,NULL,0,1.000000000000000,2),(3443,1430,1,NULL,0,1.000000000000000,2),(3444,1429,1,NULL,0,2.000000000000000,2),(3445,1439,2,NULL,0,1.000000000000000,2),(3446,1443,1,NULL,0,1.000000000000000,2),(3447,1449,3,11,0,1.000000000000000,5),(3448,1453,3,13,0,1.000000000000000,5),(3449,1454,3,12,0,1.000000000000000,5),(3450,1454,4,12,0,1.000000000000000,5),(3451,1444,3,7,0,1.000000000000000,2),(3452,1450,3,6,0,2.000000000000000,5),(3453,1445,2,NULL,0,1.000000000000000,2),(3454,1446,2,NULL,0,1.000000000000000,2),(3455,1447,2,NULL,0,1.000000000000000,2),(3456,1448,2,NULL,0,1.000000000000000,2),(3457,1449,24,11,0,1.000000000000000,5),(3458,1449,1,NULL,0,1.000000000000000,2),(3459,1452,2,NULL,0,1.000000000000000,2),(3460,1451,1,NULL,0,1.000000000000000,2),(3461,1450,1,NULL,0,1.000000000000000,2),(3462,1456,1,NULL,0,1.000000000000000,2),(3463,1455,1,NULL,0,1.000000000000000,2),(3464,1457,3,6,0,1.000000000000000,5),(3465,1459,3,11,0,1.000000000000000,5),(3466,1460,3,13,0,1.000000000000000,5),(3467,1459,1,NULL,0,1.000000000000000,3),(3468,1460,1,NULL,0,1.000000000000000,3),(3469,1464,3,13,0,1.000000000000000,5),(3470,1464,4,13,0,1.000000000000000,5),(3471,1464,30,14,0,1.000000000000000,5),(3472,1463,6,13,0,1.000000000000000,5),(3473,1463,3,13,0,1.000000000000000,5),(3474,1461,3,6,0,1.000000000000000,5),(3475,1461,9,6,0,1.000000000000000,5),(3476,1465,3,6,0,1.000000000000000,5),(3477,1465,9,6,0,1.000000000000000,5),(3478,1457,1,NULL,0,1.000000000000000,3),(3479,1461,1,NULL,0,1.000000000000000,3),(3480,1465,1,NULL,0,1.000000000000000,3),(3481,1458,16,6,0,1.000000000000000,5),(3482,1468,2,NULL,0,1.000000000000000,3),(3483,1467,2,NULL,0,1.000000000000000,3),(3484,1464,1,NULL,0,1.000000000000000,3),(3485,1466,12,11,0,1.000000000000000,5),(3486,1463,16,13,0,1.000000000000000,5),(3487,1463,24,13,0,1.000000000000000,5),(3488,1466,1,NULL,0,1.000000000000000,3),(3489,1462,1,NULL,0,1.000000000000000,3),(3490,1458,1,NULL,1,0.000000000000000,3),(3491,1458,1000012,NULL,0,1.000000000000000,3),(3492,1469,1,NULL,0,2.000000000000000,3),(3493,1469,3,NULL,0,1.000000000000000,3),(3494,1463,1,NULL,0,1.000000000000000,3),(3495,1471,2,NULL,0,1.000000000000000,3),(3496,1472,2,NULL,0,1.000000000000000,3),(3497,1473,3,6,0,2.000000000000000,5),(3498,1474,3,12,0,1.000000000000000,5),(3499,1479,3,13,0,1.000000000000000,5),(3500,1479,6,13,0,1.000000000000000,5),(3501,1480,24,11,0,1.000000000000000,5),(3502,1476,16,6,0,1.000000000000000,5),(3503,1474,2,NULL,0,1.000000000000000,3),(3504,1481,3,7,0,1.000000000000000,5),(3505,1473,24,11,0,1.000000000000000,5),(3506,1494,3,13,1,0.000000000000000,5),(3507,1484,3,13,0,1.000000000000000,5),(3508,1482,8,7,1,0.000000000000000,5),(3509,1482,3,7,0,1.000000000000000,5),(3510,1479,30,14,1,0.000000000000000,5),(3511,1479,30,14,1,0.000000000000000,5),(3512,1479,29,14,0,1.000000000000000,5),(3513,1486,3,13,0,1.000000000000000,5),(3514,1491,8,12,1,0.000000000000000,5),(3515,1491,3,12,0,1.000000000000000,5),(3516,1491,7,12,0,1.000000000000000,5),(3517,1485,3,6,0,1.000000000000000,5),(3518,1485,5,6,0,1.000000000000000,5),(3519,1485,6,6,0,1.000000000000000,5),(3520,1481,2,NULL,0,1.000000000000000,3),(3521,1489,3,7,0,2.000000000000000,5),(3522,1484,30,14,0,1.000000000000000,5),(3523,1497,8,12,1,0.000000000000000,5),(3524,1497,3,12,0,1.000000000000000,5),(3525,1497,7,12,0,1.000000000000000,5),(3526,1484,24,13,0,1.000000000000000,5),(3527,1495,3,11,0,1.000000000000000,5),(3528,1495,11,11,0,1.000000000000000,5),(3529,1495,30,14,0,1.000000000000000,5),(3530,1487,3,6,0,1.000000000000000,5),(3531,1494,3,6,0,1.000000000000000,5),(3532,1494,6,6,0,1.000000000000000,5),(3533,1494,11,6,0,1.000000000000000,5),(3534,1484,1,NULL,0,1.000000000000000,3),(3535,1485,1,NULL,0,1.000000000000000,3),(3536,1473,1,NULL,0,1.000000000000000,3),(3537,1490,1,NULL,0,1.000000000000000,3),(3538,1490,3,NULL,0,1.000000000000000,3),(3539,1495,24,11,0,1.000000000000000,5),(3540,1497,2,NULL,0,1.000000000000000,3),(3541,1496,2,NULL,0,1.000000000000000,3),(3542,1501,3,13,0,1.000000000000000,5),(3543,1482,2,NULL,0,1.000000000000000,3),(3544,1483,2,NULL,0,1.000000000000000,3),(3545,1510,7,NULL,0,1.000000000000000,3),(3546,1488,2,NULL,0,1.000000000000000,3),(3547,1489,2,NULL,0,1.000000000000000,3),(3548,1494,1,NULL,0,1.000000000000000,3),(3549,1495,1,NULL,0,1.000000000000000,3),(3550,1499,3,7,0,2.000000000000000,5),(3551,1494,1000011,NULL,0,1.000000000000000,3),(3552,1507,3,11,0,2.000000000000000,5),(3553,1487,1,NULL,0,1.000000000000000,3),(3554,1486,1,NULL,0,1.000000000000000,3),(3555,1498,18,6,1,0.000000000000000,5),(3556,1505,1,NULL,0,1.000000000000000,3),(3557,1509,1,NULL,0,1.000000000000000,3),(3558,1523,3,6,0,1.000000000000000,5),(3559,1523,6,6,0,1.000000000000000,5),(3560,1523,1,NULL,0,1.000000000000000,3),(3561,1514,3,6,0,1.000000000000000,5),(3562,1516,3,6,0,1.000000000000000,5),(3563,1516,6,6,0,1.000000000000000,5),(3564,1526,1000004,NULL,1,0.000000000000000,3),(3565,1507,16,11,0,1.000000000000000,5),(3566,1502,16,11,0,1.000000000000000,5),(3567,1507,1,NULL,0,1.000000000000000,3),(3568,1502,1,NULL,0,1.000000000000000,3),(3569,1501,1,NULL,0,1.000000000000000,3),(3570,1524,1,NULL,0,1.000000000000000,3),(3571,1506,3,7,0,1.000000000000000,5),(3572,1506,15,7,0,1.000000000000000,5),(3573,1504,1,NULL,0,1.000000000000000,3),(3574,1503,1,NULL,0,1.000000000000000,3),(3575,1508,1,NULL,0,1.000000000000000,3),(3576,1500,3,12,0,1.000000000000000,5),(3577,1500,15,12,0,1.000000000000000,5),(3578,1500,23,12,0,1.000000000000000,5),(3579,1493,16,13,0,1.000000000000000,5),(3580,1493,3,13,0,1.000000000000000,5),(3581,1493,9,13,0,1.000000000000000,5),(3582,1500,16,12,0,1.000000000000000,5),(3583,1493,17,13,0,1.000000000000000,5),(3584,1493,24,13,0,1.000000000000000,5),(3585,1514,1,NULL,0,1.000000000000000,3),(3586,1511,2,NULL,0,1.000000000000000,3),(3587,1510,2,NULL,0,1.000000000000000,3),(3588,1475,1,NULL,0,1.000000000000000,3),(3589,1476,1,NULL,0,1.000000000000000,3),(3590,1506,2,NULL,0,1.000000000000000,3),(3591,1516,10,6,0,1.000000000000000,5),(3592,1521,3,6,0,1.000000000000000,5),(3593,1521,6,6,0,1.000000000000000,5),(3594,1515,1000014,NULL,0,1.000000000000000,3),(3595,1515,2,NULL,0,1.000000000000000,3),(3596,1522,3,7,0,1.000000000000000,5),(3597,1522,5,7,0,1.000000000000000,5),(3598,1521,30,14,0,1.000000000000000,5),(3599,1525,3,11,0,1.000000000000000,5),(3600,1525,6,11,0,1.000000000000000,5),(3601,1525,5,11,0,1.000000000000000,5),(3602,1525,9,11,0,1.000000000000000,5),(3603,1529,18,6,1,0.000000000000000,5),(3604,1493,1,NULL,0,1.000000000000000,3),(3605,1499,2,NULL,0,1.000000000000000,3),(3606,1498,18,6,0,1.000000000000000,5),(3607,1498,1,NULL,0,1.000000000000000,3),(3608,1518,2,NULL,1,0.000000000000000,3),(3609,1516,16,13,0,1.000000000000000,5),(3610,1500,2,NULL,0,1.000000000000000,3),(3611,1528,3,11,0,1.000000000000000,5),(3612,1528,6,11,0,1.000000000000000,5),(3613,1518,1000010,NULL,1,0.000000000000000,3),(3614,1518,1000013,NULL,1,0.000000000000000,3),(3615,1518,1000010,NULL,0,1.000000000000000,3),(3616,1518,1000013,NULL,0,1.000000000000000,3),(3617,1517,1000013,NULL,0,1.000000000000000,3),(3618,1519,2,NULL,0,1.000000000000000,3),(3619,1520,2,NULL,0,1.000000000000000,3),(3620,1527,3,13,0,1.000000000000000,5),(3621,1526,3,12,0,1.000000000000000,5),(3622,1526,12,12,0,1.000000000000000,5),(3623,1525,1,NULL,0,1.000000000000000,3),(3624,1526,2,NULL,0,1.000000000000000,3),(3625,1521,16,6,0,1.000000000000000,5),(3626,1521,19,6,0,1.000000000000000,5),(3627,1479,3,11,1,0.000000000000000,5),(3628,1479,6,11,1,0.000000000000000,5),(3629,1479,6,11,1,0.000000000000000,5),(3630,1534,3,12,0,1.000000000000000,5),(3631,1534,5,12,0,1.000000000000000,5),(3632,1530,3,11,0,1.000000000000000,5),(3633,1530,4,11,0,1.000000000000000,5),(3634,1530,6,11,0,1.000000000000000,5),(3635,1530,9,11,0,1.000000000000000,5),(3636,1529,3,13,0,1.000000000000000,5),(3637,1529,9,13,0,1.000000000000000,5),(3638,1534,6,12,0,1.000000000000000,5),(3639,1527,1,NULL,0,1.000000000000000,3),(3640,1521,1,NULL,0,1.000000000000000,3),(3641,1516,1,NULL,0,1.000000000000000,3),(3642,1522,2,NULL,0,1.000000000000000,3),(3643,1477,1,NULL,0,1.000000000000000,3),(3644,1478,1,NULL,0,1.000000000000000,3),(3645,1479,1,NULL,0,1.000000000000000,3),(3646,1538,3,7,0,1.000000000000000,5),(3647,1538,12,7,0,1.000000000000000,5),(3648,1534,2,NULL,0,1.000000000000000,3),(3649,1531,3,11,0,1.000000000000000,5),(3650,1531,9,11,0,1.000000000000000,5),(3651,1512,1,NULL,0,1.000000000000000,3),(3652,1513,1,NULL,0,1.000000000000000,3),(3653,1533,3,12,0,1.000000000000000,5),(3654,1536,1000014,NULL,0,1.000000000000000,3),(3655,1536,4,NULL,0,1.000000000000000,3),(3656,1530,2,6,1,0.000000000000000,5),(3657,1529,24,13,0,1.000000000000000,5),(3658,1529,20,13,0,1.000000000000000,5),(3659,1530,1,NULL,0,1.000000000000000,3),(3660,1531,30,14,0,1.000000000000000,5),(3661,1538,2,NULL,0,1.000000000000000,3),(3662,1531,1,14,0,1.000000000000000,3),(3663,1530,16,11,0,1.000000000000000,5),(3664,1537,3,11,0,1.000000000000000,5),(3665,1537,6,11,0,1.000000000000000,5),(3666,1537,9,11,0,1.000000000000000,5),(3667,1535,3,6,0,1.000000000000000,5),(3668,1533,2,NULL,0,1.000000000000000,3),(3669,1537,1,NULL,0,1.000000000000000,3),(3670,1539,3,13,0,1.000000000000000,5),(3671,1539,6,13,0,1.000000000000000,5),(3672,1539,8,13,0,1.000000000000000,5),(3673,1536,2,NULL,0,1.000000000000000,3),(3674,1529,1,NULL,0,1.000000000000000,3),(3675,1535,24,11,0,1.000000000000000,5),(3676,1539,1,NULL,0,1.000000000000000,3),(3677,1543,1000010,NULL,0,1.000000000000000,3),(3678,1541,6,NULL,0,1.000000000000000,3),(3679,1544,3,6,0,1.000000000000000,5),(3680,1547,3,13,1,0.000000000000000,5),(3681,1547,3,13,0,1.000000000000000,5),(3682,1532,3,7,0,1.000000000000000,5),(3683,1532,5,7,0,1.000000000000000,5),(3684,1547,6,13,0,1.000000000000000,5),(3685,1532,11,7,0,1.000000000000000,5),(3686,1547,4,13,0,1.000000000000000,5),(3687,1545,3,11,0,1.000000000000000,5),(3688,1547,1,NULL,1,0.000000000000000,3),(3689,1542,6,NULL,0,1.000000000000000,3),(3690,1540,6,NULL,0,1.000000000000000,3),(3691,1546,2,NULL,0,1.000000000000000,3),(3692,1532,2,NULL,0,1.000000000000000,3),(3693,1528,1,NULL,0,1.000000000000000,3),(3694,1535,1,NULL,0,1.000000000000000,3),(3695,1554,30,NULL,0,1.000000000000000,3),(3696,1553,3,12,0,1.000000000000000,5),(3697,1545,1,NULL,0,1.000000000000000,3),(3698,1544,1,NULL,0,1.000000000000000,3),(3699,1548,2,NULL,0,2.000000000000000,3),(3700,1550,2,NULL,0,1.000000000000000,3),(3701,1549,3,13,0,2.000000000000000,5),(3702,1549,16,13,0,1.000000000000000,5),(3703,1549,22,13,0,1.000000000000000,5),(3704,1548,3,7,0,1.000000000000000,5),(3705,1548,12,7,0,1.000000000000000,5),(3706,1548,1000008,7,0,1.000000000000000,5),(3707,1557,3,11,0,1.000000000000000,5),(3708,1557,9,11,0,1.000000000000000,5),(3709,1549,1,NULL,0,1.000000000000000,3),(3710,1556,3,6,0,2.000000000000000,5),(3711,1556,6,6,0,1.000000000000000,5),(3712,1557,1,NULL,0,1.000000000000000,3),(3713,1554,1,NULL,0,1.000000000000000,3),(3714,1556,1,NULL,0,1.000000000000000,3),(3715,1555,1,NULL,0,1.000000000000000,3),(3716,1553,2,NULL,0,1.000000000000000,3),(3717,1551,3,7,0,1.000000000000000,5),(3718,1551,12,7,0,1.000000000000000,5),(3719,1551,1000008,7,0,1.000000000000000,5),(3720,1552,3,12,0,1.000000000000000,5),(3721,1552,12,12,0,1.000000000000000,5),(3722,1552,16,12,0,1.000000000000000,5),(3723,1552,1000008,12,0,1.000000000000000,5),(3724,1552,2,NULL,0,1.000000000000000,3),(3725,1551,2,NULL,0,1.000000000000000,3),(3726,1558,3,6,0,1.000000000000000,5),(3727,1561,3,13,0,1.000000000000000,5),(3728,1561,8,13,0,1.000000000000000,5),(3729,1560,3,11,0,1.000000000000000,5),(3730,1559,3,12,0,1.000000000000000,5),(3731,1559,9,12,0,1.000000000000000,5),(3732,1561,1,NULL,0,1.000000000000000,2),(3733,1560,1,NULL,0,1.000000000000000,2),(3734,1558,20,6,0,1.000000000000000,5),(3735,1562,3,6,0,1.000000000000000,5),(3736,1562,7,6,0,1.000000000000000,5),(3737,1563,3,7,0,1.000000000000000,5),(3738,1564,3,12,0,1.000000000000000,5),(3739,1559,2,NULL,0,1.000000000000000,2),(3740,1558,1,NULL,0,1.000000000000000,2),(3741,1563,2,NULL,0,1.000000000000000,2),(3742,1566,16,11,0,1.000000000000000,5),(3743,1564,2,NULL,0,1.000000000000000,2),(3744,1562,13,6,0,1.000000000000000,5),(3745,1562,1,NULL,0,1.000000000000000,2),(3746,1565,3,13,0,1.000000000000000,5),(3747,1565,9,13,0,1.000000000000000,5),(3748,1565,24,13,0,1.000000000000000,5),(3749,1569,1,NULL,0,1.000000000000000,2),(3750,1568,1,NULL,0,1.000000000000000,2),(3751,1567,3,6,0,1.000000000000000,5),(3752,1567,9,6,0,1.000000000000000,5),(3753,1565,1,NULL,0,1.000000000000000,2),(3754,1571,3,11,0,1.000000000000000,5),(3755,1571,1,NULL,0,1.000000000000000,2),(3756,1567,1,NULL,0,1.000000000000000,2),(3757,1573,3,12,0,1.000000000000000,5),(3758,1573,5,12,0,1.000000000000000,5),(3759,1570,3,7,0,1.000000000000000,5),(3760,1570,15,7,0,1.000000000000000,5),(3761,1570,16,7,0,1.000000000000000,5),(3762,1570,1000008,7,0,1.000000000000000,5),(3763,1575,3,13,0,1.000000000000000,5),(3764,1575,8,13,0,1.000000000000000,5),(3765,1572,29,14,0,1.000000000000000,5),(3766,1570,2,NULL,0,1.000000000000000,2),(3767,1578,8,12,1,0.000000000000000,5),(3768,1578,3,12,0,1.000000000000000,5),(3769,1578,5,12,0,1.000000000000000,5),(3770,1580,3,13,0,1.000000000000000,5),(3771,1575,1,NULL,0,1.000000000000000,2),(3772,1573,2,NULL,0,1.000000000000000,2),(3773,1577,3,6,0,1.000000000000000,5),(3774,1581,3,13,0,1.000000000000000,5),(3775,1576,3,12,0,1.000000000000000,5),(3776,1579,3,12,0,1.000000000000000,5),(3777,1579,4,12,0,1.000000000000000,5),(3778,1578,2,NULL,0,1.000000000000000,2),(3779,1577,1,NULL,0,1.000000000000000,2),(3780,1574,3,7,0,1.000000000000000,5),(3781,1574,15,7,0,1.000000000000000,5),(3782,1574,16,7,0,1.000000000000000,5),(3783,1574,1000008,7,0,1.000000000000000,5),(3784,1581,24,13,0,1.000000000000000,5),(3785,1580,1,NULL,0,1.000000000000000,2),(3786,1579,2,NULL,0,1.000000000000000,2),(3787,1582,3,6,0,1.000000000000000,5),(3788,1582,9,6,0,1.000000000000000,5),(3789,1576,2,NULL,0,1.000000000000000,2),(3790,1574,24,11,0,1.000000000000000,2),(3791,1574,2,NULL,0,1.000000000000000,2),(3792,1589,3,11,0,1.000000000000000,5),(3793,1581,1,NULL,0,1.000000000000000,2),(3794,1583,3,13,0,1.000000000000000,5),(3795,1583,14,13,0,1.000000000000000,5),(3796,1588,3,13,0,1.000000000000000,5),(3797,1588,8,13,1,0.000000000000000,5),(3798,1585,3,6,0,1.000000000000000,5),(3799,1585,8,6,0,1.000000000000000,5),(3800,1587,3,6,0,1.000000000000000,5),(3801,1587,5,6,0,1.000000000000000,5),(3802,1587,14,6,0,1.000000000000000,5),(3803,1588,22,13,0,2.000000000000000,5),(3804,1582,22,11,0,1.000000000000000,5),(3805,1588,21,13,0,1.000000000000000,5),(3806,1588,14,13,0,1.000000000000000,5),(3807,1592,3,6,0,1.000000000000000,5),(3808,1583,1,NULL,0,1.000000000000000,2),(3809,1584,1,NULL,0,1.000000000000000,2),(3810,1585,1,NULL,0,1.000000000000000,2),(3811,1586,1,NULL,0,1.000000000000000,2),(3812,1587,1,NULL,0,1.000000000000000,2),(3813,1588,1,NULL,0,1.000000000000000,2),(3814,1589,1,NULL,0,1.000000000000000,2),(3815,1591,3,12,0,1.000000000000000,5),(3816,1591,9,12,0,1.000000000000000,5),(3817,1592,5,6,0,1.000000000000000,5),(3818,1591,2,NULL,0,1.000000000000000,2),(3819,1582,1,NULL,0,1.000000000000000,2),(3820,1592,16,11,0,1.000000000000000,5),(3821,1572,1,NULL,0,1.000000000000000,2),(3822,1588,8,NULL,0,1.000000000000000,2),(3823,1593,1,NULL,0,1.000000000000000,2),(3824,1595,3,13,0,1.000000000000000,5),(3825,1592,7,NULL,0,1.000000000000000,2),(3826,1590,1,NULL,0,1.000000000000000,2),(3827,1595,16,11,0,1.000000000000000,5),(3828,1595,1,NULL,0,1.000000000000000,2),(3829,1594,1,NULL,0,1.000000000000000,2),(3830,1596,1,NULL,0,1.000000000000000,2),(3831,1597,1,NULL,0,1.000000000000000,2),(3832,1598,1,NULL,0,1.000000000000000,3),(3833,1599,3,12,0,1.000000000000000,5),(3834,1600,3,6,0,1.000000000000000,5),(3835,1599,2,NULL,0,1.000000000000000,3),(3836,1601,3,12,0,1.000000000000000,5),(3837,1602,3,7,0,1.000000000000000,5),(3838,1602,5,7,0,1.000000000000000,5),(3839,1602,2,NULL,0,1.000000000000000,3),(3840,1601,2,NULL,0,1.000000000000000,3),(3841,1600,16,6,0,1.000000000000000,5),(3842,1600,24,6,0,1.000000000000000,5),(3843,1600,20,6,0,1.000000000000000,5),(3844,1600,1,NULL,0,1.000000000000000,3),(3845,1604,2,NULL,0,1.000000000000000,3),(3846,1608,3,13,0,1.000000000000000,5),(3847,1608,8,13,0,1.000000000000000,5),(3848,1611,8,12,1,0.000000000000000,5),(3849,1611,3,12,0,1.000000000000000,5),(3850,1611,5,12,0,1.000000000000000,5),(3851,1609,3,13,0,1.000000000000000,5),(3852,1609,8,13,0,1.000000000000000,5),(3853,1613,3,6,0,1.000000000000000,5),(3854,1610,3,7,0,1.000000000000000,5),(3855,1610,11,7,0,1.000000000000000,5),(3856,1603,3,13,0,1.000000000000000,5),(3857,1609,1,NULL,0,1.000000000000000,3),(3858,1614,3,6,0,1.000000000000000,5),(3859,1614,6,6,0,1.000000000000000,5),(3860,1608,1,NULL,0,1.000000000000000,3),(3861,1614,9,6,0,1.000000000000000,5),(3862,1610,2,NULL,0,1.000000000000000,3),(3863,1615,3,13,0,1.000000000000000,5),(3864,1612,3,12,0,1.000000000000000,5),(3865,1612,12,12,0,1.000000000000000,5),(3866,1617,3,6,0,1.000000000000000,5),(3867,1617,9,6,0,1.000000000000000,5),(3868,1615,1,NULL,0,1.000000000000000,3),(3869,1621,1000014,NULL,0,1.000000000000000,3),(3870,1620,1,NULL,0,1.000000000000000,3),(3871,1619,3,13,0,1.000000000000000,5),(3872,1619,9,13,0,1.000000000000000,5),(3873,1618,3,6,0,1.000000000000000,5),(3874,1618,9,6,0,1.000000000000000,5),(3875,1622,3,13,0,1.000000000000000,5),(3876,1622,8,13,0,1.000000000000000,5),(3877,1622,6,13,0,1.000000000000000,5),(3878,1605,1,NULL,0,1.000000000000000,3),(3879,1606,1,NULL,0,1.000000000000000,3),(3880,1607,1,NULL,0,1.000000000000000,3),(3881,1618,30,14,0,1.000000000000000,5),(3882,1612,2,NULL,1,0.000000000000000,3),(3883,1623,3,7,0,1.000000000000000,5),(3884,1623,5,7,0,1.000000000000000,5),(3885,1613,1,NULL,0,1.000000000000000,3),(3886,1622,24,13,0,1.000000000000000,5),(3887,1622,1,NULL,0,1.000000000000000,3),(3888,1617,16,11,0,1.000000000000000,5),(3889,1617,24,11,0,1.000000000000000,5),(3890,1614,1,NULL,0,1.000000000000000,3),(3891,1625,9,7,0,1.000000000000000,5),(3892,1623,2,NULL,0,1.000000000000000,3),(3893,1621,11,12,0,1.000000000000000,5),(3894,1618,24,6,0,1.000000000000000,5),(3895,1617,1,NULL,1,0.000000000000000,3),(3896,1619,1000010,13,0,1.000000000000000,3),(3897,1619,1000011,13,0,1.000000000000000,3),(3898,1619,1000012,13,0,1.000000000000000,3),(3899,1603,1,13,0,1.000000000000000,3),(3900,1617,1000012,11,0,1.000000000000000,3),(3901,1628,3,13,0,1.000000000000000,5),(3902,1626,4,7,0,1.000000000000000,5),(3903,1626,3,7,0,1.000000000000000,5),(3904,1628,1,NULL,0,1.000000000000000,3),(3905,1627,2,NULL,0,1.000000000000000,3),(3906,1621,1000013,12,0,1.000000000000000,3),(3907,1631,3,13,0,1.000000000000000,5),(3908,1630,3,6,0,1.000000000000000,5),(3909,1616,1,NULL,0,1.000000000000000,3),(3910,1624,2,NULL,0,1.000000000000000,3),(3911,1625,2,NULL,0,1.000000000000000,3),(3912,1629,3,13,0,1.000000000000000,5),(3913,1631,1,NULL,0,1.000000000000000,3),(3914,1626,2,NULL,0,1.000000000000000,3),(3915,1632,3,13,0,1.000000000000000,5),(3916,1632,9,13,0,1.000000000000000,5),(3917,1632,6,13,0,1.000000000000000,5),(3918,1629,1,NULL,0,1.000000000000000,3),(3919,1630,1,NULL,0,1.000000000000000,3),(3920,1618,1,NULL,0,1.000000000000000,3),(3921,1634,3,6,0,1.000000000000000,5),(3922,1634,6,6,0,1.000000000000000,5),(3923,1634,9,6,0,1.000000000000000,5),(3924,1633,3,7,0,1.000000000000000,5),(3925,1633,11,7,0,1.000000000000000,5),(3926,1635,3,6,0,1.000000000000000,5),(3927,1636,3,6,0,1.000000000000000,5),(3928,1636,6,6,0,1.000000000000000,5),(3929,1632,16,13,0,1.000000000000000,5),(3930,1632,24,13,0,1.000000000000000,5),(3931,1632,29,14,0,1.000000000000000,5),(3932,1637,3,12,0,1.000000000000000,5),(3933,1634,24,6,0,1.000000000000000,5),(3934,1636,1,NULL,0,1.000000000000000,3),(3935,1633,2,NULL,0,1.000000000000000,3),(3936,1634,1,NULL,0,1.000000000000000,3),(3937,1632,1,NULL,0,1.000000000000000,3),(3938,1638,3,7,0,1.000000000000000,5),(3939,1639,8,12,1,0.000000000000000,5),(3940,1639,3,12,0,1.000000000000000,5),(3941,1635,1,NULL,0,1.000000000000000,3),(3942,1639,2,NULL,0,1.000000000000000,3),(3943,1638,2,NULL,0,1.000000000000000,3),(3944,1644,3,13,0,1.000000000000000,5),(3945,1644,4,13,0,1.000000000000000,5),(3946,1641,2,NULL,0,1.000000000000000,3),(3947,1640,2,NULL,0,1.000000000000000,3),(3948,1643,1,NULL,0,1.000000000000000,3),(3949,1644,30,13,0,1.000000000000000,5),(3950,1645,3,6,0,1.000000000000000,5),(3951,1644,1,NULL,0,1.000000000000000,3),(3952,1644,30,NULL,0,2.000000000000000,3),(3953,1642,2,NULL,0,1.000000000000000,3),(3954,1637,2,NULL,0,1.000000000000000,3),(3955,1646,3,13,0,1.000000000000000,5),(3956,1646,1,NULL,0,1.000000000000000,3),(3957,1645,1,NULL,0,1.000000000000000,3),(3958,1654,1,NULL,0,1.000000000000000,2),(3959,1651,3,12,0,1.000000000000000,5),(3960,1652,8,7,1,0.000000000000000,5),(3961,1652,3,7,0,1.000000000000000,5),(3962,1655,3,7,0,1.000000000000000,5),(3963,1656,3,12,0,1.000000000000000,5),(3964,1652,5,7,0,1.000000000000000,5),(3965,1653,3,13,0,1.000000000000000,5),(3966,1647,3,6,0,1.000000000000000,5),(3967,1649,3,6,0,1.000000000000000,5),(3968,1653,6,13,0,1.000000000000000,5),(3969,1652,6,7,1,0.000000000000000,2),(3970,1652,6,NULL,0,1.000000000000000,2),(3971,1657,3,13,0,1.000000000000000,5),(3972,1657,6,13,0,1.000000000000000,5),(3973,1653,1,NULL,0,1.000000000000000,2),(3974,1647,1,NULL,0,1.000000000000000,2),(3975,1648,3,6,0,1.000000000000000,5),(3976,1650,3,6,0,1.000000000000000,5),(3977,1657,22,13,0,1.000000000000000,5),(3978,1655,2,NULL,0,1.000000000000000,2),(3979,1656,2,NULL,0,1.000000000000000,2),(3980,1661,3,13,0,1.000000000000000,5),(3981,1649,1,NULL,0,1.000000000000000,2),(3982,1648,1,NULL,0,1.000000000000000,2),(3983,1657,1,NULL,0,1.000000000000000,2),(3984,1662,3,6,0,1.000000000000000,5),(3985,1663,3,6,0,1.000000000000000,5),(3986,1663,6,6,0,1.000000000000000,5),(3987,1663,9,6,0,1.000000000000000,5),(3988,1661,6,13,0,1.000000000000000,5),(3989,1664,3,13,0,1.000000000000000,5),(3990,1663,30,13,0,1.000000000000000,5),(3991,1663,20,6,0,1.000000000000000,5),(3992,1663,16,6,0,1.000000000000000,5),(3993,1664,1,NULL,0,1.000000000000000,2),(3994,1661,1,NULL,0,1.000000000000000,2),(3995,1663,1,NULL,0,1.000000000000000,2),(3996,1658,1,NULL,0,1.000000000000000,2),(3997,1660,1,NULL,0,1.000000000000000,2),(3998,1662,1,NULL,0,1.000000000000000,2),(3999,1659,1,NULL,0,1.000000000000000,2),(4000,1665,3,13,0,1.000000000000000,5),(4001,1667,3,6,0,1.000000000000000,5),(4002,1670,3,13,0,1.000000000000000,5),(4003,1676,3,7,0,1.000000000000000,5),(4004,1676,23,7,0,1.000000000000000,5),(4005,1676,16,7,0,1.000000000000000,5),(4006,1674,3,13,0,1.000000000000000,5),(4007,1668,3,12,1,0.000000000000000,5),(4008,1669,3,12,0,2.000000000000000,5),(4009,1671,4,7,0,1.000000000000000,5),(4010,1672,3,12,0,1.000000000000000,5),(4011,1667,16,11,1,0.000000000000000,5),(4012,1674,30,NULL,0,1.000000000000000,2),(4013,1667,16,11,0,1.000000000000000,5),(4014,1665,1,13,1,0.000000000000000,2),(4015,1665,1,NULL,0,1.000000000000000,2),(4016,1677,3,13,0,1.000000000000000,5),(4017,1668,2,NULL,0,1.000000000000000,2),(4018,1669,2,NULL,0,1.000000000000000,2),(4019,1677,1,NULL,0,1.000000000000000,2),(4020,1680,3,11,1,0.000000000000000,5),(4021,1680,6,11,0,1.000000000000000,5),(4022,1680,4,11,0,1.000000000000000,5),(4023,1679,30,14,0,2.000000000000000,5),(4024,1670,16,6,0,1.000000000000000,5),(4025,1670,13,6,0,1.000000000000000,5),(4026,1686,3,11,0,1.000000000000000,5),(4027,1686,8,11,0,1.000000000000000,5),(4028,1685,3,13,0,1.000000000000000,5),(4029,1685,8,13,0,1.000000000000000,5),(4030,1670,1,NULL,0,1.000000000000000,2),(4031,1682,3,12,0,1.000000000000000,5),(4032,1684,3,12,0,1.000000000000000,5),(4033,1689,1,NULL,0,1.000000000000000,2),(4034,1685,30,14,0,2.000000000000000,5),(4035,1687,3,11,0,1.000000000000000,5),(4036,1687,5,11,0,1.000000000000000,5),(4037,1686,22,13,0,1.000000000000000,5),(4038,1685,6,13,0,1.000000000000000,5),(4039,1686,1,NULL,0,1.000000000000000,2),(4040,1686,6,NULL,0,1.000000000000000,2),(4041,1685,1,NULL,0,1.000000000000000,2),(4042,1678,3,13,0,1.000000000000000,5),(4043,1678,1,NULL,0,1.000000000000000,2),(4044,1684,2,NULL,0,1.000000000000000,2),(4045,1682,2,NULL,0,1.000000000000000,2),(4046,1675,3,7,0,1.000000000000000,5),(4047,1675,12,7,0,1.000000000000000,5),(4048,1675,16,7,0,1.000000000000000,5),(4049,1675,23,7,0,1.000000000000000,5),(4050,1692,3,6,0,1.000000000000000,5),(4051,1692,5,6,0,1.000000000000000,5),(4052,1694,30,NULL,0,1.000000000000000,2),(4053,1692,30,14,0,1.000000000000000,5),(4054,1671,2,NULL,0,1.000000000000000,2),(4055,1688,3,11,0,1.000000000000000,5),(4056,1688,4,11,0,1.000000000000000,5),(4057,1681,1,NULL,0,1.000000000000000,2),(4058,1692,7,6,0,1.000000000000000,5),(4059,1675,2,NULL,0,1.000000000000000,2),(4060,1679,1,NULL,0,1.000000000000000,2),(4061,1674,1,NULL,0,1.000000000000000,2),(4062,1673,1,NULL,0,1.000000000000000,2),(4063,1680,1,NULL,0,1.000000000000000,2),(4064,1680,3,11,0,1.000000000000000,5),(4065,1693,3,13,0,1.000000000000000,5),(4066,1687,1,NULL,0,1.000000000000000,2),(4067,1690,1000008,7,0,1.000000000000000,5),(4068,1692,1,NULL,0,1.000000000000000,2),(4069,1688,1,NULL,0,1.000000000000000,2),(4070,1690,2,NULL,0,1.000000000000000,2),(4071,1695,3,11,0,1.000000000000000,5),(4072,1693,1,NULL,0,1.000000000000000,2),(4073,1694,3,12,0,1.000000000000000,5),(4074,1694,12,12,0,1.000000000000000,5),(4075,1694,16,12,0,1.000000000000000,5),(4076,1694,23,12,0,1.000000000000000,5),(4077,1695,1,NULL,0,1.000000000000000,2),(4078,1696,3,7,0,1.000000000000000,5),(4079,1696,5,7,0,1.000000000000000,5),(4080,1698,6,NULL,0,1.000000000000000,2),(4081,1694,2,NULL,0,1.000000000000000,2),(4082,1698,3,13,0,1.000000000000000,5),(4083,1696,2,NULL,0,1.000000000000000,2),(4084,1699,3,11,0,1.000000000000000,5),(4085,1700,3,11,0,1.000000000000000,5),(4086,1700,4,11,0,1.000000000000000,5),(4087,1699,1,NULL,0,1.000000000000000,2),(4088,1698,1,NULL,0,1.000000000000000,2),(4089,1702,3,13,0,1.000000000000000,5),(4090,1705,3,11,0,1.000000000000000,5),(4091,1704,3,6,0,1.000000000000000,5),(4092,1704,11,6,0,1.000000000000000,5),(4093,1704,6,6,0,1.000000000000000,5),(4094,1703,3,13,0,1.000000000000000,5),(4095,1703,11,13,0,1.000000000000000,5),(4096,1703,6,13,0,1.000000000000000,5),(4097,1703,4,13,0,1.000000000000000,5),(4098,1702,22,11,0,1.000000000000000,5),(4099,1705,1,NULL,0,1.000000000000000,2),(4100,1702,1,NULL,0,1.000000000000000,2),(4101,1703,1,NULL,0,1.000000000000000,2),(4102,1704,1,NULL,0,1.000000000000000,2),(4103,1700,1,NULL,0,1.000000000000000,2),(4104,1708,3,7,0,1.000000000000000,5),(4105,1710,3,13,0,1.000000000000000,5),(4106,1709,3,12,0,1.000000000000000,5),(4107,1707,3,12,0,1.000000000000000,5),(4108,1707,7,12,0,1.000000000000000,5),(4109,1710,1,NULL,0,1.000000000000000,2),(4110,1708,2,NULL,0,1.000000000000000,2),(4111,1709,2,NULL,0,1.000000000000000,2),(4112,1697,1,NULL,0,1.000000000000000,2),(4113,1706,3,12,0,1.000000000000000,5),(4114,1706,23,12,0,1.000000000000000,5),(4115,1706,22,12,0,1.000000000000000,5),(4116,1701,2,NULL,0,1.000000000000000,2),(4117,1706,2,NULL,0,1.000000000000000,2),(4118,1707,2,NULL,0,1.000000000000000,2),(4119,1711,2,NULL,0,1.000000000000000,3),(4120,1712,2,NULL,0,1.000000000000000,3),(4121,1714,3,12,0,1.000000000000000,5),(4122,1714,5,12,0,1.000000000000000,5),(4123,1715,3,6,0,1.000000000000000,5),(4124,1715,6,6,0,1.000000000000000,5),(4125,1715,9,6,0,1.000000000000000,5),(4126,1714,2,NULL,0,1.000000000000000,3),(4127,1716,2,NULL,0,1.000000000000000,3),(4128,1718,7,NULL,0,1.000000000000000,3),(4129,1713,1,NULL,0,1.000000000000000,3),(4130,1715,1,NULL,0,1.000000000000000,3),(4131,1718,3,7,0,1.000000000000000,5),(4132,1718,15,7,0,1.000000000000000,5),(4133,1717,3,13,0,1.000000000000000,5),(4134,1718,2,NULL,0,1.000000000000000,3),(4135,1719,3,11,0,1.000000000000000,5),(4136,1719,6,11,0,1.000000000000000,5),(4137,1719,4,11,0,1.000000000000000,5),(4138,1720,3,13,0,1.000000000000000,5),(4139,1722,3,12,1,0.000000000000000,5),(4140,1725,3,12,0,1.000000000000000,5),(4141,1725,6,12,0,1.000000000000000,5),(4142,1723,3,12,0,1.000000000000000,5),(4143,1724,3,13,0,1.000000000000000,5),(4144,1724,6,13,0,1.000000000000000,5),(4145,1724,11,13,0,1.000000000000000,5),(4146,1719,1,NULL,0,1.000000000000000,3),(4147,1720,24,6,0,1.000000000000000,5),(4148,1720,16,6,0,1.000000000000000,5),(4149,1725,12,12,0,1.000000000000000,5),(4150,1725,1000008,12,0,1.000000000000000,5),(4151,1726,3,7,0,2.000000000000000,5),(4152,1726,5,7,0,2.000000000000000,5),(4153,1726,2,NULL,0,1.000000000000000,3),(4154,1727,2,NULL,0,1.000000000000000,3),(4155,1730,1000009,6,1,0.000000000000000,5),(4156,1730,16,6,0,1.000000000000000,5),(4157,1729,16,11,0,1.000000000000000,5),(4158,1734,24,6,0,1.000000000000000,5),(4159,1734,3,13,0,1.000000000000000,5),(4160,1734,8,13,0,1.000000000000000,5),(4161,1734,6,13,0,1.000000000000000,5),(4162,1735,3,13,0,2.000000000000000,5),(4163,1724,1,NULL,0,1.000000000000000,3),(4164,1722,2,NULL,0,1.000000000000000,3),(4165,1723,2,NULL,0,1.000000000000000,3),(4166,1734,22,13,0,1.000000000000000,5),(4167,1735,22,13,0,1.000000000000000,5),(4168,1720,1,NULL,0,1.000000000000000,3),(4169,1725,2,NULL,0,1.000000000000000,3),(4170,1725,25,NULL,0,1.000000000000000,3),(4171,1717,1,NULL,0,1.000000000000000,3),(4172,1728,3,6,0,1.000000000000000,5),(4173,1732,6,6,0,1.000000000000000,5),(4174,1732,3,6,0,1.000000000000000,5),(4175,1731,2,NULL,0,1.000000000000000,3),(4176,1736,1000009,11,1,0.000000000000000,5),(4177,1736,3,11,0,1.000000000000000,5),(4178,1733,1,NULL,0,1.000000000000000,3),(4179,1738,30,NULL,0,1.000000000000000,3),(4180,1732,1,NULL,0,1.000000000000000,3),(4181,1735,1,NULL,0,1.000000000000000,3),(4182,1734,1,NULL,0,1.000000000000000,3),(4183,1721,18,6,0,1.000000000000000,5),(4184,1739,29,13,1,0.000000000000000,5),(4185,1736,1,NULL,0,1.000000000000000,3),(4186,1739,3,13,0,1.000000000000000,5),(4187,1737,2,NULL,0,1.000000000000000,3),(4188,1739,1,NULL,0,1.000000000000000,3),(4189,1721,1,NULL,0,1.000000000000000,3),(4190,1738,3,NULL,0,1.000000000000000,3),(4191,1738,12,NULL,0,1.000000000000000,3),(4192,1738,1000013,NULL,0,1.000000000000000,3),(4193,1730,1,NULL,0,1.000000000000000,3),(4194,1728,1,NULL,0,1.000000000000000,3),(4195,1740,3,7,0,1.000000000000000,5),(4196,1740,5,7,0,1.000000000000000,5),(4197,1740,11,7,0,1.000000000000000,5),(4198,1741,7,NULL,0,1.000000000000000,3),(4199,1740,2,NULL,0,1.000000000000000,3),(4200,1742,3,7,0,1.000000000000000,5),(4201,1742,12,7,0,1.000000000000000,5),(4202,1743,3,12,0,1.000000000000000,5),(4203,1747,3,11,0,1.000000000000000,5),(4204,1747,6,11,0,1.000000000000000,5),(4205,1742,2,NULL,0,1.000000000000000,3),(4206,1741,2,NULL,0,1.000000000000000,3),(4207,1748,3,13,0,1.000000000000000,5),(4208,1745,3,7,0,1.000000000000000,5),(4209,1746,3,12,0,1.000000000000000,5),(4210,1744,2,NULL,0,1.000000000000000,3),(4211,1743,2,NULL,0,1.000000000000000,3),(4212,1743,7,NULL,0,1.000000000000000,3),(4213,1729,19,11,0,1.000000000000000,3),(4214,1747,1,NULL,0,1.000000000000000,3),(4215,1748,1,NULL,0,1.000000000000000,3),(4216,1745,2,NULL,0,1.000000000000000,3),(4217,1746,2,NULL,0,1.000000000000000,3),(4218,1749,3,11,0,1.000000000000000,5),(4219,1749,5,11,0,1.000000000000000,5),(4220,1750,3,6,0,1.000000000000000,5),(4221,1751,3,6,0,1.000000000000000,5),(4222,1749,1,NULL,0,1.000000000000000,2),(4223,1754,3,13,0,1.000000000000000,5),(4224,1754,1,NULL,0,1.000000000000000,2),(4225,1752,2,NULL,0,1.000000000000000,2),(4226,1753,1,NULL,0,1.000000000000000,2),(4227,1753,3,11,0,1.000000000000000,5),(4228,1750,1,NULL,0,1.000000000000000,2),(4229,1751,1,NULL,0,1.000000000000000,2),(4230,1757,2,NULL,0,1.000000000000000,2),(4231,1757,7,NULL,0,1.000000000000000,2),(4232,1756,1,NULL,0,1.000000000000000,2),(4233,1757,3,12,0,1.000000000000000,5),(4234,1758,2,NULL,0,1.000000000000000,2),(4235,1764,3,6,0,1.000000000000000,5),(4236,1762,3,13,0,1.000000000000000,5),(4237,1762,6,13,0,1.000000000000000,5),(4238,1763,3,13,0,1.000000000000000,5),(4239,1768,22,11,0,1.000000000000000,5),(4240,1768,16,11,0,1.000000000000000,5),(4241,1769,1000003,NULL,0,1.000000000000000,2),(4242,1765,3,12,0,1.000000000000000,5),(4243,1765,5,12,0,1.000000000000000,5),(4244,1765,2,NULL,0,1.000000000000000,2),(4245,1769,3,13,0,1.000000000000000,5),(4246,1769,6,13,0,1.000000000000000,5),(4247,1755,3,7,0,1.000000000000000,5),(4248,1755,5,7,0,1.000000000000000,5),(4249,1755,15,7,0,1.000000000000000,5),(4250,1755,16,7,0,1.000000000000000,5),(4251,1755,1000008,7,0,1.000000000000000,5),(4252,1755,4,7,0,1.000000000000000,5),(4253,1760,3,7,0,1.000000000000000,5),(4254,1760,5,7,0,1.000000000000000,5),(4255,1760,12,7,0,1.000000000000000,5),(4256,1770,1000013,13,1,0.000000000000000,5),(4257,1770,1000009,13,1,0.000000000000000,5),(4258,1770,3,13,0,1.000000000000000,5),(4259,1759,3,12,0,1.000000000000000,5),(4260,1759,5,12,0,1.000000000000000,5),(4261,1759,15,12,0,1.000000000000000,5),(4262,1767,3,12,0,1.000000000000000,5),(4263,1760,2,7,1,0.000000000000000,2),(4264,1760,2,NULL,0,1.000000000000000,2),(4265,1769,1,NULL,0,1.000000000000000,2),(4266,1759,2,NULL,0,1.000000000000000,2),(4267,1766,2,NULL,0,1.000000000000000,2),(4268,1767,2,NULL,0,1.000000000000000,2),(4269,1770,1,NULL,0,1.000000000000000,2),(4270,1773,3,13,0,1.000000000000000,5),(4271,1755,2,NULL,0,1.000000000000000,2),(4272,1773,1,NULL,0,1.000000000000000,2),(4273,1777,3,11,0,1.000000000000000,5),(4274,1778,3,13,0,1.000000000000000,5),(4275,1778,6,13,0,2.000000000000000,5),(4276,1764,1,NULL,0,1.000000000000000,2),(4277,1762,1,NULL,0,1.000000000000000,2),(4278,1763,1,NULL,0,1.000000000000000,2),(4279,1761,1,NULL,0,1.000000000000000,2),(4280,1775,9,6,1,0.000000000000000,5),(4281,1775,3,6,0,1.000000000000000,5),(4282,1775,6,6,0,1.000000000000000,5),(4283,1775,24,6,0,1.000000000000000,5),(4284,1776,3,11,0,1.000000000000000,5),(4285,1772,3,12,0,1.000000000000000,5),(4286,1779,29,13,1,0.000000000000000,5),(4287,1772,12,12,0,1.000000000000000,5),(4288,1779,3,13,0,1.000000000000000,5),(4289,1779,7,13,0,1.000000000000000,5),(4290,1781,3,6,0,1.000000000000000,5),(4291,1776,1,NULL,0,1.000000000000000,2),(4292,1782,1000011,11,1,0.000000000000000,5),(4293,1782,3,11,0,1.000000000000000,5),(4294,1779,1,NULL,0,1.000000000000000,2),(4295,1772,2,NULL,0,1.000000000000000,2),(4296,1777,22,11,0,1.000000000000000,5),(4297,1778,7,6,1,0.000000000000000,5),(4298,1778,16,6,0,1.000000000000000,5),(4299,1780,1,NULL,0,1.000000000000000,2),(4300,1783,3,13,0,1.000000000000000,5),(4301,1783,16,13,0,1.000000000000000,5),(4302,1782,1,NULL,0,1.000000000000000,2),(4303,1775,1,NULL,0,1.000000000000000,2),(4304,1774,1,NULL,0,1.000000000000000,2),(4305,1781,1,NULL,0,1.000000000000000,2),(4306,1778,3,NULL,1,0.000000000000000,2),(4307,1778,1,NULL,0,1.000000000000000,2),(4308,1777,1,NULL,0,1.000000000000000,2),(4309,1786,1,NULL,0,1.000000000000000,2),(4310,1788,30,NULL,0,3.000000000000000,2),(4311,1787,3,13,0,1.000000000000000,5),(4312,1783,1,NULL,0,1.000000000000000,2),(4313,1791,3,6,0,1.000000000000000,5),(4314,1784,2,NULL,0,1.000000000000000,2),(4315,1785,2,NULL,0,1.000000000000000,2),(4316,1788,3,11,0,1.000000000000000,5),(4317,1788,9,11,0,1.000000000000000,5),(4318,1792,3,13,0,1.000000000000000,5),(4319,1792,8,13,0,1.000000000000000,5),(4320,1792,18,13,1,0.000000000000000,5),(4321,1792,6,13,0,1.000000000000000,5),(4322,1793,1,NULL,0,1.000000000000000,2),(4323,1794,1,NULL,0,1.000000000000000,2),(4324,1792,1,NULL,0,1.000000000000000,2),(4325,1771,1,NULL,0,1.000000000000000,2),(4326,1788,1,NULL,0,1.000000000000000,2),(4327,1789,1,NULL,0,1.000000000000000,2),(4328,1790,3,7,0,1.000000000000000,5),(4329,1790,30,NULL,0,1.000000000000000,2),(4330,1797,18,6,1,0.000000000000000,5),(4331,1800,1000011,NULL,0,1.000000000000000,2),(4332,1797,3,6,0,1.000000000000000,5),(4333,1797,6,6,0,1.000000000000000,5),(4334,1797,5,6,0,1.000000000000000,5),(4335,1796,3,12,0,1.000000000000000,5),(4336,1787,1,NULL,0,1.000000000000000,2),(4337,1791,1,NULL,0,1.000000000000000,2),(4338,1797,1,NULL,0,1.000000000000000,2),(4339,1801,24,11,1,0.000000000000000,5),(4340,1801,3,11,0,1.000000000000000,5),(4341,1800,1000012,NULL,0,1.000000000000000,2),(4342,1801,4,11,0,1.000000000000000,5),(4343,1799,3,6,0,1.000000000000000,5),(4344,1801,1,NULL,0,1.000000000000000,2),(4345,1802,3,7,0,1.000000000000000,5),(4346,1809,3,7,0,1.000000000000000,5),(4347,1795,1000010,NULL,0,1.000000000000000,2),(4348,1795,1000013,NULL,0,1.000000000000000,2),(4349,1790,2,NULL,0,1.000000000000000,2),(4350,1798,3,12,0,1.000000000000000,5),(4351,1798,12,12,0,1.000000000000000,5),(4352,1807,1,NULL,0,1.000000000000000,2),(4353,1808,1,NULL,0,1.000000000000000,2),(4354,1802,2,NULL,0,1.000000000000000,2),(4355,1803,2,NULL,0,1.000000000000000,2),(4356,1799,1,NULL,0,1.000000000000000,2),(4357,1804,2,NULL,0,1.000000000000000,2),(4358,1805,2,NULL,0,1.000000000000000,2),(4359,1806,2,NULL,0,1.000000000000000,2),(4360,1798,2,NULL,0,1.000000000000000,2),(4361,1810,3,6,0,1.000000000000000,5),(4362,1813,3,6,0,1.000000000000000,5),(4363,1813,6,6,0,1.000000000000000,5),(4364,1813,4,6,0,1.000000000000000,5),(4365,1815,3,11,0,1.000000000000000,5),(4366,1814,3,11,0,1.000000000000000,5),(4367,1814,6,11,0,1.000000000000000,5),(4368,1814,4,11,0,1.000000000000000,5),(4369,1811,3,13,0,1.000000000000000,5),(4370,1811,6,13,0,1.000000000000000,5),(4371,1811,4,13,0,1.000000000000000,5),(4372,1811,24,13,0,1.000000000000000,5),(4373,1816,3,6,0,1.000000000000000,5),(4374,1813,30,14,0,2.000000000000000,5),(4375,1817,3,11,0,1.000000000000000,5),(4376,1810,1,NULL,0,1.000000000000000,3),(4377,1815,1,NULL,0,1.000000000000000,3),(4378,1811,1,NULL,0,1.000000000000000,3),(4379,1816,1,NULL,0,1.000000000000000,3),(4380,1816,6,NULL,0,1.000000000000000,3),(4381,1813,16,6,0,1.000000000000000,5),(4382,1814,16,13,0,1.000000000000000,5),(4383,1817,1,NULL,0,1.000000000000000,3),(4384,1812,1,NULL,0,1.000000000000000,3),(4385,1814,1,NULL,0,1.000000000000000,3),(4386,1813,1,NULL,0,1.000000000000000,3),(4387,1818,3,7,0,1.000000000000000,5),(4388,1818,5,7,0,1.000000000000000,5),(4389,1819,3,12,0,1.000000000000000,5),(4390,1819,5,12,0,1.000000000000000,5),(4391,1818,6,14,0,1.000000000000000,5),(4392,1818,30,14,0,1.000000000000000,3),(4393,1818,2,NULL,0,1.000000000000000,3),(4394,1819,2,NULL,0,1.000000000000000,3),(4395,1824,1,NULL,0,1.000000000000000,3),(4396,1828,3,11,0,1.000000000000000,5),(4397,1825,3,7,0,1.000000000000000,5),(4398,1827,13,6,0,1.000000000000000,5),(4399,1827,20,6,0,1.000000000000000,5),(4400,1825,5,7,0,1.000000000000000,5),(4401,1826,3,7,0,1.000000000000000,5),(4402,1826,5,7,0,1.000000000000000,5),(4403,1832,3,11,0,1.000000000000000,5),(4404,1832,6,11,0,1.000000000000000,5),(4405,1830,3,13,0,1.000000000000000,5),(4406,1830,6,13,0,1.000000000000000,5),(4407,1825,1,NULL,1,0.000000000000000,3),(4408,1825,2,NULL,0,1.000000000000000,3),(4409,1826,2,NULL,0,1.000000000000000,3),(4410,1838,3,6,0,1.000000000000000,5),(4411,1835,3,13,0,1.000000000000000,5),(4412,1834,16,11,0,1.000000000000000,5),(4413,1849,30,NULL,0,1.000000000000000,3),(4414,1841,3,7,0,1.000000000000000,5),(4415,1841,5,7,0,1.000000000000000,5),(4416,1829,18,13,1,0.000000000000000,5),(4417,1829,3,13,0,1.000000000000000,5),(4418,1835,1,NULL,0,1.000000000000000,3),(4419,1836,1,NULL,0,1.000000000000000,3),(4420,1831,11,6,0,1.000000000000000,5),(4421,1831,3,6,0,1.000000000000000,5),(4422,1838,16,6,0,1.000000000000000,5),(4423,1827,1,NULL,0,1.000000000000000,3),(4424,1837,2,NULL,0,1.000000000000000,3),(4425,1847,3,7,0,1.000000000000000,5),(4426,1847,5,7,0,1.000000000000000,5),(4427,1844,3,7,0,1.000000000000000,5),(4428,1833,1,NULL,0,1.000000000000000,3),(4429,1842,8,12,1,0.000000000000000,5),(4430,1842,3,12,0,1.000000000000000,5),(4431,1842,5,12,0,1.000000000000000,5),(4432,1843,3,12,0,1.000000000000000,5),(4433,1828,1,NULL,0,1.000000000000000,3),(4434,1845,3,12,0,1.000000000000000,5),(4435,1829,1,NULL,0,1.000000000000000,3),(4436,1830,1,NULL,0,1.000000000000000,3),(4437,1839,1,NULL,0,1.000000000000000,3),(4438,1840,1,NULL,0,1.000000000000000,3),(4439,1832,1,NULL,0,1.000000000000000,3),(4440,1831,1,6,0,1.000000000000000,3),(4441,1834,1,11,0,1.000000000000000,3),(4442,1850,3,6,0,1.000000000000000,5),(4443,1851,3,6,0,1.000000000000000,5),(4444,1851,6,6,0,1.000000000000000,5),(4445,1821,1,NULL,0,1.000000000000000,3),(4446,1822,1,NULL,0,1.000000000000000,3),(4447,1820,1,NULL,0,1.000000000000000,3),(4448,1853,3,11,0,1.000000000000000,5),(4449,1853,6,11,0,1.000000000000000,5),(4450,1854,3,13,0,1.000000000000000,5),(4451,1867,1,NULL,0,1.000000000000000,3),(4452,1844,1000010,7,1,0.000000000000000,3),(4453,1844,1000013,7,1,0.000000000000000,3),(4454,1841,2,7,0,1.000000000000000,3),(4455,1853,22,13,0,1.000000000000000,5),(4456,1853,24,13,0,1.000000000000000,5),(4457,1858,3,11,0,1.000000000000000,5),(4458,1863,8,12,1,0.000000000000000,5),(4459,1863,3,12,0,1.000000000000000,5),(4460,1862,3,12,0,1.000000000000000,5),(4461,1862,5,12,0,1.000000000000000,5),(4462,1864,3,11,0,1.000000000000000,5),(4463,1843,1000003,12,0,2.000000000000000,3),(4464,1843,30,12,0,1.000000000000000,3),(4465,1857,3,7,0,2.000000000000000,5),(4466,1864,6,11,0,1.000000000000000,5),(4467,1857,21,7,0,1.000000000000000,5),(4468,1850,22,6,0,1.000000000000000,5),(4469,1851,16,6,0,1.000000000000000,5),(4470,1852,2,NULL,0,1.000000000000000,3),(4471,1858,29,14,0,1.000000000000000,5),(4472,1857,2,NULL,0,1.000000000000000,3),(4473,1856,2,NULL,0,1.000000000000000,3),(4474,1850,30,14,0,2.000000000000000,5),(4475,1849,1,NULL,0,1.000000000000000,3),(4476,1838,1,NULL,0,1.000000000000000,3),(4477,1866,2,NULL,0,1.000000000000000,3),(4478,1865,2,NULL,0,1.000000000000000,3),(4479,1842,7,12,0,1.000000000000000,3),(4480,1870,3,11,0,1.000000000000000,5),(4481,1842,1000013,12,0,1.000000000000000,3),(4482,1845,1000013,12,0,1.000000000000000,3),(4483,1854,24,13,0,1.000000000000000,5),(4484,1854,16,13,0,1.000000000000000,5),(4485,1847,1000013,7,0,1.000000000000000,3),(4486,1846,1000013,NULL,0,1.000000000000000,3),(4487,1843,1000013,12,0,1.000000000000000,3),(4488,1844,1000010,7,0,1.000000000000000,3),(4489,1844,1000013,7,0,1.000000000000000,3),(4490,1868,3,13,0,1.000000000000000,5),(4491,1854,1,NULL,0,1.000000000000000,3),(4492,1848,2,NULL,0,1.000000000000000,3),(4493,1850,1000012,14,0,1.000000000000000,3),(4494,1851,1000012,6,0,1.000000000000000,3),(4495,1869,3,11,0,1.000000000000000,5),(4496,1869,5,11,0,1.000000000000000,5),(4497,1869,7,11,1,0.000000000000000,5),(4498,1869,9,11,0,1.000000000000000,5),(4499,1871,3,6,0,1.000000000000000,5),(4500,1863,30,12,0,1.000000000000000,3),(4501,1855,2,NULL,0,1.000000000000000,3),(4502,1868,1,NULL,0,1.000000000000000,3),(4503,1869,1,NULL,0,1.000000000000000,3),(4504,1863,2,NULL,0,1.000000000000000,3),(4505,1862,2,NULL,0,1.000000000000000,3),(4506,1874,3,6,0,1.000000000000000,5),(4507,1874,6,6,0,1.000000000000000,5),(4508,1874,5,6,0,1.000000000000000,5),(4509,1875,3,13,0,1.000000000000000,5),(4510,1875,8,13,0,1.000000000000000,5),(4511,1858,1,NULL,0,1.000000000000000,3),(4512,1859,29,NULL,0,1.000000000000000,3),(4513,1859,3,7,0,1.000000000000000,5),(4514,1859,21,7,0,1.000000000000000,5),(4515,1859,23,7,0,1.000000000000000,5),(4516,1859,2,NULL,0,1.000000000000000,3),(4517,1875,29,14,0,1.000000000000000,5),(4518,1876,3,12,0,1.000000000000000,5),(4519,1873,3,11,0,1.000000000000000,5),(4520,1872,1,NULL,0,1.000000000000000,3),(4521,1873,1,NULL,0,1.000000000000000,3),(4522,1880,11,13,1,0.000000000000000,5),(4523,1880,3,13,0,1.000000000000000,5),(4524,1876,2,NULL,0,1.000000000000000,3),(4525,1877,1000014,NULL,0,1.000000000000000,3),(4526,1877,1000013,NULL,0,1.000000000000000,3),(4527,1879,3,12,0,1.000000000000000,5),(4528,1879,12,12,0,1.000000000000000,5),(4529,1878,12,7,0,1.000000000000000,5),(4530,1864,1,NULL,0,1.000000000000000,3),(4531,1853,1,NULL,0,1.000000000000000,3),(4532,1880,1,NULL,0,1.000000000000000,3),(4533,1874,1,NULL,0,1.000000000000000,3),(4534,1875,1,NULL,0,1.000000000000000,3),(4535,1871,1,NULL,0,1.000000000000000,3),(4536,1883,3,7,0,1.000000000000000,5),(4537,1879,2,NULL,0,1.000000000000000,3),(4538,1878,2,NULL,0,1.000000000000000,3),(4539,1884,3,11,0,1.000000000000000,5),(4540,1884,6,11,0,1.000000000000000,5),(4541,1886,3,13,0,1.000000000000000,5),(4542,1890,1000010,NULL,0,1.000000000000000,3),(4543,1885,3,6,0,1.000000000000000,5),(4544,1885,9,6,0,1.000000000000000,5),(4545,1887,3,12,0,2.000000000000000,5),(4546,1888,2,NULL,0,1.000000000000000,3),(4547,1887,2,NULL,0,1.000000000000000,3),(4548,1892,3,13,0,1.000000000000000,5),(4549,1893,3,7,1,0.000000000000000,5),(4550,1886,24,6,0,1.000000000000000,5),(4551,1893,2,7,1,0.000000000000000,5),(4552,1893,3,7,0,1.000000000000000,5),(4553,1882,2,NULL,0,1.000000000000000,3),(4554,1881,2,NULL,0,1.000000000000000,3),(4555,1889,1,NULL,0,1.000000000000000,3),(4556,1898,2,NULL,1,0.000000000000000,3),(4557,1899,1,NULL,0,1.000000000000000,3),(4558,1898,1,NULL,0,1.000000000000000,3),(4559,1896,3,6,0,2.000000000000000,5),(4560,1896,5,6,0,1.000000000000000,5),(4561,1886,1,NULL,0,1.000000000000000,3),(4562,1901,3,13,0,1.000000000000000,5),(4563,1895,3,13,0,1.000000000000000,5),(4564,1895,1,NULL,0,1.000000000000000,3),(4565,1903,3,13,0,1.000000000000000,5),(4566,1897,22,11,0,1.000000000000000,5),(4567,1900,3,12,0,1.000000000000000,5),(4568,1900,7,12,0,1.000000000000000,5),(4569,1900,9,12,0,1.000000000000000,5),(4570,1901,1,NULL,0,1.000000000000000,3),(4571,1902,3,7,0,1.000000000000000,5),(4572,1902,5,7,0,1.000000000000000,5),(4573,1902,12,7,0,1.000000000000000,5),(4574,1904,3,6,0,1.000000000000000,5),(4575,1904,5,6,0,1.000000000000000,5),(4576,1903,1,NULL,0,1.000000000000000,3),(4577,1904,1,NULL,0,1.000000000000000,3),(4578,1902,2,NULL,0,1.000000000000000,3),(4579,1892,1,NULL,0,1.000000000000000,3),(4580,1891,1,NULL,0,1.000000000000000,3),(4581,1893,2,NULL,0,1.000000000000000,3),(4582,1900,2,NULL,0,1.000000000000000,3),(4583,1900,16,NULL,0,1.000000000000000,3),(4584,1896,1,NULL,0,1.000000000000000,3),(4585,1897,1,NULL,0,1.000000000000000,3),(4586,1907,3,6,0,1.000000000000000,5),(4587,1906,3,11,0,1.000000000000000,5),(4588,1907,1,NULL,0,1.000000000000000,2),(4589,1910,6,14,0,1.000000000000000,5),(4590,1911,3,13,0,1.000000000000000,5),(4591,1911,9,13,0,1.000000000000000,5),(4592,1908,3,12,0,2.000000000000000,5),(4593,1908,5,12,1,0.000000000000000,5),(4594,1908,7,12,1,0.000000000000000,5),(4595,1908,5,12,0,2.000000000000000,5),(4596,1908,6,12,0,1.000000000000000,5),(4597,1910,3,7,0,1.000000000000000,5),(4598,1910,6,7,1,0.000000000000000,5),(4599,1910,5,7,0,1.000000000000000,5),(4600,1914,3,11,0,2.000000000000000,5),(4601,1914,6,11,1,0.000000000000000,5),(4602,1914,6,11,0,1.000000000000000,5),(4603,1906,16,6,0,1.000000000000000,5),(4604,1906,19,6,0,1.000000000000000,5),(4605,1915,3,7,0,1.000000000000000,5),(4606,1916,3,12,0,1.000000000000000,5),(4607,1908,2,NULL,0,1.000000000000000,2),(4608,1910,2,NULL,0,1.000000000000000,2),(4609,1909,2,NULL,0,1.000000000000000,2),(4610,1917,3,13,0,1.000000000000000,5),(4611,1917,4,13,0,1.000000000000000,5),(4612,1915,2,NULL,0,1.000000000000000,2),(4613,1914,30,14,0,1.000000000000000,5),(4614,1916,2,NULL,0,1.000000000000000,2),(4615,1911,1,NULL,0,1.000000000000000,2);
/*!40000 ALTER TABLE `accounting_service` ENABLE KEYS */;
UNLOCK TABLES;

--
-- Table structure for table `accounting_staff`
--

DROP TABLE IF EXISTS `accounting_staff`;
/*!40101 SET @saved_cs_client     = @@character_set_client */;
/*!40101 SET character_set_client = utf8 */;
CREATE TABLE `accounting_staff` (
  `id` int(11) NOT NULL AUTO_INCREMENT,
  `name` varchar(60) NOT NULL,
  `gender` tinyint(1) NOT NULL,
  `title_id` int(11) NOT NULL,
  `salary` int(11) NOT NULL,
  `is_deleted` tinyint(1) NOT NULL,
  PRIMARY KEY (`id`),
  KEY `accounting_staff_title_id_98455019` (`title_id`),
  CONSTRAINT `accounting_staff_title_id_98455019_fk_accounting_job_id` FOREIGN KEY (`title_id`) REFERENCES `accounting_job` (`id`)
) ENGINE=InnoDB AUTO_INCREMENT=16 DEFAULT CHARSET=utf8;
/*!40101 SET character_set_client = @saved_cs_client */;

--
-- Dumping data for table `accounting_staff`
--

LOCK TABLES `accounting_staff` WRITE;
/*!40000 ALTER TABLE `accounting_staff` DISABLE KEYS */;
INSERT INTO `accounting_staff` VALUES (1,'Hyphen',0,1,0,0),(2,'韩',1,3,3000,0),(3,'曲',1,3,2600,0),(4,'陈健',0,2,0,0),(5,'陈健',0,2,0,1),(6,'孔德理',0,4,0,0),(7,'蓝秀群',1,4,0,0),(8,'孔德理',0,4,0,1),(9,'蓝秀群',1,4,0,1),(10,'搓澡男前台',0,6,0,0),(11,'蒋技师',0,4,0,0),(12,'赵丽',1,4,0,0),(13,'王正队',0,4,0,0),(14,'大厅服务',0,4,0,0),(15,'大厅搓澡工',0,6,0,0);
/*!40000 ALTER TABLE `accounting_staff` ENABLE KEYS */;
UNLOCK TABLES;

--
-- Table structure for table `accounting_systemuser`
--

DROP TABLE IF EXISTS `accounting_systemuser`;
/*!40101 SET @saved_cs_client     = @@character_set_client */;
/*!40101 SET character_set_client = utf8 */;
CREATE TABLE `accounting_systemuser` (
  `id` int(11) NOT NULL AUTO_INCREMENT,
  `role` varchar(30) NOT NULL,
  `phone` varchar(30) DEFAULT NULL,
  `user_id` int(11) NOT NULL,
  `is_deleted` tinyint(1) NOT NULL,
  `staff_id` int(11) NOT NULL,
  PRIMARY KEY (`id`),
  KEY `accounting_systemuser_staff_id_a60f59c0_fk_accounting_staff_id` (`staff_id`),
  KEY `accounting_systemuser_user_id_75391fa1_fk` (`user_id`),
  CONSTRAINT `accounting_systemuser_staff_id_a60f59c0_fk_accounting_staff_id` FOREIGN KEY (`staff_id`) REFERENCES `accounting_staff` (`id`),
  CONSTRAINT `accounting_systemuser_user_id_75391fa1_fk` FOREIGN KEY (`user_id`) REFERENCES `auth_user` (`id`)
) ENGINE=InnoDB AUTO_INCREMENT=6 DEFAULT CHARSET=utf8;
/*!40101 SET character_set_client = @saved_cs_client */;

--
-- Dumping data for table `accounting_systemuser`
--

LOCK TABLES `accounting_systemuser` WRITE;
/*!40000 ALTER TABLE `accounting_systemuser` DISABLE KEYS */;
INSERT INTO `accounting_systemuser` VALUES (1,'admin','13269312163',1,0,1),(2,'cashier',NULL,2,0,2),(3,'cashier',NULL,3,0,3),(4,'admin',NULL,4,0,4),(5,'waiter',NULL,6,0,10);
/*!40000 ALTER TABLE `accounting_systemuser` ENABLE KEYS */;
UNLOCK TABLES;

--
-- Table structure for table `accounting_vip`
--

DROP TABLE IF EXISTS `accounting_vip`;
/*!40101 SET @saved_cs_client     = @@character_set_client */;
/*!40101 SET character_set_client = utf8 */;
CREATE TABLE `accounting_vip` (
  `id` int(11) NOT NULL AUTO_INCREMENT,
  `card_no` varchar(60) NOT NULL,
  `holder` varchar(60) DEFAULT NULL,
  `phone` varchar(60) DEFAULT NULL,
  `balance` decimal(25,15) NOT NULL,
  `email` varchar(60) DEFAULT NULL,
  `is_deleted` tinyint(1) NOT NULL,
  `password` varchar(100) DEFAULT NULL,
  PRIMARY KEY (`id`)
) ENGINE=InnoDB AUTO_INCREMENT=105 DEFAULT CHARSET=utf8;
/*!40101 SET character_set_client = @saved_cs_client */;

--
-- Dumping data for table `accounting_vip`
--

LOCK TABLES `accounting_vip` WRITE;
/*!40000 ALTER TABLE `accounting_vip` DISABLE KEYS */;
INSERT INTO `accounting_vip` VALUES (1,'00001','王升显','15653511966',4885.000000000000000,NULL,0,NULL),(2,'00001','王升显','',0.000000000000000,NULL,1,NULL),(3,'00002','陈健','18353538888',4512.000000000000000,NULL,0,NULL),(4,'00003','冯悦','13370928188',4935.000000000000000,NULL,0,NULL),(5,'00019','赵学军','13505357478',5000.000000000000000,NULL,1,NULL),(6,'00010','李凤','13356985468',427.000000000000000,NULL,1,NULL),(7,'00010','李凤','13356985468',427.000000000000000,NULL,1,NULL),(8,'00005','王明水','',322.000000000000000,NULL,0,NULL),(9,'00006','姜振芳','',315.000000000000000,NULL,0,NULL),(10,'00007','胡志光','',1000.000000000000000,NULL,0,NULL),(11,'00008','陈希亮','',1000.000000000000000,NULL,0,NULL),(12,'00009','王维超','',97.000000000000000,NULL,0,NULL),(13,'00010','','',0.000000000000000,NULL,1,NULL),(14,'00007','','',0.000000000000000,NULL,1,NULL),(15,'00008','','',0.000000000000000,NULL,1,NULL),(16,'00009','','',0.000000000000000,NULL,1,NULL),(17,'00010','李凤','13356985468',281.000000000000000,NULL,0,NULL),(18,'00011','邱玲','15966513486',400.000000000000000,NULL,0,NULL),(19,'00012','于德利','',1000.000000000000000,NULL,0,NULL),(20,'00013','马成亮','',41.000000000000000,NULL,0,NULL),(21,'00015','','',0.000000000000000,NULL,0,NULL),(22,'00016','王瑞昌','',242.000000000000000,NULL,0,NULL),(23,'00015','','',0.000000000000000,NULL,1,NULL),(24,'00016','','',0.000000000000000,NULL,1,NULL),(25,'00017','陆赟','',655.000000000000000,NULL,0,NULL),(26,'00018','吕冰河','15553515555',789.000000000000000,NULL,0,NULL),(27,'00019','李洪兵','',497.000000000000000,NULL,0,NULL),(28,'00020','','',0.000000000000000,NULL,0,NULL),(29,'00017','','',0.000000000000000,NULL,1,NULL),(30,'00018','','',0.000000000000000,NULL,1,NULL),(31,'00019','','',0.000000000000000,NULL,1,NULL),(32,'00020','','',0.000000000000000,NULL,1,NULL),(33,'00021','','',0.000000000000000,NULL,0,NULL),(34,'00022','','',0.000000000000000,NULL,0,NULL),(35,'00021','','',0.000000000000000,NULL,1,NULL),(36,'00022','','',0.000000000000000,NULL,1,NULL),(37,'00025','','',0.000000000000000,NULL,1,NULL),(38,'00025','','',0.000000000000000,NULL,1,NULL),(39,'00023','','',0.000000000000000,NULL,0,NULL),(40,'00025','','',0.000000000000000,NULL,0,NULL),(41,'00026','赵学军','13505357478',4909.000000000000000,NULL,0,NULL),(42,'00025','','',0.000000000000000,NULL,1,NULL),(43,'00026','','',0.000000000000000,NULL,1,NULL),(44,'00027','','',0.000000000000000,NULL,0,NULL),(45,'00028','','',0.000000000000000,NULL,0,NULL),(46,'00028','','',0.000000000000000,NULL,0,NULL),(47,'00028','','',0.000000000000000,NULL,1,NULL),(48,'00052','王晨','13562576635',145.000000000000000,NULL,0,NULL),(49,'00029','','',0.000000000000000,NULL,0,NULL),(50,'00053','赵欣','13325165215',542.000000000000000,NULL,0,NULL),(51,'00055','王帅','15166884444',385.000000000000000,NULL,0,NULL),(52,'00056','王明水2','',896.000000000000000,NULL,0,NULL),(53,'00057','王帅','15166884444',254.000000000000000,NULL,0,NULL),(54,'00058','吴思远','15763863333',167.000000000000000,NULL,0,NULL),(55,'00059','于超','',2.000000000000000,NULL,0,NULL),(56,'00060','','',0.000000000000000,NULL,0,NULL),(57,'00061','孙建飞','15318623000',718.000000000000000,NULL,0,NULL),(58,'00062','徐琳翕','13954597128',884.000000000000000,NULL,0,NULL),(59,'00063','魏东贺','15905453108',13.000000000000000,NULL,0,NULL),(60,'00065','','',1100.000000000000000,NULL,0,NULL),(61,'00066','张焕胜','13356382277',735.000000000000000,NULL,0,NULL),(62,'00067','王洪芳','',668.000000000000000,NULL,0,NULL),(63,'00068','盛言伟','15266546111',456.000000000000000,NULL,0,NULL),(64,'00069','陈岩','13220932685',376.000000000000000,NULL,0,NULL),(65,'00070','王春吉','15863835217',230.000000000000000,NULL,0,NULL),(66,'00071','王春吉','15863835217',1000.000000000000000,NULL,0,NULL),(67,'00072','王成航','18265452222',136.000000000000000,NULL,0,NULL),(68,'00073','','',1000.000000000000000,NULL,0,NULL),(69,'00075','赛俊萍','18263102029',807.000000000000000,NULL,0,NULL),(70,'00076','王少剑','18953590535',851.000000000000000,NULL,0,NULL),(71,'00077','林永绘','15154525599',1740.000000000000000,NULL,0,NULL),(72,'00078','林广辉','15153560111',357.000000000000000,NULL,0,NULL),(73,'00079','','',0.000000000000000,NULL,0,NULL),(74,'00169','吕冰河369','15553515555',2351.000000000000000,NULL,0,NULL),(75,'00170','于兆平','13695355908',94.000000000000000,NULL,0,NULL),(76,'00171','李广盛','13853522988',208.000000000000000,NULL,0,NULL),(77,'00212','曾路茗','18663827018',340.000000000000000,NULL,0,NULL),(78,'00213','孙杰','18300506789',560.000000000000000,NULL,0,NULL),(79,'00215','钟庆峰','13793598819',314.000000000000000,NULL,0,NULL),(80,'00216','于福洪','15063815968',5.000000000000000,NULL,0,NULL),(81,'00217','邹德华','13505359557',327.000000000000000,NULL,0,NULL),(82,'00218','王建平','13863866469',319.000000000000000,NULL,0,NULL),(83,'00219','李燕','18615006013',134.000000000000000,NULL,0,NULL),(84,'00220','夏秋波','13256968866',450.000000000000000,NULL,0,NULL),(85,'00221','于晓丽','13181619122',216.000000000000000,NULL,0,NULL),(86,'00222','柳春','13906388237',385.000000000000000,NULL,0,NULL),(87,'00223','王欣恬','18754513333',367.000000000000000,NULL,0,NULL),(88,'00225','叶籽潭','13853588887',321.000000000000000,NULL,0,NULL),(89,'00226','陈静','13371371138',173.000000000000000,NULL,0,NULL),(90,'00227','于星梅','18553538152',104.000000000000000,NULL,0,NULL),(91,'00228','侯喜芬','15064592191',367.000000000000000,NULL,0,NULL),(92,'00229','李飞','13280980777',247.000000000000000,NULL,0,NULL),(93,'00230','孙鹏飞','13688665860',123.000000000000000,NULL,0,NULL),(94,'00231','周世磊','13963875663',0.000000000000000,NULL,0,NULL),(95,'00232','宋淑莲','13853550152',399.000000000000000,NULL,0,NULL),(96,'00233','邢明燕','15615551332',0.000000000000000,NULL,0,NULL),(97,'00235','张立成','15589551368',194.000000000000000,NULL,0,NULL),(98,'00236','王朝','13376384003',154.000000000000000,NULL,0,NULL),(99,'00237','周明华','13553134760',702.000000000000000,NULL,0,NULL),(100,'00238','刘丽','15315162290',262.000000000000000,NULL,0,NULL),(101,'00239','陈浩','13361322223',0.000000000000000,NULL,0,NULL),(102,'00250','蔡红','15166382366',1.000000000000000,NULL,0,NULL),(103,'00251','孟祥芸','15954983345',146.000000000000000,NULL,0,NULL),(104,'00252','李传刚','13053596872',290.000000000000000,NULL,0,NULL);
/*!40000 ALTER TABLE `accounting_vip` ENABLE KEYS */;
UNLOCK TABLES;

--
-- Table structure for table `accounting_vippayment`
--

DROP TABLE IF EXISTS `accounting_vippayment`;
/*!40101 SET @saved_cs_client     = @@character_set_client */;
/*!40101 SET character_set_client = utf8 */;
CREATE TABLE `accounting_vippayment` (
  `id` int(11) NOT NULL AUTO_INCREMENT,
  `payment_id` int(11) DEFAULT NULL,
  PRIMARY KEY (`id`),
  KEY `accounting_vippaymen_payment_id_5d076fef_fk_accountin` (`payment_id`),
  CONSTRAINT `accounting_vippaymen_payment_id_5d076fef_fk_accountin` FOREIGN KEY (`payment_id`) REFERENCES `accounting_paymentmethod` (`id`)
) ENGINE=InnoDB AUTO_INCREMENT=2 DEFAULT CHARSET=utf8;
/*!40101 SET character_set_client = @saved_cs_client */;

--
-- Dumping data for table `accounting_vippayment`
--

LOCK TABLES `accounting_vippayment` WRITE;
/*!40000 ALTER TABLE `accounting_vippayment` DISABLE KEYS */;
INSERT INTO `accounting_vippayment` VALUES (1,2);
/*!40000 ALTER TABLE `accounting_vippayment` ENABLE KEYS */;
UNLOCK TABLES;

--
-- Table structure for table `accounting_viptopuprecord`
--

DROP TABLE IF EXISTS `accounting_viptopuprecord`;
/*!40101 SET @saved_cs_client     = @@character_set_client */;
/*!40101 SET character_set_client = utf8 */;
CREATE TABLE `accounting_viptopuprecord` (
  `id` int(11) NOT NULL AUTO_INCREMENT,
  `operation` int(11) NOT NULL,
  `date` datetime(6) NOT NULL,
  `recorder_id` int(11) NOT NULL,
  `vip_id` int(11) NOT NULL,
  `note` varchar(60) NOT NULL,
  `payment_method_id` int(11) DEFAULT NULL,
  PRIMARY KEY (`id`),
  KEY `accounting_viptopupr_recorder_id_e7fd4dfe_fk_accountin` (`recorder_id`),
  KEY `accounting_viptopuprecord_vip_id_2f4f315b_fk_accounting_vip_id` (`vip_id`),
  KEY `accounting_viptopupr_payment_method_id_df230f6a_fk_accountin` (`payment_method_id`),
  CONSTRAINT `accounting_viptopupr_payment_method_id_df230f6a_fk_accountin` FOREIGN KEY (`payment_method_id`) REFERENCES `accounting_paymentmethod` (`id`),
  CONSTRAINT `accounting_viptopupr_recorder_id_e7fd4dfe_fk_accountin` FOREIGN KEY (`recorder_id`) REFERENCES `accounting_systemuser` (`id`),
  CONSTRAINT `accounting_viptopuprecord_vip_id_2f4f315b_fk_accounting_vip_id` FOREIGN KEY (`vip_id`) REFERENCES `accounting_vip` (`id`)
) ENGINE=InnoDB AUTO_INCREMENT=230 DEFAULT CHARSET=utf8;
/*!40101 SET character_set_client = @saved_cs_client */;

--
-- Dumping data for table `accounting_viptopuprecord`
--

LOCK TABLES `accounting_viptopuprecord` WRITE;
/*!40000 ALTER TABLE `accounting_viptopuprecord` DISABLE KEYS */;
INSERT INTO `accounting_viptopuprecord` VALUES (1,1,'2018-02-23 03:12:37.212354',4,1,'开卡，充值0元',NULL),(2,1,'2018-02-23 03:12:37.249463',4,2,'开卡，充值0元',NULL),(3,3,'2018-02-23 03:12:45.148497',4,2,'销卡',NULL),(4,1,'2018-02-23 03:13:35.771496',4,3,'开卡，充值0元',NULL),(5,1,'2018-02-23 03:13:35.781537',4,4,'开卡，充值0元',NULL),(6,1,'2018-02-23 03:39:12.434654',4,5,'开卡，充值5000元',NULL),(7,1,'2018-02-23 03:42:53.023232',4,6,'开卡，充值427元',NULL),(8,1,'2018-02-23 03:42:53.068051',4,7,'开卡，充值427元',NULL),(9,3,'2018-02-23 03:43:01.375442',4,7,'销卡',NULL),(10,3,'2018-02-23 03:44:10.431319',4,5,'销卡',NULL),(11,3,'2018-02-23 03:44:17.381456',4,6,'销卡',NULL),(12,1,'2018-02-23 03:45:25.631595',4,8,'开卡，充值0元',NULL),(13,1,'2018-02-23 03:45:25.634985',4,9,'开卡，充值0元',NULL),(14,1,'2018-02-23 03:45:59.941298',4,10,'开卡，充值0元',NULL),(15,1,'2018-02-23 03:45:59.946953',4,11,'开卡，充值0元',NULL),(16,1,'2018-02-23 03:45:59.950056',4,12,'开卡，充值0元',NULL),(17,1,'2018-02-23 03:45:59.952173',4,13,'开卡，充值0元',NULL),(18,1,'2018-02-23 03:46:00.034698',4,14,'开卡，充值0元',NULL),(19,1,'2018-02-23 03:46:00.038027',4,15,'开卡，充值0元',NULL),(20,1,'2018-02-23 03:46:00.040300',4,16,'开卡，充值0元',NULL),(21,1,'2018-02-23 03:46:00.043476',4,17,'开卡，充值0元',NULL),(22,1,'2018-02-23 03:46:24.346036',4,18,'开卡，充值0元',NULL),(23,1,'2018-02-23 03:46:24.348317',4,19,'开卡，充值0元',NULL),(24,1,'2018-02-23 03:46:24.351321',4,20,'开卡，充值0元',NULL),(25,3,'2018-02-23 03:46:55.175179',4,14,'销卡',NULL),(26,3,'2018-02-23 03:47:05.464171',4,15,'销卡',NULL),(27,3,'2018-02-23 03:47:17.839878',4,16,'销卡',NULL),(28,3,'2018-02-23 03:47:22.495217',4,13,'销卡',NULL),(29,1,'2018-02-23 03:47:42.127350',4,21,'开卡，充值0元',NULL),(30,1,'2018-02-23 03:47:42.131874',4,22,'开卡，充值0元',NULL),(31,1,'2018-02-23 03:47:42.167369',4,23,'开卡，充值0元',NULL),(32,1,'2018-02-23 03:47:42.170787',4,24,'开卡，充值0元',NULL),(33,3,'2018-02-23 03:47:49.845738',4,23,'销卡',NULL),(34,3,'2018-02-23 03:47:56.758000',4,24,'销卡',NULL),(35,1,'2018-02-23 03:48:23.854626',4,25,'开卡，充值0元',NULL),(36,1,'2018-02-23 03:48:23.857998',4,26,'开卡，充值0元',NULL),(37,1,'2018-02-23 03:48:23.860204',4,27,'开卡，充值0元',NULL),(38,1,'2018-02-23 03:48:23.863479',4,28,'开卡，充值0元',NULL),(39,1,'2018-02-23 03:48:23.928331',4,29,'开卡，充值0元',NULL),(40,1,'2018-02-23 03:48:23.931527',4,30,'开卡，充值0元',NULL),(41,1,'2018-02-23 03:48:23.934522',4,31,'开卡，充值0元',NULL),(42,1,'2018-02-23 03:48:23.937707',4,32,'开卡，充值0元',NULL),(43,3,'2018-02-23 03:48:42.854842',4,29,'销卡',NULL),(44,3,'2018-02-23 03:48:50.142357',4,30,'销卡',NULL),(45,3,'2018-02-23 03:48:55.271034',4,31,'销卡',NULL),(46,3,'2018-02-23 03:48:59.354045',4,32,'销卡',NULL),(47,1,'2018-02-23 03:49:13.257745',4,33,'开卡，充值0元',NULL),(48,1,'2018-02-23 03:49:13.262019',4,34,'开卡，充值0元',NULL),(49,1,'2018-02-23 03:49:13.358030',4,35,'开卡，充值0元',NULL),(50,1,'2018-02-23 03:49:13.360342',4,36,'开卡，充值0元',NULL),(51,3,'2018-02-23 03:49:18.547677',4,35,'销卡',NULL),(52,3,'2018-02-23 03:49:23.955349',4,36,'销卡',NULL),(53,1,'2018-02-23 03:49:33.764213',4,37,'开卡，充值0元',NULL),(54,1,'2018-02-23 03:49:33.850517',4,38,'开卡，充值0元',NULL),(55,3,'2018-02-23 03:49:41.494558',4,38,'销卡',NULL),(56,3,'2018-02-23 03:49:46.887456',4,37,'销卡',NULL),(57,1,'2018-02-23 03:50:02.055427',4,39,'开卡，充值0元',NULL),(58,1,'2018-02-23 03:50:21.702665',4,40,'开卡，充值0元',NULL),(59,1,'2018-02-23 03:50:21.706255',4,41,'开卡，充值0元',NULL),(60,1,'2018-02-23 03:50:21.791249',4,42,'开卡，充值0元',NULL),(61,1,'2018-02-23 03:50:21.795745',4,43,'开卡，充值0元',NULL),(62,3,'2018-02-23 03:50:31.283742',4,42,'销卡',NULL),(63,3,'2018-02-23 03:50:36.111174',4,43,'销卡',NULL),(64,1,'2018-02-23 03:50:48.289188',4,44,'开卡，充值0元',NULL),(65,1,'2018-02-23 03:51:00.444809',4,45,'开卡，充值0元',NULL),(66,1,'2018-02-23 05:42:31.236530',4,46,'开卡，充值0元',NULL),(67,1,'2018-02-23 05:42:31.288882',4,47,'开卡，充值0元',NULL),(68,3,'2018-02-23 05:42:41.244381',4,47,'销卡',NULL),(69,2,'2018-02-23 07:34:02.518573',1,1,'更改，',NULL),(70,2,'2018-02-23 14:02:38.096463',4,3,'信息更新，余额变动：0.00元',NULL),(71,2,'2018-02-23 14:02:54.248593',4,3,'信息更新，余额变动：22.00元',NULL),(72,2,'2018-02-23 14:05:45.500846',3,3,'充值10',NULL),(73,2,'2018-02-23 14:08:42.384578',3,3,'充值1',NULL),(74,2,'2018-02-24 04:40:38.016795',4,8,'信息更新，余额变动：0.00元',NULL),(75,2,'2018-02-24 04:40:58.936115',4,9,'信息更新，余额变动：0.00元',NULL),(76,2,'2018-02-24 04:41:28.268344',4,10,'信息更新，余额变动：0.00元',NULL),(77,2,'2018-02-24 04:41:46.456276',4,11,'信息更新，余额变动：0.00元',NULL),(78,2,'2018-02-24 04:42:05.956140',4,10,'信息更新，余额变动：0.00元',NULL),(79,2,'2018-02-24 04:42:25.187962',4,12,'信息更新，余额变动：0.00元',NULL),(80,2,'2018-02-24 04:42:53.986914',4,19,'信息更新，余额变动：0.00元',NULL),(81,2,'2018-02-24 04:43:13.970927',4,20,'信息更新，余额变动：0.00元',NULL),(82,2,'2018-02-24 04:43:35.950431',4,22,'信息更新，余额变动：0.00元',NULL),(83,2,'2018-02-24 04:43:47.996583',4,25,'信息更新，余额变动：0.00元',NULL),(84,2,'2018-02-24 04:44:19.766017',4,26,'信息更新，余额变动：0.00元',NULL),(85,1,'2018-02-24 04:45:36.253293',4,48,'开卡，充值0元',NULL),(86,1,'2018-02-24 04:45:51.039597',4,49,'开卡，充值0元',NULL),(87,1,'2018-02-24 04:47:13.464210',4,50,'开卡，充值0元',NULL),(88,1,'2018-02-24 04:49:27.465802',4,51,'开卡，充值0元',NULL),(89,1,'2018-02-24 04:49:27.468129',4,52,'开卡，充值0元',NULL),(90,1,'2018-02-24 04:49:27.471222',4,53,'开卡，充值0元',NULL),(91,1,'2018-02-24 04:50:23.128702',4,54,'开卡，充值0元',NULL),(92,1,'2018-02-24 04:50:23.132013',4,55,'开卡，充值0元',NULL),(93,1,'2018-02-24 04:56:07.918210',4,56,'开卡，充值0元',NULL),(94,1,'2018-02-24 04:56:07.922931',4,57,'开卡，充值0元',NULL),(95,1,'2018-02-24 04:56:07.926147',4,58,'开卡，充值0元',NULL),(96,1,'2018-02-24 04:56:07.928292',4,59,'开卡，充值0元',NULL),(97,1,'2018-02-24 04:56:07.931795',4,60,'开卡，充值0元',NULL),(98,1,'2018-02-24 04:56:07.934911',4,61,'开卡，充值0元',NULL),(99,1,'2018-02-24 04:56:07.938269',4,62,'开卡，充值0元',NULL),(100,1,'2018-02-24 04:56:07.941624',4,63,'开卡，充值0元',NULL),(101,1,'2018-02-24 05:01:04.179966',4,64,'开卡，充值0元',NULL),(102,1,'2018-02-24 05:01:04.183811',4,65,'开卡，充值0元',NULL),(103,1,'2018-02-24 05:01:04.187111',4,66,'开卡，充值0元',NULL),(104,1,'2018-02-24 05:01:04.190227',4,67,'开卡，充值0元',NULL),(105,1,'2018-02-24 05:01:04.193902',4,68,'开卡，充值0元',NULL),(106,1,'2018-02-24 05:01:04.198576',4,69,'开卡，充值0元',NULL),(107,1,'2018-02-24 05:01:04.201887',4,70,'开卡，充值0元',NULL),(108,1,'2018-02-24 05:01:04.204223',4,71,'开卡，充值0元',NULL),(109,1,'2018-02-24 05:01:04.207445',4,72,'开卡，充值0元',NULL),(110,1,'2018-02-24 05:01:04.209800',4,73,'开卡，充值0元',NULL),(111,1,'2018-02-24 05:02:56.347060',4,74,'开卡，充值0元',NULL),(112,1,'2018-02-24 05:02:56.350531',4,75,'开卡，充值0元',NULL),(113,1,'2018-02-24 05:02:56.353767',4,76,'开卡，充值0元',NULL),(114,1,'2018-02-24 05:04:32.306251',4,77,'开卡，充值0元',NULL),(115,1,'2018-02-24 05:04:32.309538',4,78,'开卡，充值0元',NULL),(116,1,'2018-02-24 05:04:32.311865',4,79,'开卡，充值0元',NULL),(117,1,'2018-02-24 05:08:51.499123',4,80,'开卡，充值0元',NULL),(118,1,'2018-02-24 05:08:51.502535',4,81,'开卡，充值0元',NULL),(119,1,'2018-02-24 05:08:51.507677',4,82,'开卡，充值0元',NULL),(120,1,'2018-02-24 05:08:51.511468',4,83,'开卡，充值0元',NULL),(121,1,'2018-02-24 05:08:51.514588',4,84,'开卡，充值0元',NULL),(122,1,'2018-02-24 05:08:51.518569',4,85,'开卡，充值0元',NULL),(123,1,'2018-02-24 05:08:51.521676',4,86,'开卡，充值0元',NULL),(124,1,'2018-02-24 05:08:51.524024',4,87,'开卡，充值0元',NULL),(125,2,'2018-02-24 05:18:31.902905',4,8,'信息更新，余额变动：406.00元',NULL),(126,2,'2018-02-24 05:18:47.499483',4,9,'信息更新，余额变动：470.00元',NULL),(127,2,'2018-02-24 05:18:57.899115',4,10,'信息更新，余额变动：1000.00元',NULL),(128,2,'2018-02-24 05:19:08.689404',4,11,'信息更新，余额变动：1000.00元',NULL),(129,2,'2018-02-24 05:19:57.555434',4,12,'信息更新，余额变动：97.00元',NULL),(130,2,'2018-02-24 05:20:17.914922',4,18,'信息更新，余额变动：500.00元',NULL),(131,2,'2018-02-24 05:20:40.246295',4,19,'信息更新，余额变动：1000.00元',NULL),(132,2,'2018-02-24 05:20:57.570888',4,20,'信息更新，余额变动：500.00元',NULL),(133,2,'2018-02-24 05:21:27.513766',4,22,'信息更新，余额变动：242.00元',NULL),(134,2,'2018-02-24 05:21:42.101529',4,25,'信息更新，余额变动：883.00元',NULL),(135,2,'2018-02-24 05:22:04.560752',4,26,'信息更新，余额变动：789.00元',NULL),(136,2,'2018-02-24 05:28:47.280589',4,48,'信息更新，余额变动：333.00元',NULL),(137,2,'2018-02-24 05:29:39.383552',4,50,'信息更新，余额变动：618.00元',NULL),(138,2,'2018-02-24 05:30:05.373795',4,51,'信息更新，余额变动：385.00元',NULL),(139,2,'2018-02-24 05:30:29.187376',4,53,'信息更新，余额变动：463.00元',NULL),(140,2,'2018-02-24 05:30:44.642844',4,54,'信息更新，余额变动：167.00元',NULL),(141,2,'2018-02-24 05:31:24.519224',4,55,'信息更新，余额变动：2.00元',NULL),(142,2,'2018-02-24 05:32:48.697184',4,57,'信息更新，余额变动：728.00元',NULL),(143,2,'2018-02-24 05:33:08.885335',4,58,'信息更新，余额变动：884.00元',NULL),(144,2,'2018-02-24 05:33:28.893114',4,59,'信息更新，余额变动：525.00元',NULL),(145,2,'2018-02-24 05:33:40.961523',4,60,'信息更新，余额变动：1000.00元',NULL),(146,2,'2018-02-24 05:36:27.530957',4,61,'信息更新，余额变动：735.00元',NULL),(147,2,'2018-02-24 05:37:34.021593',4,62,'信息更新，余额变动：668.00元',NULL),(148,2,'2018-02-24 05:37:49.318831',4,63,'信息更新，余额变动：456.00元',NULL),(149,2,'2018-02-24 05:38:01.484142',4,64,'信息更新，余额变动：510.00元',NULL),(150,2,'2018-02-24 05:38:15.687762',4,65,'信息更新，余额变动：230.00元',NULL),(151,2,'2018-02-24 05:38:28.550931',4,66,'信息更新，余额变动：1000.00元',NULL),(152,2,'2018-02-24 05:38:41.441537',4,67,'信息更新，余额变动：136.00元',NULL),(153,2,'2018-02-24 05:39:08.068065',4,68,'信息更新，余额变动：1000.00元',NULL),(154,2,'2018-02-24 05:40:55.599697',4,69,'信息更新，余额变动：807.00元',NULL),(155,2,'2018-02-24 05:41:13.231879',4,70,'信息更新，余额变动：946.00元',NULL),(156,2,'2018-02-24 05:41:45.954249',4,71,'信息更新，余额变动：1000.00元',NULL),(157,2,'2018-02-24 05:42:04.924361',4,72,'信息更新，余额变动：521.00元',NULL),(158,2,'2018-02-24 05:44:24.392305',4,74,'信息更新，余额变动：529.00元',NULL),(159,2,'2018-02-24 05:45:51.378709',4,75,'信息更新，余额变动：261.00元',NULL),(160,2,'2018-02-24 05:46:26.089516',4,76,'信息更新，余额变动：396.00元',NULL),(161,2,'2018-02-24 05:46:51.240178',4,77,'信息更新，余额变动：500.00元',NULL),(162,2,'2018-02-24 05:47:05.969126',4,78,'信息更新，余额变动：500.00元',NULL),(163,2,'2018-02-24 05:58:56.547186',4,79,'信息更新，余额变动：470.00元',NULL),(164,2,'2018-02-24 05:59:14.438330',4,80,'信息更新，余额变动：300.00元',NULL),(165,2,'2018-02-24 05:59:55.475077',4,81,'信息更新，余额变动：0.00元',NULL),(166,2,'2018-02-24 06:00:14.382636',4,81,'信息更新，余额变动：327.00元',NULL),(167,2,'2018-02-24 06:00:30.632408',4,82,'信息更新，余额变动：329.00元',NULL),(168,2,'2018-02-24 06:00:45.988170',4,83,'信息更新，余额变动：134.00元',NULL),(169,2,'2018-02-24 06:01:00.440865',4,84,'信息更新，余额变动：500.00元',NULL),(170,2,'2018-02-24 06:01:19.992716',4,85,'信息更新，余额变动：266.00元',NULL),(171,2,'2018-02-24 06:01:33.647304',4,86,'信息更新，余额变动：385.00元',NULL),(172,2,'2018-02-24 06:01:48.837690',4,87,'信息更新，余额变动：440.00元',NULL),(173,1,'2018-02-24 06:03:34.955584',4,88,'开卡，充值321元',NULL),(174,1,'2018-02-24 06:03:34.958926',4,89,'开卡，充值216元',NULL),(175,1,'2018-02-24 06:10:49.152222',4,90,'开卡，充值268元',NULL),(176,1,'2018-02-24 06:10:49.155685',4,91,'开卡，充值367元',NULL),(177,1,'2018-02-24 06:10:49.160420',4,92,'开卡，充值303元',NULL),(178,1,'2018-02-24 06:10:49.163752',4,93,'开卡，充值168元',NULL),(179,1,'2018-02-24 06:10:49.169839',4,94,'开卡，充值0元',NULL),(180,1,'2018-02-24 06:10:49.172041',4,95,'开卡，充值0元',NULL),(181,1,'2018-02-24 06:10:49.175829',4,96,'开卡，充值0元',NULL),(182,1,'2018-02-24 06:10:49.179179',4,97,'开卡，充值0元',NULL),(183,1,'2018-02-24 06:10:49.182518',4,98,'开卡，充值0元',NULL),(184,1,'2018-02-24 06:10:49.185762',4,99,'开卡，充值0元',NULL),(185,1,'2018-02-24 06:10:49.188152',4,100,'开卡，充值0元',NULL),(186,1,'2018-02-24 06:13:15.040083',4,101,'开卡，充值0元',NULL),(187,1,'2018-02-24 06:13:15.043416',4,102,'开卡，充值0元',NULL),(188,1,'2018-02-24 06:13:15.047832',4,103,'开卡，充值0元',NULL),(189,1,'2018-02-24 06:13:15.050993',4,104,'开卡，充值0元',NULL),(190,2,'2018-02-24 06:18:20.961844',4,95,'信息更新，余额变动：399.00元',NULL),(191,2,'2018-02-24 06:18:32.722720',4,96,'信息更新，余额变动：49.00元',NULL),(192,2,'2018-02-24 06:18:50.984865',4,97,'信息更新，余额变动：290.00元',NULL),(193,2,'2018-02-24 06:19:14.962491',4,98,'信息更新，余额变动：529.00元',NULL),(194,2,'2018-02-24 06:19:29.702627',4,99,'信息更新，余额变动：720.00元',NULL),(195,2,'2018-02-24 06:19:46.945760',4,100,'信息更新，余额变动：382.00元',NULL),(196,2,'2018-02-24 06:20:02.405013',4,102,'信息更新，余额变动：51.00元',NULL),(197,2,'2018-02-24 06:20:16.099492',4,103,'信息更新，余额变动：146.00元',NULL),(198,2,'2018-02-24 06:20:33.931541',4,104,'信息更新，余额变动：388.00元',NULL),(199,2,'2018-02-24 12:41:48.777493',2,77,'充值1500',NULL),(200,2,'2018-02-24 13:43:47.707620',4,71,'信息更新，余额变动：890.00元',NULL),(201,2,'2018-02-24 13:44:58.340783',4,71,'信息更新，余额变动：0.00元',NULL),(202,2,'2018-02-28 10:21:13.555010',4,11,'信息更新，余额变动：0.00元',NULL),(203,2,'2018-03-01 03:55:43.592175',4,27,'信息更新，余额变动：500.00元',NULL),(204,2,'2018-03-01 11:42:13.834902',4,53,'信息更新，余额变动：-123.00元',NULL),(205,2,'2018-03-01 11:42:58.161517',4,57,'信息更新，余额变动：-10.00元',NULL),(206,2,'2018-03-01 11:50:22.615832',4,72,'信息更新，余额变动：-229.00元',NULL),(207,2,'2018-03-01 11:55:21.935179',4,80,'信息更新，余额变动：-295.00元',NULL),(208,2,'2018-03-01 11:56:36.700506',4,79,'信息更新，余额变动：-52.00元',NULL),(209,2,'2018-03-01 11:57:45.286710',4,59,'信息更新，余额变动：-84.00元',NULL),(210,2,'2018-03-01 12:00:16.357875',4,17,'信息更新，余额变动：0.00元',NULL),(211,2,'2018-03-01 12:29:15.753682',4,72,'信息更新，余额变动：-22.00元',NULL),(212,2,'2018-03-01 12:35:00.634827',4,18,'信息更新，余额变动：-50.00元',NULL),(213,2,'2018-03-01 13:01:09.499943',4,77,'信息更新，余额变动：-1500.00元',NULL),(214,2,'2018-03-01 13:19:59.851749',4,77,'信息更新，余额变动：0.00元',NULL),(215,2,'2018-03-02 03:16:38.876551',3,72,'充值0元，充值方式：现金',1),(216,2,'2018-03-03 01:21:48.417829',4,77,'信息更新，余额变动：0.00元',NULL),(217,2,'2018-03-03 07:06:16.391803',4,72,'信息更新，余额变动：0.00元',NULL),(218,2,'2018-03-03 07:11:13.700046',4,72,'信息更新，余额变动：69.00元',NULL),(219,2,'2018-03-04 08:50:34.494706',4,55,'信息更新，余额变动：0.00元',NULL),(220,2,'2018-03-05 09:58:59.918715',4,41,'信息更新，余额变动：5000.00元',NULL),(221,2,'2018-03-06 05:35:39.544838',2,72,'充值19元，充值方式：现金',1),(222,2,'2018-03-07 09:26:38.482510',2,72,'充值1100元，充值方式：现金',1),(223,2,'2018-03-12 03:40:25.040255',3,96,'充值19元，充值方式：微信',6),(224,2,'2018-03-12 10:02:37.411118',3,78,'充值100元，充值方式：现金',1),(225,2,'2018-03-12 10:19:42.415813',4,78,'信息更新，余额变动：0.00元',NULL),(226,2,'2018-03-12 10:20:41.781046',4,84,'信息更新，余额变动：0.00元',NULL),(227,2,'2018-03-13 06:06:03.912627',4,52,'信息更新，余额变动：1000.00元',NULL),(228,2,'2018-03-14 10:59:44.199007',4,74,'信息更新，余额变动：2000.00元',NULL),(229,2,'2018-03-19 08:52:13.340123',2,60,'充值100元，充值方式：现金',1);
/*!40000 ALTER TABLE `accounting_viptopuprecord` ENABLE KEYS */;
UNLOCK TABLES;

--
-- Table structure for table `auth_group`
--

DROP TABLE IF EXISTS `auth_group`;
/*!40101 SET @saved_cs_client     = @@character_set_client */;
/*!40101 SET character_set_client = utf8 */;
CREATE TABLE `auth_group` (
  `id` int(11) NOT NULL AUTO_INCREMENT,
  `name` varchar(80) NOT NULL,
  PRIMARY KEY (`id`),
  UNIQUE KEY `name` (`name`)
) ENGINE=InnoDB DEFAULT CHARSET=utf8;
/*!40101 SET character_set_client = @saved_cs_client */;

--
-- Dumping data for table `auth_group`
--

LOCK TABLES `auth_group` WRITE;
/*!40000 ALTER TABLE `auth_group` DISABLE KEYS */;
/*!40000 ALTER TABLE `auth_group` ENABLE KEYS */;
UNLOCK TABLES;

--
-- Table structure for table `auth_group_permissions`
--

DROP TABLE IF EXISTS `auth_group_permissions`;
/*!40101 SET @saved_cs_client     = @@character_set_client */;
/*!40101 SET character_set_client = utf8 */;
CREATE TABLE `auth_group_permissions` (
  `id` int(11) NOT NULL AUTO_INCREMENT,
  `group_id` int(11) NOT NULL,
  `permission_id` int(11) NOT NULL,
  PRIMARY KEY (`id`),
  UNIQUE KEY `auth_group_permissions_group_id_permission_id_0cd325b0_uniq` (`group_id`,`permission_id`),
  KEY `auth_group_permissio_permission_id_84c5c92e_fk_auth_perm` (`permission_id`),
  CONSTRAINT `auth_group_permissio_permission_id_84c5c92e_fk_auth_perm` FOREIGN KEY (`permission_id`) REFERENCES `auth_permission` (`id`),
  CONSTRAINT `auth_group_permissions_group_id_b120cbf9_fk_auth_group_id` FOREIGN KEY (`group_id`) REFERENCES `auth_group` (`id`)
) ENGINE=InnoDB DEFAULT CHARSET=utf8;
/*!40101 SET character_set_client = @saved_cs_client */;

--
-- Dumping data for table `auth_group_permissions`
--

LOCK TABLES `auth_group_permissions` WRITE;
/*!40000 ALTER TABLE `auth_group_permissions` DISABLE KEYS */;
/*!40000 ALTER TABLE `auth_group_permissions` ENABLE KEYS */;
UNLOCK TABLES;

--
-- Table structure for table `auth_permission`
--

DROP TABLE IF EXISTS `auth_permission`;
/*!40101 SET @saved_cs_client     = @@character_set_client */;
/*!40101 SET character_set_client = utf8 */;
CREATE TABLE `auth_permission` (
  `id` int(11) NOT NULL AUTO_INCREMENT,
  `name` varchar(255) NOT NULL,
  `content_type_id` int(11) NOT NULL,
  `codename` varchar(100) NOT NULL,
  PRIMARY KEY (`id`),
  UNIQUE KEY `auth_permission_content_type_id_codename_01ab375a_uniq` (`content_type_id`,`codename`),
  CONSTRAINT `auth_permission_content_type_id_2f476e4b_fk_django_co` FOREIGN KEY (`content_type_id`) REFERENCES `django_content_type` (`id`)
) ENGINE=InnoDB AUTO_INCREMENT=49 DEFAULT CHARSET=utf8;
/*!40101 SET character_set_client = @saved_cs_client */;

--
-- Dumping data for table `auth_permission`
--

LOCK TABLES `auth_permission` WRITE;
/*!40000 ALTER TABLE `auth_permission` DISABLE KEYS */;
INSERT INTO `auth_permission` VALUES (1,'Can add log entry',1,'add_logentry'),(2,'Can change log entry',1,'change_logentry'),(3,'Can delete log entry',1,'delete_logentry'),(4,'Can add group',2,'add_group'),(5,'Can change group',2,'change_group'),(6,'Can delete group',2,'delete_group'),(7,'Can add permission',3,'add_permission'),(8,'Can change permission',3,'change_permission'),(9,'Can delete permission',3,'delete_permission'),(10,'Can add user',4,'add_user'),(11,'Can change user',4,'change_user'),(12,'Can delete user',4,'delete_user'),(13,'Can add content type',5,'add_contenttype'),(14,'Can change content type',5,'change_contenttype'),(15,'Can delete content type',5,'delete_contenttype'),(16,'Can add session',6,'add_session'),(17,'Can change session',6,'change_session'),(18,'Can delete session',6,'delete_session'),(19,'Can add item',7,'add_item'),(20,'Can change item',7,'change_item'),(21,'Can delete item',7,'delete_item'),(22,'Can add vip topup record',8,'add_viptopuprecord'),(23,'Can change vip topup record',8,'change_viptopuprecord'),(24,'Can delete vip topup record',8,'delete_viptopuprecord'),(25,'Can add staff',9,'add_staff'),(26,'Can change staff',9,'change_staff'),(27,'Can delete staff',9,'delete_staff'),(28,'Can add vip',10,'add_vip'),(29,'Can change vip',10,'change_vip'),(30,'Can delete vip',10,'delete_vip'),(31,'Can add job',11,'add_job'),(32,'Can change job',11,'change_job'),(33,'Can delete job',11,'delete_job'),(34,'Can add system user',12,'add_systemuser'),(35,'Can change system user',12,'change_systemuser'),(36,'Can delete system user',12,'delete_systemuser'),(37,'Can add vip payment',13,'add_vippayment'),(38,'Can change vip payment',13,'change_vippayment'),(39,'Can delete vip payment',13,'delete_vippayment'),(40,'Can add service',14,'add_service'),(41,'Can change service',14,'change_service'),(42,'Can delete service',14,'delete_service'),(43,'Can add payment method',15,'add_paymentmethod'),(44,'Can change payment method',15,'change_paymentmethod'),(45,'Can delete payment method',15,'delete_paymentmethod'),(46,'Can add income',16,'add_income'),(47,'Can change income',16,'change_income'),(48,'Can delete income',16,'delete_income');
/*!40000 ALTER TABLE `auth_permission` ENABLE KEYS */;
UNLOCK TABLES;

--
-- Table structure for table `auth_user`
--

DROP TABLE IF EXISTS `auth_user`;
/*!40101 SET @saved_cs_client     = @@character_set_client */;
/*!40101 SET character_set_client = utf8 */;
CREATE TABLE `auth_user` (
  `id` int(11) NOT NULL AUTO_INCREMENT,
  `password` varchar(128) NOT NULL,
  `last_login` datetime(6) DEFAULT NULL,
  `is_superuser` tinyint(1) NOT NULL,
  `username` varchar(150) NOT NULL,
  `first_name` varchar(30) NOT NULL,
  `last_name` varchar(30) NOT NULL,
  `email` varchar(254) NOT NULL,
  `is_staff` tinyint(1) NOT NULL,
  `is_active` tinyint(1) NOT NULL,
  `date_joined` datetime(6) NOT NULL,
  PRIMARY KEY (`id`),
  UNIQUE KEY `username` (`username`)
) ENGINE=InnoDB AUTO_INCREMENT=8 DEFAULT CHARSET=utf8;
/*!40101 SET character_set_client = @saved_cs_client */;

--
-- Dumping data for table `auth_user`
--

LOCK TABLES `auth_user` WRITE;
/*!40000 ALTER TABLE `auth_user` DISABLE KEYS */;
INSERT INTO `auth_user` VALUES (1,'pbkdf2_sha256$36000$4lF5ULNhwYaS$ufMfBI14OSn8SuSmB6YGqM4mpSGycQ1uiB2DsObOFS4=',NULL,1,'admin','','','chenrebaozi@163.com',1,1,'2018-02-20 14:57:11.252089'),(2,'pbkdf2_sha256$36000$7dEDY0emOxyk$lVHJU34yrMN75GnbaO1V8aMzQ27HjNGnc2B6MAKPGDY=',NULL,0,'10001','韩','','',0,1,'2018-02-21 01:04:23.701352'),(3,'pbkdf2_sha256$36000$W8zdIr2S8Q2C$J8fHx80v27jArTStKCfIFD7UThYrC0k1D8bVsQbV7Uo=',NULL,0,'10002','曲','','',0,1,'2018-02-21 01:05:03.479188'),(4,'pbkdf2_sha256$36000$WoHJbJ5BG0RP$QHOXodV60KBMiYct0pDkFPyIAM3IysZRs+VGh2W/LFY=',NULL,0,'chenjian','陈健','','',0,1,'2018-02-21 01:33:41.139470'),(6,'pbkdf2_sha256$36000$qniVcgKcfQ6O$ievlB4cB0eKXQqw/AFx1z7TKhxFKzHKGcWkVXs7V+Wg=',NULL,0,'11001','搓澡男前台','','',0,1,'2018-02-22 11:19:01.430249');
/*!40000 ALTER TABLE `auth_user` ENABLE KEYS */;
UNLOCK TABLES;

--
-- Table structure for table `auth_user_groups`
--

DROP TABLE IF EXISTS `auth_user_groups`;
/*!40101 SET @saved_cs_client     = @@character_set_client */;
/*!40101 SET character_set_client = utf8 */;
CREATE TABLE `auth_user_groups` (
  `id` int(11) NOT NULL AUTO_INCREMENT,
  `user_id` int(11) NOT NULL,
  `group_id` int(11) NOT NULL,
  PRIMARY KEY (`id`),
  UNIQUE KEY `auth_user_groups_user_id_group_id_94350c0c_uniq` (`user_id`,`group_id`),
  KEY `auth_user_groups_group_id_97559544_fk_auth_group_id` (`group_id`),
  CONSTRAINT `auth_user_groups_group_id_97559544_fk_auth_group_id` FOREIGN KEY (`group_id`) REFERENCES `auth_group` (`id`),
  CONSTRAINT `auth_user_groups_user_id_6a12ed8b_fk_auth_user_id` FOREIGN KEY (`user_id`) REFERENCES `auth_user` (`id`)
) ENGINE=InnoDB DEFAULT CHARSET=utf8;
/*!40101 SET character_set_client = @saved_cs_client */;

--
-- Dumping data for table `auth_user_groups`
--

LOCK TABLES `auth_user_groups` WRITE;
/*!40000 ALTER TABLE `auth_user_groups` DISABLE KEYS */;
/*!40000 ALTER TABLE `auth_user_groups` ENABLE KEYS */;
UNLOCK TABLES;

--
-- Table structure for table `auth_user_user_permissions`
--

DROP TABLE IF EXISTS `auth_user_user_permissions`;
/*!40101 SET @saved_cs_client     = @@character_set_client */;
/*!40101 SET character_set_client = utf8 */;
CREATE TABLE `auth_user_user_permissions` (
  `id` int(11) NOT NULL AUTO_INCREMENT,
  `user_id` int(11) NOT NULL,
  `permission_id` int(11) NOT NULL,
  PRIMARY KEY (`id`),
  UNIQUE KEY `auth_user_user_permissions_user_id_permission_id_14a6b632_uniq` (`user_id`,`permission_id`),
  KEY `auth_user_user_permi_permission_id_1fbb5f2c_fk_auth_perm` (`permission_id`),
  CONSTRAINT `auth_user_user_permi_permission_id_1fbb5f2c_fk_auth_perm` FOREIGN KEY (`permission_id`) REFERENCES `auth_permission` (`id`),
  CONSTRAINT `auth_user_user_permissions_user_id_a95ead1b_fk_auth_user_id` FOREIGN KEY (`user_id`) REFERENCES `auth_user` (`id`)
) ENGINE=InnoDB DEFAULT CHARSET=utf8;
/*!40101 SET character_set_client = @saved_cs_client */;

--
-- Dumping data for table `auth_user_user_permissions`
--

LOCK TABLES `auth_user_user_permissions` WRITE;
/*!40000 ALTER TABLE `auth_user_user_permissions` DISABLE KEYS */;
/*!40000 ALTER TABLE `auth_user_user_permissions` ENABLE KEYS */;
UNLOCK TABLES;

--
-- Table structure for table `django_admin_log`
--

DROP TABLE IF EXISTS `django_admin_log`;
/*!40101 SET @saved_cs_client     = @@character_set_client */;
/*!40101 SET character_set_client = utf8 */;
CREATE TABLE `django_admin_log` (
  `id` int(11) NOT NULL AUTO_INCREMENT,
  `action_time` datetime(6) NOT NULL,
  `object_id` longtext,
  `object_repr` varchar(200) NOT NULL,
  `action_flag` smallint(5) unsigned NOT NULL,
  `change_message` longtext NOT NULL,
  `content_type_id` int(11) DEFAULT NULL,
  `user_id` int(11) NOT NULL,
  PRIMARY KEY (`id`),
  KEY `django_admin_log_content_type_id_c4bce8eb_fk_django_co` (`content_type_id`),
  KEY `django_admin_log_user_id_c564eba6_fk` (`user_id`),
  CONSTRAINT `django_admin_log_content_type_id_c4bce8eb_fk_django_co` FOREIGN KEY (`content_type_id`) REFERENCES `django_content_type` (`id`),
  CONSTRAINT `django_admin_log_user_id_c564eba6_fk` FOREIGN KEY (`user_id`) REFERENCES `auth_user` (`id`)
) ENGINE=InnoDB DEFAULT CHARSET=utf8;
/*!40101 SET character_set_client = @saved_cs_client */;

--
-- Dumping data for table `django_admin_log`
--

LOCK TABLES `django_admin_log` WRITE;
/*!40000 ALTER TABLE `django_admin_log` DISABLE KEYS */;
/*!40000 ALTER TABLE `django_admin_log` ENABLE KEYS */;
UNLOCK TABLES;

--
-- Table structure for table `django_content_type`
--

DROP TABLE IF EXISTS `django_content_type`;
/*!40101 SET @saved_cs_client     = @@character_set_client */;
/*!40101 SET character_set_client = utf8 */;
CREATE TABLE `django_content_type` (
  `id` int(11) NOT NULL AUTO_INCREMENT,
  `app_label` varchar(100) NOT NULL,
  `model` varchar(100) NOT NULL,
  PRIMARY KEY (`id`),
  UNIQUE KEY `django_content_type_app_label_model_76bd3d3b_uniq` (`app_label`,`model`)
) ENGINE=InnoDB AUTO_INCREMENT=17 DEFAULT CHARSET=utf8;
/*!40101 SET character_set_client = @saved_cs_client */;

--
-- Dumping data for table `django_content_type`
--

LOCK TABLES `django_content_type` WRITE;
/*!40000 ALTER TABLE `django_content_type` DISABLE KEYS */;
INSERT INTO `django_content_type` VALUES (16,'accounting','income'),(7,'accounting','item'),(11,'accounting','job'),(15,'accounting','paymentmethod'),(14,'accounting','service'),(9,'accounting','staff'),(12,'accounting','systemuser'),(10,'accounting','vip'),(13,'accounting','vippayment'),(8,'accounting','viptopuprecord'),(1,'admin','logentry'),(2,'auth','group'),(3,'auth','permission'),(4,'auth','user'),(5,'contenttypes','contenttype'),(6,'sessions','session');
/*!40000 ALTER TABLE `django_content_type` ENABLE KEYS */;
UNLOCK TABLES;

--
-- Table structure for table `django_migrations`
--

DROP TABLE IF EXISTS `django_migrations`;
/*!40101 SET @saved_cs_client     = @@character_set_client */;
/*!40101 SET character_set_client = utf8 */;
CREATE TABLE `django_migrations` (
  `id` int(11) NOT NULL AUTO_INCREMENT,
  `app` varchar(255) NOT NULL,
  `name` varchar(255) NOT NULL,
  `applied` datetime(6) NOT NULL,
  PRIMARY KEY (`id`)
) ENGINE=InnoDB AUTO_INCREMENT=43 DEFAULT CHARSET=utf8;
/*!40101 SET character_set_client = @saved_cs_client */;

--
-- Dumping data for table `django_migrations`
--

LOCK TABLES `django_migrations` WRITE;
/*!40000 ALTER TABLE `django_migrations` DISABLE KEYS */;
INSERT INTO `django_migrations` VALUES (1,'contenttypes','0001_initial','2018-02-20 14:56:04.794361'),(2,'auth','0001_initial','2018-02-20 14:56:05.199706'),(3,'accounting','0001_initial','2018-02-20 14:56:05.644915'),(4,'accounting','0002_income_card_no','2018-02-20 14:56:05.689612'),(5,'accounting','0003_auto_20180207_1203','2018-02-20 14:56:05.726535'),(6,'accounting','0004_auto_20180208_0851','2018-02-20 14:56:05.912649'),(7,'accounting','0005_paymentmethod_if_deleted','2018-02-20 14:56:05.941096'),(8,'accounting','0006_auto_20180210_1241','2018-02-20 14:56:05.953038'),(9,'accounting','0007_job_is_deleted','2018-02-20 14:56:05.980184'),(10,'accounting','0008_auto_20180210_1820','2018-02-20 14:56:06.206862'),(11,'accounting','0009_systemuser_staff','2018-02-20 14:56:06.280968'),(12,'accounting','0010_service_item_no','2018-02-20 14:56:06.356332'),(13,'accounting','0011_item_promote_ratio','2018-02-20 14:56:06.386629'),(14,'accounting','0012_auto_20180212_1036','2018-02-20 14:56:06.399860'),(15,'accounting','0013_auto_20180212_1527','2018-02-20 14:56:06.588447'),(16,'accounting','0014_vip_password','2018-02-20 14:56:06.615601'),(17,'accounting','0015_auto_20180214_0946','2018-02-20 14:56:06.639721'),(18,'accounting','0016_auto_20180214_0950','2018-02-20 14:56:06.663089'),(19,'accounting','0017_income_is_paid','2018-02-20 14:56:06.707933'),(20,'accounting','0018_auto_20180215_1639','2018-02-20 14:56:06.898948'),(21,'accounting','0019_auto_20180215_1809','2018-02-20 14:56:06.947969'),(22,'accounting','0020_vippayment','2018-02-20 14:56:07.008524'),(23,'accounting','0021_income_vip','2018-02-20 14:56:07.086784'),(24,'accounting','0022_viptopuprecord','2018-02-20 14:56:07.176296'),(25,'accounting','0023_viptopuprecord_note','2018-02-20 14:56:07.218203'),(26,'accounting','0024_income_gender','2018-02-20 14:56:07.270412'),(27,'accounting','0025_auto_20180220_2127','2018-02-20 14:56:07.363345'),(28,'accounting','0026_service_recorder','2018-02-20 14:56:07.447029'),(29,'admin','0001_initial','2018-02-20 14:56:07.547758'),(30,'admin','0002_logentry_remove_auto_add','2018-02-20 14:56:07.571313'),(31,'contenttypes','0002_remove_content_type_name','2018-02-20 14:56:07.656218'),(32,'auth','0002_alter_permission_name_max_length','2018-02-20 14:56:07.690545'),(33,'auth','0003_alter_user_email_max_length','2018-02-20 14:56:07.728303'),(34,'auth','0004_alter_user_username_opts','2018-02-20 14:56:07.746170'),(35,'auth','0005_alter_user_last_login_null','2018-02-20 14:56:07.783021'),(36,'auth','0006_require_contenttypes_0002','2018-02-20 14:56:07.786740'),(37,'auth','0007_alter_validators_add_error_messages','2018-02-20 14:56:07.800946'),(38,'auth','0008_alter_user_username_max_length','2018-02-20 14:56:07.930795'),(39,'sessions','0001_initial','2018-02-20 14:56:07.956571'),(40,'accounting','0027_viptopuprecord_payment_method','2018-02-26 14:11:02.602992'),(41,'accounting','0028_auto_20180301_1638','2018-03-01 14:04:26.384447'),(42,'accounting','0029_income_paid_date','2018-03-05 22:36:09.888575');
/*!40000 ALTER TABLE `django_migrations` ENABLE KEYS */;
UNLOCK TABLES;

--
-- Table structure for table `django_session`
--

DROP TABLE IF EXISTS `django_session`;
/*!40101 SET @saved_cs_client     = @@character_set_client */;
/*!40101 SET character_set_client = utf8 */;
CREATE TABLE `django_session` (
  `session_key` varchar(40) NOT NULL,
  `session_data` longtext NOT NULL,
  `expire_date` datetime(6) NOT NULL,
  PRIMARY KEY (`session_key`),
  KEY `django_session_expire_date_a5c62663` (`expire_date`)
) ENGINE=InnoDB DEFAULT CHARSET=utf8;
/*!40101 SET character_set_client = @saved_cs_client */;

--
-- Dumping data for table `django_session`
--

LOCK TABLES `django_session` WRITE;
/*!40000 ALTER TABLE `django_session` DISABLE KEYS */;
INSERT INTO `django_session` VALUES ('038do9jgjuparzlb68abct2pyz6m0jlk','YWFiZTFkNmVmY2IzZGZjYWU0YTRhNGRjOWNhNjZhNTEzMmI2NDA0Mzp7Il9zZXNzaW9uX2V4cGlyeSI6MH0=','2018-03-30 13:49:50.325077'),('03dwxo965883lj1okt60ca87bp1hcset','MmNiMDQyMTZlNGE5YTM1ZTUwNDVhYWEwMTA4MWI0NzVjYzk5NDlhYTp7ImluY29tZV9pZCI6IjE3NjIiLCJ3b3JrZXJfaWQiOiIxMyIsInVzZXJfaWQiOjYsIl9zZXNzaW9uX2V4cGlyeSI6MH0=','2018-04-06 05:20:59.282593'),('05th5erw94e2gtxz2oyz0cqyxx0mu49b','NDM1NzBlNmFhYjdlYTNjNmM1YzZkZjRjMDE5YTdmYTllYmU1YjRkMDp7InVzZXJfaWQiOjIsIl9zZXNzaW9uX2V4cGlyeSI6MH0=','2018-04-08 00:02:25.082768'),('069kqad3sk0viln32pg5gghigej1dsob','YWFiZTFkNmVmY2IzZGZjYWU0YTRhNGRjOWNhNjZhNTEzMmI2NDA0Mzp7Il9zZXNzaW9uX2V4cGlyeSI6MH0=','2018-03-20 13:16:39.265596'),('091ybq2lfsyy0q1c5x3ht4von3wz7uib','YjkzNjA4NWIxZDNmMDEzMWMwYzU3N2ZhN2UzMTgwZTViNjU5ZjM0Njp7ImluY29tZV9pZCI6IjY0OCIsIndvcmtlcl9pZCI6IjE0IiwidXNlcl9pZCI6NiwiX3Nlc3Npb25fZXhwaXJ5IjowfQ==','2018-03-19 09:13:47.492720'),('0ayig3ybtp5o0j2d1uh8bjryrgmd37a6','YWFiZTFkNmVmY2IzZGZjYWU0YTRhNGRjOWNhNjZhNTEzMmI2NDA0Mzp7Il9zZXNzaW9uX2V4cGlyeSI6MH0=','2018-03-19 22:26:10.536955'),('0ksqjagn4r8e1v9tt14ilb5zay9uk8de','ZGZkNTJkZDJjZDA1Zjk1OTNhOTU5Zjg3ZWY4OTQ3ODA0M2M1NzVlZDp7ImluY29tZV9pZCI6IjEwIiwid29ya2VyX2lkIjoiNiIsInVzZXJfaWQiOjYsIl9zZXNzaW9uX2V4cGlyeSI6MH0=','2018-03-08 11:36:04.529054'),('0lhlsuhjs7gvqqy913dhtuhva8nlxpck','OGIwNzAxOTIyYTY4ZTZkMDJiNTBiMWJkM2JiY2E0NzYyNTgyYjg2MDp7ImluY29tZV9pZCI6IjE3MzkiLCJ3b3JrZXJfaWQiOiIxMyIsInVzZXJfaWQiOjYsIl9zZXNzaW9uX2V4cGlyeSI6MH0=','2018-04-05 08:55:59.235842'),('0o6ov3ew7xtxcrwke0uen2gy5726yir6','YWFiZTFkNmVmY2IzZGZjYWU0YTRhNGRjOWNhNjZhNTEzMmI2NDA0Mzp7Il9zZXNzaW9uX2V4cGlyeSI6MH0=','2018-04-01 13:58:35.712282'),('0qkaldsdoxkfpyk46v4o5slgf4f784ws','YjUzNjc0ZjYzZDJhMjM4ZmM1MWExY2Q1MmU4Y2U5ZTU3OTczOTE3NTp7InVzZXJfaWQiOjQsIl9zZXNzaW9uX2V4cGlyeSI6MH0=','2018-03-14 13:52:44.797935'),('0rrcz1z9fqk4jm34kjf3m66k2wtzx6s8','YWFiZTFkNmVmY2IzZGZjYWU0YTRhNGRjOWNhNjZhNTEzMmI2NDA0Mzp7Il9zZXNzaW9uX2V4cGlyeSI6MH0=','2018-03-18 22:14:40.637821'),('0sh3p3e36cvleu45muhpxrqggxazp4uq','YjUzNjc0ZjYzZDJhMjM4ZmM1MWExY2Q1MmU4Y2U5ZTU3OTczOTE3NTp7InVzZXJfaWQiOjQsIl9zZXNzaW9uX2V4cGlyeSI6MH0=','2018-04-01 15:16:12.480503'),('0vr4ae2ra5rpgfkpty4kei81f39f2uny','YWFiZTFkNmVmY2IzZGZjYWU0YTRhNGRjOWNhNjZhNTEzMmI2NDA0Mzp7Il9zZXNzaW9uX2V4cGlyeSI6MH0=','2018-03-18 05:37:08.876539'),('13dfqydb1uj1dp9rppz1jmuxqnzx7wfq','YWFiZTFkNmVmY2IzZGZjYWU0YTRhNGRjOWNhNjZhNTEzMmI2NDA0Mzp7Il9zZXNzaW9uX2V4cGlyeSI6MH0=','2018-03-28 09:31:41.577775'),('160yfdcvrw2uyhp3dch1prmr5mtiqwfg','YWFiZTFkNmVmY2IzZGZjYWU0YTRhNGRjOWNhNjZhNTEzMmI2NDA0Mzp7Il9zZXNzaW9uX2V4cGlyeSI6MH0=','2018-03-10 13:35:08.004493'),('1654fhvkh4p7k6ylft66klkey1dma6fa','YmE1ZDJjNjBkZDMxYWJmYTM0MWRlYTZlMjJlNDA5OTY0NDEyZTU2NTp7ImluY29tZV9pZCI6IjI2NiIsIndvcmtlcl9pZCI6IjEzIiwidXNlcl9pZCI6NiwiX3Nlc3Npb25fZXhwaXJ5IjowfQ==','2018-03-13 12:32:26.529557'),('17sdj3xc5bwby2c71kjrpunxl1or9ej2','YjUzNjc0ZjYzZDJhMjM4ZmM1MWExY2Q1MmU4Y2U5ZTU3OTczOTE3NTp7InVzZXJfaWQiOjQsIl9zZXNzaW9uX2V4cGlyeSI6MH0=','2018-04-07 06:08:29.256874'),('1a65ourevdt79ti1k83dx6wnci3xodii','YWFiZTFkNmVmY2IzZGZjYWU0YTRhNGRjOWNhNjZhNTEzMmI2NDA0Mzp7Il9zZXNzaW9uX2V4cGlyeSI6MH0=','2018-03-10 13:48:17.592892'),('1bbvspoismvu3lz6tsjq18zeunq0akft','YjEzNmIwODljNDU1MmMyY2M4MzY5N2JkMjAxN2JhNzBkMjc1ZTRjYjp7ImluY29tZV9pZCI6IjE3NTMiLCJ3b3JrZXJfaWQiOiI2IiwidXNlcl9pZCI6NiwiX3Nlc3Npb25fZXhwaXJ5IjowfQ==','2018-04-06 04:21:41.400058'),('1f4wbh0pgs0qd5o40oa8b5g0eydtz0fx','YWFiZTFkNmVmY2IzZGZjYWU0YTRhNGRjOWNhNjZhNTEzMmI2NDA0Mzp7Il9zZXNzaW9uX2V4cGlyeSI6MH0=','2018-04-05 09:31:54.603664'),('1kkj0khopm4dy5491wtvekid1315yj51','YWFiZTFkNmVmY2IzZGZjYWU0YTRhNGRjOWNhNjZhNTEzMmI2NDA0Mzp7Il9zZXNzaW9uX2V4cGlyeSI6MH0=','2018-03-29 04:53:27.186181'),('1nsueluymwl9mrtx32z0oxhxnylbo661','MzcyYTNhOWQ4ZWQ4OTE2NDY1NzZkZjljNjNlZWNhNDM4MWRiNDUwYzp7InVzZXJfaWQiOjEsIl9zZXNzaW9uX2V4cGlyeSI6MH0=','2018-03-26 10:47:25.253197'),('1o0vadoe73gb2v926jp9zsyvtak8373v','YWFiZTFkNmVmY2IzZGZjYWU0YTRhNGRjOWNhNjZhNTEzMmI2NDA0Mzp7Il9zZXNzaW9uX2V4cGlyeSI6MH0=','2018-04-01 03:27:55.548502'),('1p5zy1i3ivqjmdc6bnmfca5mt84o6btv','YWFiZTFkNmVmY2IzZGZjYWU0YTRhNGRjOWNhNjZhNTEzMmI2NDA0Mzp7Il9zZXNzaW9uX2V4cGlyeSI6MH0=','2018-03-30 02:12:17.029310'),('1rjsx5bdeogubknwvmnlvic8m2dqcqmh','MGVkNzZmNTdiMWJjMGE2N2YwZmYwZjA4NjJmNTNlMDZiYWU5YTgyMDp7ImluY29tZV9pZCI6IjY4NCIsIndvcmtlcl9pZCI6IjExIiwidXNlcl9pZCI6NiwiX3Nlc3Npb25fZXhwaXJ5IjowfQ==','2018-03-19 12:59:55.010780'),('1s7m9rxi058ghv00soz7cdy6lpbgjpv6','YjUzNjc0ZjYzZDJhMjM4ZmM1MWExY2Q1MmU4Y2U5ZTU3OTczOTE3NTp7InVzZXJfaWQiOjQsIl9zZXNzaW9uX2V4cGlyeSI6MH0=','2018-03-30 02:07:57.166915'),('1v4bz1lasovhy8kiudw1j37igh389bd3','YWFiZTFkNmVmY2IzZGZjYWU0YTRhNGRjOWNhNjZhNTEzMmI2NDA0Mzp7Il9zZXNzaW9uX2V4cGlyeSI6MH0=','2018-04-05 05:50:42.638255'),('1zvvcravr76sh0pubrbexf6efsn5svsb','YWFiZTFkNmVmY2IzZGZjYWU0YTRhNGRjOWNhNjZhNTEzMmI2NDA0Mzp7Il9zZXNzaW9uX2V4cGlyeSI6MH0=','2018-04-08 00:09:57.127287'),('2551pm5hbo88f8335xwwq3oxjqi6a11g','NThiNzA5YzhkMTkzZjYzZGUyNjI1MzJjYjkzMzk4MTcyY2VmZGJmNzp7ImluY29tZV9pZCI6IjE5MTciLCJ3b3JrZXJfaWQiOiIxMyIsInVzZXJfaWQiOjYsIl9zZXNzaW9uX2V4cGlyeSI6MH0=','2018-04-08 01:42:12.313133'),('25ch3gzqa48ljy6gy57ib2dmp58o4gg3','YjgwMTAzYTQ1OWRmZDAzMzhiMmU0ZTNjMTUzNDE3ODExMjQ1YmRiMjp7ImluY29tZV9pZCI6IjE1NjIiLCJ3b3JrZXJfaWQiOiI2IiwidXNlcl9pZCI6NiwiX3Nlc3Npb25fZXhwaXJ5IjowfQ==','2018-04-02 02:59:42.481573'),('26dx07w7oheyl8jdt45q0j8d5kc9f77f','YWFiZTFkNmVmY2IzZGZjYWU0YTRhNGRjOWNhNjZhNTEzMmI2NDA0Mzp7Il9zZXNzaW9uX2V4cGlyeSI6MH0=','2018-03-15 02:59:14.244594'),('2gxluz3qbvoox1tkx7x7yypebtm89esk','YjUzNjc0ZjYzZDJhMjM4ZmM1MWExY2Q1MmU4Y2U5ZTU3OTczOTE3NTp7InVzZXJfaWQiOjQsIl9zZXNzaW9uX2V4cGlyeSI6MH0=','2018-03-25 05:17:29.627223'),('2ihrql0l5r7eyeklcdzm8bkwn5fqmt2n','NjM3YjE3NWQ2NmM1NDIxYzA3ZTExYTE4NTIwMDIyZmE5NDhmYTBhMTp7ImluY29tZV9pZCI6IjE2NjMiLCJ3b3JrZXJfaWQiOiI2IiwidXNlcl9pZCI6NiwiX3Nlc3Npb25fZXhwaXJ5IjowfQ==','2018-04-04 03:01:13.630846'),('2lxh6nhfo6rs4p6p0nmkyo2sqv477kq5','YjUzNjc0ZjYzZDJhMjM4ZmM1MWExY2Q1MmU4Y2U5ZTU3OTczOTE3NTp7InVzZXJfaWQiOjQsIl9zZXNzaW9uX2V4cGlyeSI6MH0=','2018-03-09 03:05:21.482489'),('2p0ud5k4krqzt5j7nwzacwemlc0w412j','MDA3MTZiNDYxNDcyMDlkNWI5NzI1NzFiYjBkZjJlMzgwNWM5YTVhMzp7ImluY29tZV9pZCI6IjQ1MyIsIndvcmtlcl9pZCI6IjEzIiwidXNlcl9pZCI6NiwiX3Nlc3Npb25fZXhwaXJ5IjowfQ==','2018-03-16 08:08:21.467818'),('2pbj413d558xrngl3ar50kyoxwdr98fs','YjUzNjc0ZjYzZDJhMjM4ZmM1MWExY2Q1MmU4Y2U5ZTU3OTczOTE3NTp7InVzZXJfaWQiOjQsIl9zZXNzaW9uX2V4cGlyeSI6MH0=','2018-03-30 11:17:40.641671'),('2r3fl34m4gkhg3khbg25iag9lf39afdh','YWFiZTFkNmVmY2IzZGZjYWU0YTRhNGRjOWNhNjZhNTEzMmI2NDA0Mzp7Il9zZXNzaW9uX2V4cGlyeSI6MH0=','2018-03-07 01:08:54.681411'),('2rdbqao3aitjv088bow7kmk95bcs8ymb','YjUzNjc0ZjYzZDJhMjM4ZmM1MWExY2Q1MmU4Y2U5ZTU3OTczOTE3NTp7InVzZXJfaWQiOjQsIl9zZXNzaW9uX2V4cGlyeSI6MH0=','2018-03-12 01:32:53.317992'),('2tt0dhhvyvjf3spu3bqpqsbh83s3jj3p','YWFiZTFkNmVmY2IzZGZjYWU0YTRhNGRjOWNhNjZhNTEzMmI2NDA0Mzp7Il9zZXNzaW9uX2V4cGlyeSI6MH0=','2018-03-17 13:26:03.621248'),('2uge2ov44pgf32rchfndes228q5h55pz','YjUzNjc0ZjYzZDJhMjM4ZmM1MWExY2Q1MmU4Y2U5ZTU3OTczOTE3NTp7InVzZXJfaWQiOjQsIl9zZXNzaW9uX2V4cGlyeSI6MH0=','2018-03-09 03:05:03.995386'),('2ya71pdqafohavtezrj1o0b7f8yrq3tj','YWFiZTFkNmVmY2IzZGZjYWU0YTRhNGRjOWNhNjZhNTEzMmI2NDA0Mzp7Il9zZXNzaW9uX2V4cGlyeSI6MH0=','2018-03-13 08:31:13.939492'),('31aipw4f9nvssr5okpzakzx53775j5ia','YWFiZTFkNmVmY2IzZGZjYWU0YTRhNGRjOWNhNjZhNTEzMmI2NDA0Mzp7Il9zZXNzaW9uX2V4cGlyeSI6MH0=','2018-03-20 22:46:41.901434'),('34wun15rizjo8rv7bw59mk2ft8w796ca','YjUzNjc0ZjYzZDJhMjM4ZmM1MWExY2Q1MmU4Y2U5ZTU3OTczOTE3NTp7InVzZXJfaWQiOjQsIl9zZXNzaW9uX2V4cGlyeSI6MH0=','2018-03-09 03:15:03.829905'),('3ake2tmvkiivvj3czvhj47vivvjvs02k','YWFiZTFkNmVmY2IzZGZjYWU0YTRhNGRjOWNhNjZhNTEzMmI2NDA0Mzp7Il9zZXNzaW9uX2V4cGlyeSI6MH0=','2018-03-26 10:36:57.618111'),('3iwdrf0krby7k9qxdc1ryj3d4n29rpui','YjBlNDg2MmNiMTA5MWJmYTE4NGFiZWQ0ZmNhNzdlNTIzMDRhMzg1Njp7ImluY29tZV9pZCI6IjE2NDYiLCJ3b3JrZXJfaWQiOiIxMyIsInVzZXJfaWQiOjYsIl9zZXNzaW9uX2V4cGlyeSI6MH0=','2018-04-03 13:44:58.609132'),('3ks8mydfeg6jz51pkdns2qqk86obl3aj','YWFiZTFkNmVmY2IzZGZjYWU0YTRhNGRjOWNhNjZhNTEzMmI2NDA0Mzp7Il9zZXNzaW9uX2V4cGlyeSI6MH0=','2018-03-24 13:59:34.763059'),('3pjy8jbwel29rjjzvsz3jcz7iknjp5bc','YWFiZTFkNmVmY2IzZGZjYWU0YTRhNGRjOWNhNjZhNTEzMmI2NDA0Mzp7Il9zZXNzaW9uX2V4cGlyeSI6MH0=','2018-04-02 03:11:09.496495'),('3xx94i4whwcdp6hgy212o47px2w49l8v','YWFiZTFkNmVmY2IzZGZjYWU0YTRhNGRjOWNhNjZhNTEzMmI2NDA0Mzp7Il9zZXNzaW9uX2V4cGlyeSI6MH0=','2018-04-08 01:56:53.952434'),('44f6kxl31w1kdpj5k2lv1q1pluopg2r2','YWFiZTFkNmVmY2IzZGZjYWU0YTRhNGRjOWNhNjZhNTEzMmI2NDA0Mzp7Il9zZXNzaW9uX2V4cGlyeSI6MH0=','2018-03-26 00:30:48.501026'),('4jobkaijnq50b8gpkt1ahdzkqwh7qk76','YjUzNjc0ZjYzZDJhMjM4ZmM1MWExY2Q1MmU4Y2U5ZTU3OTczOTE3NTp7InVzZXJfaWQiOjQsIl9zZXNzaW9uX2V4cGlyeSI6MH0=','2018-03-24 10:30:25.632729'),('4k1etliblmhta61jzepmt72nydk5or8y','YjUzNjc0ZjYzZDJhMjM4ZmM1MWExY2Q1MmU4Y2U5ZTU3OTczOTE3NTp7InVzZXJfaWQiOjQsIl9zZXNzaW9uX2V4cGlyeSI6MH0=','2018-03-13 12:58:54.244747'),('4m165n77typ3jgbq65dtedopz7w0ad27','YWFiZTFkNmVmY2IzZGZjYWU0YTRhNGRjOWNhNjZhNTEzMmI2NDA0Mzp7Il9zZXNzaW9uX2V4cGlyeSI6MH0=','2018-03-07 01:09:41.244165'),('4sjcqpesvn3a284i9h4h94aweg3e61cp','YjUzNjc0ZjYzZDJhMjM4ZmM1MWExY2Q1MmU4Y2U5ZTU3OTczOTE3NTp7InVzZXJfaWQiOjQsIl9zZXNzaW9uX2V4cGlyeSI6MH0=','2018-04-02 14:07:28.219060'),('4sr4u80eeb7fq1uqi4m3dpg8nh6grc4f','YWFiZTFkNmVmY2IzZGZjYWU0YTRhNGRjOWNhNjZhNTEzMmI2NDA0Mzp7Il9zZXNzaW9uX2V4cGlyeSI6MH0=','2018-04-04 12:12:58.269499'),('4um150yps2yn9fw6g3ehmokwzlirx2fu','YWFiZTFkNmVmY2IzZGZjYWU0YTRhNGRjOWNhNjZhNTEzMmI2NDA0Mzp7Il9zZXNzaW9uX2V4cGlyeSI6MH0=','2018-03-31 13:09:03.171713'),('5808ash505tzkrb92c2if076yecgjl78','YjUzNjc0ZjYzZDJhMjM4ZmM1MWExY2Q1MmU4Y2U5ZTU3OTczOTE3NTp7InVzZXJfaWQiOjQsIl9zZXNzaW9uX2V4cGlyeSI6MH0=','2018-04-05 06:07:51.322172'),('5elwuybl8ypdrhuao1zipn6gnrnyblnp','ODU4NTUyY2RiZWQ3MzZlMmEzNzExYWU1ZTk1OGI0NzlkNDFmZDYxNTp7InVzZXJfaWQiOjMsIl9zZXNzaW9uX2V4cGlyeSI6MH0=','2018-03-09 02:33:23.543632'),('5ooulg0cdy0kpyfod44neuhxac6vpfsh','YWFiZTFkNmVmY2IzZGZjYWU0YTRhNGRjOWNhNjZhNTEzMmI2NDA0Mzp7Il9zZXNzaW9uX2V4cGlyeSI6MH0=','2018-03-14 13:09:08.760877'),('5yzh4h3lq1n45cd3is6oxfljjqpl19h5','YzdhMmU3MGFjNzBmYjMxNDAwODkzM2EzMGJhMDIxNGYyMGNhYzJkZTp7ImluY29tZV9pZCI6Ijc4MSIsIndvcmtlcl9pZCI6IjEzIiwidXNlcl9pZCI6NiwiX3Nlc3Npb25fZXhwaXJ5IjowfQ==','2018-03-21 13:45:56.121180'),('6c0637nt3s7vg64gtqr30jd6qb6hgtv7','YWFiZTFkNmVmY2IzZGZjYWU0YTRhNGRjOWNhNjZhNTEzMmI2NDA0Mzp7Il9zZXNzaW9uX2V4cGlyeSI6MH0=','2018-04-04 23:03:24.687962'),('6d1qgahgqn1mjjy4r0nu7vt6bg92to8s','YWFiZTFkNmVmY2IzZGZjYWU0YTRhNGRjOWNhNjZhNTEzMmI2NDA0Mzp7Il9zZXNzaW9uX2V4cGlyeSI6MH0=','2018-03-31 03:34:33.210334'),('6ejvo3tt2fgwridwc841y0gvvgfppcwf','YjUzNjc0ZjYzZDJhMjM4ZmM1MWExY2Q1MmU4Y2U5ZTU3OTczOTE3NTp7InVzZXJfaWQiOjQsIl9zZXNzaW9uX2V4cGlyeSI6MH0=','2018-03-27 00:59:05.250323'),('6g6ld3yaob36b6376l52kh372m17qdkj','YWFiZTFkNmVmY2IzZGZjYWU0YTRhNGRjOWNhNjZhNTEzMmI2NDA0Mzp7Il9zZXNzaW9uX2V4cGlyeSI6MH0=','2018-03-11 02:32:06.925181'),('6gbb2s236iuiy90qa0grx7rtk4suaf2c','NWE3NThjNjA5YWFiODdmNDRjODIzZDFlNjc2ZDQ3ZGEwOTFmMTNiYTp7ImluY29tZV9pZCI6IjE0NDkiLCJ3b3JrZXJfaWQiOiIxMSIsInVzZXJfaWQiOjYsIl9zZXNzaW9uX2V4cGlyeSI6MH0=','2018-03-31 12:49:38.422695'),('6oazh9k40i1d1k81y7585enu5v58aexi','YjUzNjc0ZjYzZDJhMjM4ZmM1MWExY2Q1MmU4Y2U5ZTU3OTczOTE3NTp7InVzZXJfaWQiOjQsIl9zZXNzaW9uX2V4cGlyeSI6MH0=','2018-03-09 03:02:37.169315'),('6pvfjpx875gh4zlpfg41lqs5qq5dm27d','YjUzNjc0ZjYzZDJhMjM4ZmM1MWExY2Q1MmU4Y2U5ZTU3OTczOTE3NTp7InVzZXJfaWQiOjQsIl9zZXNzaW9uX2V4cGlyeSI6MH0=','2018-03-20 09:15:14.882530'),('6u155yydcbujvhc42qkmwiaprsjf4yin','YWFiZTFkNmVmY2IzZGZjYWU0YTRhNGRjOWNhNjZhNTEzMmI2NDA0Mzp7Il9zZXNzaW9uX2V4cGlyeSI6MH0=','2018-04-04 11:10:57.403856'),('76cw34v5pdbc8y52xnve3qvhacvz11q0','YjUzNjc0ZjYzZDJhMjM4ZmM1MWExY2Q1MmU4Y2U5ZTU3OTczOTE3NTp7InVzZXJfaWQiOjQsIl9zZXNzaW9uX2V4cGlyeSI6MH0=','2018-03-09 13:57:33.400622'),('7awovd29cg1d265bf78us1g1jwkdup9c','YjUzNjc0ZjYzZDJhMjM4ZmM1MWExY2Q1MmU4Y2U5ZTU3OTczOTE3NTp7InVzZXJfaWQiOjQsIl9zZXNzaW9uX2V4cGlyeSI6MH0=','2018-03-13 12:36:22.978994'),('7hfydru5vib82jaba25jivimph21684i','NDM1NzBlNmFhYjdlYTNjNmM1YzZkZjRjMDE5YTdmYTllYmU1YjRkMDp7InVzZXJfaWQiOjIsIl9zZXNzaW9uX2V4cGlyeSI6MH0=','2018-03-08 13:49:44.902663'),('7hnp8tl45ij9zsfa82bk8tgrmtk0k85d','YjUzNjc0ZjYzZDJhMjM4ZmM1MWExY2Q1MmU4Y2U5ZTU3OTczOTE3NTp7InVzZXJfaWQiOjQsIl9zZXNzaW9uX2V4cGlyeSI6MH0=','2018-03-24 08:14:42.215321'),('7o4u1gluq8b8n1vj1l1u1td81zzdhgts','YWFiZTFkNmVmY2IzZGZjYWU0YTRhNGRjOWNhNjZhNTEzMmI2NDA0Mzp7Il9zZXNzaW9uX2V4cGlyeSI6MH0=','2018-03-07 02:38:39.790709'),('7ozcskatlz51xxzwao7yr5axhshdunsv','YjUzNjc0ZjYzZDJhMjM4ZmM1MWExY2Q1MmU4Y2U5ZTU3OTczOTE3NTp7InVzZXJfaWQiOjQsIl9zZXNzaW9uX2V4cGlyeSI6MH0=','2018-03-12 00:48:54.003084'),('7py3mmw7udki1zv1o64z5ava29hnhhhf','YWFiZTFkNmVmY2IzZGZjYWU0YTRhNGRjOWNhNjZhNTEzMmI2NDA0Mzp7Il9zZXNzaW9uX2V4cGlyeSI6MH0=','2018-04-04 02:35:29.386880'),('7rl8joj88pb5hyvpeyc9pzoc39wiw8h2','MzcyYTNhOWQ4ZWQ4OTE2NDY1NzZkZjljNjNlZWNhNDM4MWRiNDUwYzp7InVzZXJfaWQiOjEsIl9zZXNzaW9uX2V4cGlyeSI6MH0=','2018-03-07 01:59:09.946672'),('7ryd98ivknbn4sbq4zn6hp53t2xps6va','YjUzNjc0ZjYzZDJhMjM4ZmM1MWExY2Q1MmU4Y2U5ZTU3OTczOTE3NTp7InVzZXJfaWQiOjQsIl9zZXNzaW9uX2V4cGlyeSI6MH0=','2018-03-15 06:03:35.932832'),('7z8a5fn1ym2fnm4dbku6iysavy1ev30u','MzcyYTNhOWQ4ZWQ4OTE2NDY1NzZkZjljNjNlZWNhNDM4MWRiNDUwYzp7InVzZXJfaWQiOjEsIl9zZXNzaW9uX2V4cGlyeSI6MH0=','2018-03-12 14:15:51.180536'),('7zvxwd027y8qrqat8s52akclehityk09','YWFiZTFkNmVmY2IzZGZjYWU0YTRhNGRjOWNhNjZhNTEzMmI2NDA0Mzp7Il9zZXNzaW9uX2V4cGlyeSI6MH0=','2018-03-22 00:21:36.591944'),('7zxb68ssv2znrtoyersut1hve9ikn8ek','YWFiZTFkNmVmY2IzZGZjYWU0YTRhNGRjOWNhNjZhNTEzMmI2NDA0Mzp7Il9zZXNzaW9uX2V4cGlyeSI6MH0=','2018-03-07 01:06:14.986696'),('80conp3g29oxssx16s25fqs0ro7izk6j','NDM1NzBlNmFhYjdlYTNjNmM1YzZkZjRjMDE5YTdmYTllYmU1YjRkMDp7InVzZXJfaWQiOjIsIl9zZXNzaW9uX2V4cGlyeSI6MH0=','2018-03-07 03:01:00.261767'),('8edz92zmxmeuifd91rg77m4qb40r3np7','YWFiZTFkNmVmY2IzZGZjYWU0YTRhNGRjOWNhNjZhNTEzMmI2NDA0Mzp7Il9zZXNzaW9uX2V4cGlyeSI6MH0=','2018-04-07 08:00:24.234325'),('8etparlnzaibnrlrsovgsitpvhdt654j','YjUzNjc0ZjYzZDJhMjM4ZmM1MWExY2Q1MmU4Y2U5ZTU3OTczOTE3NTp7InVzZXJfaWQiOjQsIl9zZXNzaW9uX2V4cGlyeSI6MH0=','2018-03-25 00:48:28.966210'),('8n94vcxs885wx2fovun3g4l12a4x7n2n','ZjYzMWVjNTkyNGIyYjIyOGE2YjAzZjNjYmI5ZDdhZDJjMGJmYTI0Mzp7ImluY29tZV9pZCI6IjEwOTQiLCJ3b3JrZXJfaWQiOiI2IiwiX3Nlc3Npb25fZXhwaXJ5IjowfQ==','2018-03-26 13:18:37.616161'),('8pt6pr6jwmfmhiwq5u5f1a3750ldd6a1','YmM2N2VhZTM5YzVmOTQ1MGIzMDExODAwZDE3ZWFhYmMzMDU2ODU3Njp7ImluY29tZV9pZCI6Ijk2Iiwid29ya2VyX2lkIjoiNyIsInVzZXJfaWQiOjYsIl9zZXNzaW9uX2V4cGlyeSI6MH0=','2018-03-11 02:17:03.506202'),('8y7bs8b2u8k6wbkgfe5zgi8k96rgh3pq','ZGU1OTA3YWM1NGM2MmJjMTNjYjFiMjE4YWVkMzFkMDk4OTFiY2VjYzp7ImluY29tZV9pZCI6IjczMSIsIndvcmtlcl9pZCI6IjExIiwidXNlcl9pZCI6NiwiX3Nlc3Npb25fZXhwaXJ5IjowfQ==','2018-03-20 12:49:08.373486'),('8yy61lg0c6ptk5dgt0jm5qehls74h6i1','MWE4NTQyZDEwZmE1ODFmZmZmNmFkZmNjYTQxMmQ2ZTkxZDQ1NmZmNzp7InVzZXJfaWQiOjYsIl9zZXNzaW9uX2V4cGlyeSI6MH0=','2018-03-12 01:10:12.128554'),('9094q0f8kmi8igilhk0m96yk3zhc44w6','YjUzNjc0ZjYzZDJhMjM4ZmM1MWExY2Q1MmU4Y2U5ZTU3OTczOTE3NTp7InVzZXJfaWQiOjQsIl9zZXNzaW9uX2V4cGlyeSI6MH0=','2018-04-06 02:45:09.756383'),('90yoa068hglfdff2hsppui6clifnqxv2','YWFiZTFkNmVmY2IzZGZjYWU0YTRhNGRjOWNhNjZhNTEzMmI2NDA0Mzp7Il9zZXNzaW9uX2V4cGlyeSI6MH0=','2018-03-22 11:44:48.282444'),('91eh7p1r5dfolss505pw1lijr0jk7jsu','YjUzNjc0ZjYzZDJhMjM4ZmM1MWExY2Q1MmU4Y2U5ZTU3OTczOTE3NTp7InVzZXJfaWQiOjQsIl9zZXNzaW9uX2V4cGlyeSI6MH0=','2018-04-01 10:00:16.712672'),('959vn7ncv3qj1kif8p5o1y39wkf8ekfq','NmJiMzQxMjBkM2E4ZTBhZjM2NDIxY2JmOGU1NDdmYzM3ZTY3NjgzZTp7ImluY29tZV9pZCI6IjE3NTEiLCJ3b3JrZXJfaWQiOiI2IiwidXNlcl9pZCI6NiwiX3Nlc3Npb25fZXhwaXJ5IjowfQ==','2018-04-06 01:01:29.391178'),('96kbi5lwumpqtlrvvgm887rw76qpsmp6','YWFiZTFkNmVmY2IzZGZjYWU0YTRhNGRjOWNhNjZhNTEzMmI2NDA0Mzp7Il9zZXNzaW9uX2V4cGlyeSI6MH0=','2018-04-06 05:12:31.762815'),('99hqwat5vo0l2p2e7qswq57tatd04zt2','YWFiZTFkNmVmY2IzZGZjYWU0YTRhNGRjOWNhNjZhNTEzMmI2NDA0Mzp7Il9zZXNzaW9uX2V4cGlyeSI6MH0=','2018-03-07 01:06:42.289225'),('9ayv451ln6w0ej7pffmqtorlyu1mrtb8','YjUzNjc0ZjYzZDJhMjM4ZmM1MWExY2Q1MmU4Y2U5ZTU3OTczOTE3NTp7InVzZXJfaWQiOjQsIl9zZXNzaW9uX2V4cGlyeSI6MH0=','2018-04-05 02:21:36.259979'),('9bytyugyrgospuggdzsqhbsc3hvbrtcn','MzcyYTNhOWQ4ZWQ4OTE2NDY1NzZkZjljNjNlZWNhNDM4MWRiNDUwYzp7InVzZXJfaWQiOjEsIl9zZXNzaW9uX2V4cGlyeSI6MH0=','2018-03-10 01:37:02.783044'),('9d16lmmhmyymawku6d9abeh60qhgz3a4','YjUzNjc0ZjYzZDJhMjM4ZmM1MWExY2Q1MmU4Y2U5ZTU3OTczOTE3NTp7InVzZXJfaWQiOjQsIl9zZXNzaW9uX2V4cGlyeSI6MH0=','2018-03-18 02:13:19.793057'),('9jieytoge3938l1ndex1iiacoq07r0uw','YWFiZTFkNmVmY2IzZGZjYWU0YTRhNGRjOWNhNjZhNTEzMmI2NDA0Mzp7Il9zZXNzaW9uX2V4cGlyeSI6MH0=','2018-04-01 11:59:35.044936'),('9k32p9rbimz45dijff759ayb9yhdcg3m','YWFiZTFkNmVmY2IzZGZjYWU0YTRhNGRjOWNhNjZhNTEzMmI2NDA0Mzp7Il9zZXNzaW9uX2V4cGlyeSI6MH0=','2018-03-23 13:25:46.922649'),('9kse05hy1q7zi0prtrqdlmjmfrqa1j7a','YWFiZTFkNmVmY2IzZGZjYWU0YTRhNGRjOWNhNjZhNTEzMmI2NDA0Mzp7Il9zZXNzaW9uX2V4cGlyeSI6MH0=','2018-04-04 11:10:28.696816'),('9sx59znyu4ajvlg0pvjw4yuatdsi211i','YWFiZTFkNmVmY2IzZGZjYWU0YTRhNGRjOWNhNjZhNTEzMmI2NDA0Mzp7Il9zZXNzaW9uX2V4cGlyeSI6MH0=','2018-03-13 13:34:58.888313'),('9ufu0r2b6f74tpwz5ebw3k25wijzxxoz','YWFiZTFkNmVmY2IzZGZjYWU0YTRhNGRjOWNhNjZhNTEzMmI2NDA0Mzp7Il9zZXNzaW9uX2V4cGlyeSI6MH0=','2018-03-24 00:09:46.867564'),('9xvz7q12jvjwbedp0fdpzsgh6q0z9uyf','YjUzNjc0ZjYzZDJhMjM4ZmM1MWExY2Q1MmU4Y2U5ZTU3OTczOTE3NTp7InVzZXJfaWQiOjQsIl9zZXNzaW9uX2V4cGlyeSI6MH0=','2018-03-21 12:03:33.398550'),('a238q5qhd7j26yow37y2jkatmd2s0e57','YjUzNjc0ZjYzZDJhMjM4ZmM1MWExY2Q1MmU4Y2U5ZTU3OTczOTE3NTp7InVzZXJfaWQiOjQsIl9zZXNzaW9uX2V4cGlyeSI6MH0=','2018-03-31 02:37:17.492958'),('a7dgfge6sjoqnkt2r44223yjrxdwm5sc','YWFiZTFkNmVmY2IzZGZjYWU0YTRhNGRjOWNhNjZhNTEzMmI2NDA0Mzp7Il9zZXNzaW9uX2V4cGlyeSI6MH0=','2018-03-16 01:02:21.609701'),('a9fjeqfhkvnvdctmklt7e3xig8jm4iji','YWFiZTFkNmVmY2IzZGZjYWU0YTRhNGRjOWNhNjZhNTEzMmI2NDA0Mzp7Il9zZXNzaW9uX2V4cGlyeSI6MH0=','2018-03-18 02:13:32.771630'),('aacxvlvrvcxa8ziakfumlc4hht3mjllh','YWFiZTFkNmVmY2IzZGZjYWU0YTRhNGRjOWNhNjZhNTEzMmI2NDA0Mzp7Il9zZXNzaW9uX2V4cGlyeSI6MH0=','2018-04-04 11:09:58.240055'),('akpz7xx1jmbu0qy67dlq4vtfqem7b2wr','ODU4NTUyY2RiZWQ3MzZlMmEzNzExYWU1ZTk1OGI0NzlkNDFmZDYxNTp7InVzZXJfaWQiOjMsIl9zZXNzaW9uX2V4cGlyeSI6MH0=','2018-03-14 01:25:52.707338'),('aoo2q73508kikc3tou3n5xy14f7cucph','YWFiZTFkNmVmY2IzZGZjYWU0YTRhNGRjOWNhNjZhNTEzMmI2NDA0Mzp7Il9zZXNzaW9uX2V4cGlyeSI6MH0=','2018-04-02 11:11:30.188453'),('atbr81gyj03hahp4qtnw62wt0qy05sor','NjdiN2FiY2ZmNTNlYjRmMjZjYWMyOTk3YzhlM2VhYmNiMDFiOWIzMDp7ImluY29tZV9pZCI6IjQyNCIsIndvcmtlcl9pZCI6IjYiLCJ1c2VyX2lkIjo2LCJfc2Vzc2lvbl9leHBpcnkiOjB9','2018-03-15 13:11:28.097985'),('au4c44j9p2dgieprtdbtnkehbsp6g646','OGQ1MGI2NGVmOWVhMmNjNDg5M2U4N2M1MjY0MDllOGVjOWM3YzhkZjp7ImluY29tZV9pZCI6IjU1MiIsIndvcmtlcl9pZCI6IjEzIiwidXNlcl9pZCI6NiwiX3Nlc3Npb25fZXhwaXJ5IjowfQ==','2018-03-17 13:05:09.901654'),('aukewaajokws1t4kfid1h42wn4zngzu8','YjUzNjc0ZjYzZDJhMjM4ZmM1MWExY2Q1MmU4Y2U5ZTU3OTczOTE3NTp7InVzZXJfaWQiOjQsIl9zZXNzaW9uX2V4cGlyeSI6MH0=','2018-04-02 06:08:23.956334'),('ayqovt9sqq2nsxthur0e5t1utbugd53k','ZGU2M2VmY2M5ODgzY2UzN2RmZTYzYWUwZjJmMWVlZTZlNThkNGQ2Yjp7ImluY29tZV9pZCI6IjE4MjgiLCJ3b3JrZXJfaWQiOiIxMSIsInVzZXJfaWQiOjYsIl9zZXNzaW9uX2V4cGlyeSI6MH0=','2018-04-07 05:00:14.333220'),('b1sxoeh8jy9pq1bobvi5rk08pfaxtdg8','YWFiZTFkNmVmY2IzZGZjYWU0YTRhNGRjOWNhNjZhNTEzMmI2NDA0Mzp7Il9zZXNzaW9uX2V4cGlyeSI6MH0=','2018-03-29 00:10:45.694343'),('b2qi0fz2svlmqn73bqndl6jpn7vwondj','MzcyYTNhOWQ4ZWQ4OTE2NDY1NzZkZjljNjNlZWNhNDM4MWRiNDUwYzp7InVzZXJfaWQiOjEsIl9zZXNzaW9uX2V4cGlyeSI6MH0=','2018-04-07 05:05:13.398837'),('b6sd4s0uhp1zg5hsts30w3ccu5sr1g0c','YWFiZTFkNmVmY2IzZGZjYWU0YTRhNGRjOWNhNjZhNTEzMmI2NDA0Mzp7Il9zZXNzaW9uX2V4cGlyeSI6MH0=','2018-03-09 03:56:47.860580'),('b83p7vuedgdkylafm2a86egxerphb5h6','YjUzNjc0ZjYzZDJhMjM4ZmM1MWExY2Q1MmU4Y2U5ZTU3OTczOTE3NTp7InVzZXJfaWQiOjQsIl9zZXNzaW9uX2V4cGlyeSI6MH0=','2018-03-31 03:04:07.039100'),('bccpjij7sx9x1w8bnga4xzry0nrnserk','YWFiZTFkNmVmY2IzZGZjYWU0YTRhNGRjOWNhNjZhNTEzMmI2NDA0Mzp7Il9zZXNzaW9uX2V4cGlyeSI6MH0=','2018-03-17 00:53:57.968115'),('bleahd5pd1dedyou75acqcu81lf16jw9','YWFiZTFkNmVmY2IzZGZjYWU0YTRhNGRjOWNhNjZhNTEzMmI2NDA0Mzp7Il9zZXNzaW9uX2V4cGlyeSI6MH0=','2018-04-05 13:09:12.709330'),('btfz86t6ujlqrqb95kos1j19d4bzu3no','YWFiZTFkNmVmY2IzZGZjYWU0YTRhNGRjOWNhNjZhNTEzMmI2NDA0Mzp7Il9zZXNzaW9uX2V4cGlyeSI6MH0=','2018-03-28 13:24:02.508249'),('c6pj3476wk1s14p8i8bo1sq69e8hyhmm','YjUzNjc0ZjYzZDJhMjM4ZmM1MWExY2Q1MmU4Y2U5ZTU3OTczOTE3NTp7InVzZXJfaWQiOjQsIl9zZXNzaW9uX2V4cGlyeSI6MH0=','2018-03-26 06:26:59.028577'),('c79s1s5w2vc9pkfyotoowmwfxrtinyca','YjUzNjc0ZjYzZDJhMjM4ZmM1MWExY2Q1MmU4Y2U5ZTU3OTczOTE3NTp7InVzZXJfaWQiOjQsIl9zZXNzaW9uX2V4cGlyeSI6MH0=','2018-03-09 03:10:41.740938'),('c7ondnawfmbxl5qmjdwpx5hg38jian7t','YjUzNjc0ZjYzZDJhMjM4ZmM1MWExY2Q1MmU4Y2U5ZTU3OTczOTE3NTp7InVzZXJfaWQiOjQsIl9zZXNzaW9uX2V4cGlyeSI6MH0=','2018-04-02 03:31:14.786816'),('caw0htqrv6cjweivxvzxls0t3q548dpq','YWFiZTFkNmVmY2IzZGZjYWU0YTRhNGRjOWNhNjZhNTEzMmI2NDA0Mzp7Il9zZXNzaW9uX2V4cGlyeSI6MH0=','2018-03-25 01:46:35.773632'),('cbfcpulkmua5xxioag4a8n5wisll5qeq','YjUzNjc0ZjYzZDJhMjM4ZmM1MWExY2Q1MmU4Y2U5ZTU3OTczOTE3NTp7InVzZXJfaWQiOjQsIl9zZXNzaW9uX2V4cGlyeSI6MH0=','2018-04-01 01:04:14.078190'),('cdg7xwetsyb4pu2ysn2y1oyawry6tq2o','YjUzNjc0ZjYzZDJhMjM4ZmM1MWExY2Q1MmU4Y2U5ZTU3OTczOTE3NTp7InVzZXJfaWQiOjQsIl9zZXNzaW9uX2V4cGlyeSI6MH0=','2018-03-13 08:25:14.408274'),('cgznvj1frd55rrqzpmw1b14yoh24rkr2','YWFiZTFkNmVmY2IzZGZjYWU0YTRhNGRjOWNhNjZhNTEzMmI2NDA0Mzp7Il9zZXNzaW9uX2V4cGlyeSI6MH0=','2018-03-09 14:19:32.814469'),('ch5khyb7vduv6vfaybfx8rup3xwgiab6','MzcyYTNhOWQ4ZWQ4OTE2NDY1NzZkZjljNjNlZWNhNDM4MWRiNDUwYzp7InVzZXJfaWQiOjEsIl9zZXNzaW9uX2V4cGlyeSI6MH0=','2018-03-13 07:01:25.599921'),('clayk9vz1hl2obdy500g0a4pmsaycf5n','YjUzNjc0ZjYzZDJhMjM4ZmM1MWExY2Q1MmU4Y2U5ZTU3OTczOTE3NTp7InVzZXJfaWQiOjQsIl9zZXNzaW9uX2V4cGlyeSI6MH0=','2018-04-05 08:05:55.317021'),('cnrdx202bhy6ta34dkp6lwh5lgsgk6yg','YWFiZTFkNmVmY2IzZGZjYWU0YTRhNGRjOWNhNjZhNTEzMmI2NDA0Mzp7Il9zZXNzaW9uX2V4cGlyeSI6MH0=','2018-03-20 01:07:40.874458'),('co2hph9uz96zkigoznkllp4sx67lzsv0','YjUzNjc0ZjYzZDJhMjM4ZmM1MWExY2Q1MmU4Y2U5ZTU3OTczOTE3NTp7InVzZXJfaWQiOjQsIl9zZXNzaW9uX2V4cGlyeSI6MH0=','2018-03-09 05:39:21.901185'),('csajy2ctohpdkela9ayc8dhoy5ksnrvs','YWFiZTFkNmVmY2IzZGZjYWU0YTRhNGRjOWNhNjZhNTEzMmI2NDA0Mzp7Il9zZXNzaW9uX2V4cGlyeSI6MH0=','2018-03-26 05:10:23.307860'),('cwks60l6760sg8gnjtv07w5xzg87vqcm','YjUzNjc0ZjYzZDJhMjM4ZmM1MWExY2Q1MmU4Y2U5ZTU3OTczOTE3NTp7InVzZXJfaWQiOjQsIl9zZXNzaW9uX2V4cGlyeSI6MH0=','2018-03-13 14:28:43.690077'),('cy3347bmaxxldqttv8bsdo60e6qzdj1b','YjUzNjc0ZjYzZDJhMjM4ZmM1MWExY2Q1MmU4Y2U5ZTU3OTczOTE3NTp7InVzZXJfaWQiOjQsIl9zZXNzaW9uX2V4cGlyeSI6MH0=','2018-03-29 07:32:15.081218'),('czpm0ifauhu1trrr7o9jir2z66jc2tb8','YWFiZTFkNmVmY2IzZGZjYWU0YTRhNGRjOWNhNjZhNTEzMmI2NDA0Mzp7Il9zZXNzaW9uX2V4cGlyeSI6MH0=','2018-03-12 13:27:11.333929'),('d1bovwbdijp20pn4bu3mlemlig9bfzt3','YWFiZTFkNmVmY2IzZGZjYWU0YTRhNGRjOWNhNjZhNTEzMmI2NDA0Mzp7Il9zZXNzaW9uX2V4cGlyeSI6MH0=','2018-03-07 02:59:42.176921'),('d2hlb7xb0biutjfvnrvasjh555zxd2wz','Y2JhNzQ3YTY4MjhhMGU1Mzg5MzkyNjE0ZjkxZmJmMWNkZDRkMWQ2Yzp7ImluY29tZV9pZCI6IjE5MTYiLCJ3b3JrZXJfaWQiOiIxMiIsInVzZXJfaWQiOjYsIl9zZXNzaW9uX2V4cGlyeSI6MH0=','2018-04-08 01:47:54.404013'),('d7c3e84drxawylzhv9ucimppni4prtr3','YWFiZTFkNmVmY2IzZGZjYWU0YTRhNGRjOWNhNjZhNTEzMmI2NDA0Mzp7Il9zZXNzaW9uX2V4cGlyeSI6MH0=','2018-03-12 00:50:39.949851'),('dg8c3toglr3borzodxowb05ru0r73277','YWFiZTFkNmVmY2IzZGZjYWU0YTRhNGRjOWNhNjZhNTEzMmI2NDA0Mzp7Il9zZXNzaW9uX2V4cGlyeSI6MH0=','2018-03-22 12:56:25.494713'),('dgmoqbsfi5qsgmw3app07edgkgm4myzl','ODgyMjgwYjQyYmZhZGE1MzMwYzQ1ZjQ5NzY3MmIzYzAxOTQxMDVjMjp7Indvcmtlcl9pZCI6IjEyIiwidXNlcl9pZCI6MiwiX3Nlc3Npb25fZXhwaXJ5IjowfQ==','2018-03-19 09:07:16.837027'),('dm2jh3p4bhod9gqk5ha908eowotdlus9','MTBlMjEyMTc2ZTJkNzZlNmNlMjY0ZjFiNzc2MTE4NDc0MDU1YTBjMDp7ImluY29tZV9pZCI6IjE4NTAiLCJ3b3JrZXJfaWQiOiIxNCIsInVzZXJfaWQiOjYsIl9zZXNzaW9uX2V4cGlyeSI6MH0=','2018-04-07 07:55:26.065418'),('ds71wdkevwzhe77fwhu90mr0twbxtppj','YWFiZTFkNmVmY2IzZGZjYWU0YTRhNGRjOWNhNjZhNTEzMmI2NDA0Mzp7Il9zZXNzaW9uX2V4cGlyeSI6MH0=','2018-04-07 05:01:42.026258'),('dvn3cc8k18dtwm0m2v4kwxnaziob9ejj','OTNmODQyYTVlNGQ1YTIxN2JiM2VhNzgyMTliNDVkNzljNmU1MDllYzp7ImluY29tZV9pZCI6IjEzNjYiLCJ3b3JrZXJfaWQiOiI2IiwidXNlcl9pZCI6NiwiX3Nlc3Npb25fZXhwaXJ5IjowfQ==','2018-03-30 13:48:30.794159'),('e56k1rft4dl0y50hkphoup1qjhg5z3l7','YjUzNjc0ZjYzZDJhMjM4ZmM1MWExY2Q1MmU4Y2U5ZTU3OTczOTE3NTp7InVzZXJfaWQiOjQsIl9zZXNzaW9uX2V4cGlyeSI6MH0=','2018-03-22 05:35:55.550011'),('e6tbgdnt23k6673ro1jirgca4mw7ww5u','YWFiZTFkNmVmY2IzZGZjYWU0YTRhNGRjOWNhNjZhNTEzMmI2NDA0Mzp7Il9zZXNzaW9uX2V4cGlyeSI6MH0=','2018-03-17 00:38:27.661746'),('e79g9ljric43rpea9qbz4e2kz1th9bw5','MmM1ZWY1MGEwYWEzMmYyNTYzN2RkYjE0NjM2MDI5OTY2Y2M2YTQ0ZDp7ImluY29tZV9pZCI6IjEyOTIiLCJ3b3JrZXJfaWQiOiIxMyIsInVzZXJfaWQiOjYsIl9zZXNzaW9uX2V4cGlyeSI6MH0=','2018-03-29 13:54:09.461704'),('eafvrn2yhrq4e80j8nzf2hsolhyoj7sk','NGUxMTE2NTc4M2ZkMWY5NzU4NjE3ZjlkZGM4Zjg0YTg2YmFjMjk2Yjp7ImluY29tZV9pZCI6IjUwOCIsIndvcmtlcl9pZCI6IjEyIiwidXNlcl9pZCI6NiwiX3Nlc3Npb25fZXhwaXJ5IjowfQ==','2018-03-17 06:26:37.614371'),('eaihcpu7if40gbwd9qm6lc0z72afzuzq','YWFiZTFkNmVmY2IzZGZjYWU0YTRhNGRjOWNhNjZhNTEzMmI2NDA0Mzp7Il9zZXNzaW9uX2V4cGlyeSI6MH0=','2018-03-09 02:24:26.424295'),('ebec9j47b3wpxlfsjj7wfylcwzbsf5c1','YWFiZTFkNmVmY2IzZGZjYWU0YTRhNGRjOWNhNjZhNTEzMmI2NDA0Mzp7Il9zZXNzaW9uX2V4cGlyeSI6MH0=','2018-03-12 01:14:10.450855'),('enx3jytub39ods0mio3q1dgtsb8kyo68','YjUzNjc0ZjYzZDJhMjM4ZmM1MWExY2Q1MmU4Y2U5ZTU3OTczOTE3NTp7InVzZXJfaWQiOjQsIl9zZXNzaW9uX2V4cGlyeSI6MH0=','2018-03-25 13:26:40.687165'),('eoj1nx6fznhbin7fogybq3npfk2pjq5n','NDM1NzBlNmFhYjdlYTNjNmM1YzZkZjRjMDE5YTdmYTllYmU1YjRkMDp7InVzZXJfaWQiOjIsIl9zZXNzaW9uX2V4cGlyeSI6MH0=','2018-03-26 23:58:29.358924'),('ep7zfx24uapbdgoxpas7inquib5pgcm8','ODU4NTUyY2RiZWQ3MzZlMmEzNzExYWU1ZTk1OGI0NzlkNDFmZDYxNTp7InVzZXJfaWQiOjMsIl9zZXNzaW9uX2V4cGlyeSI6MH0=','2018-03-09 13:18:08.031353'),('ewx5lt88thqm7x0d7ccr7narb9i5ujw0','YWFiZTFkNmVmY2IzZGZjYWU0YTRhNGRjOWNhNjZhNTEzMmI2NDA0Mzp7Il9zZXNzaW9uX2V4cGlyeSI6MH0=','2018-03-21 13:28:33.146654'),('f2d3zxt7zd900a56njm1lzeh6qtzr7n8','YWFiZTFkNmVmY2IzZGZjYWU0YTRhNGRjOWNhNjZhNTEzMmI2NDA0Mzp7Il9zZXNzaW9uX2V4cGlyeSI6MH0=','2018-04-04 13:26:55.648751'),('f2mrxd5s0udemfxqakmp1pb6wc18ai5o','YWFiZTFkNmVmY2IzZGZjYWU0YTRhNGRjOWNhNjZhNTEzMmI2NDA0Mzp7Il9zZXNzaW9uX2V4cGlyeSI6MH0=','2018-03-17 00:40:58.760466'),('f3bjktykel71mbod6g5j28aij4obt60w','YzFmYWU1NDVjMWNmZWNmOTQyYWVjNzk1NDQ2MmVlMmY1M2U2YjMyZTp7ImluY29tZV9pZCI6IjE2ODciLCJ3b3JrZXJfaWQiOiIxMSIsInVzZXJfaWQiOjYsIl9zZXNzaW9uX2V4cGlyeSI6MH0=','2018-04-04 06:57:42.680171'),('fiz4dapj0sb89jgeqy5dc4b752e4iv23','YWFiZTFkNmVmY2IzZGZjYWU0YTRhNGRjOWNhNjZhNTEzMmI2NDA0Mzp7Il9zZXNzaW9uX2V4cGlyeSI6MH0=','2018-03-07 01:06:39.247875'),('fke721w7gwvpk5mpc8mnpkswf47gmiir','MzcyYTNhOWQ4ZWQ4OTE2NDY1NzZkZjljNjNlZWNhNDM4MWRiNDUwYzp7InVzZXJfaWQiOjEsIl9zZXNzaW9uX2V4cGlyeSI6MH0=','2018-03-30 00:47:13.614055'),('fo0leoyg2pocl63w4svb08dvkhonssmy','YjUzNjc0ZjYzZDJhMjM4ZmM1MWExY2Q1MmU4Y2U5ZTU3OTczOTE3NTp7InVzZXJfaWQiOjQsIl9zZXNzaW9uX2V4cGlyeSI6MH0=','2018-03-22 07:28:33.756023'),('g0rc781d49k6kycpbaovhikfny9kc8hs','NWU3ZTlkMzhlOTkwZjkwNDMyODM0Njc2MzU1OGNhMjYyZWJjZDhkYTp7ImluY29tZV9pZCI6IjM3Iiwid29ya2VyX2lkIjoiNyIsInVzZXJfaWQiOjYsIl9zZXNzaW9uX2V4cGlyeSI6MH0=','2018-03-11 01:50:31.373089'),('g2rhiugcffw9tdh68reu804q2vxva8uw','YjUzNjc0ZjYzZDJhMjM4ZmM1MWExY2Q1MmU4Y2U5ZTU3OTczOTE3NTp7InVzZXJfaWQiOjQsIl9zZXNzaW9uX2V4cGlyeSI6MH0=','2018-03-11 01:03:13.869061'),('g7e15gqb6ni8xqc8k4t5i4mcrqcv6k7x','YzkyZDQ1MjNiOTVhYWUzOTQyYmY5YTI0MjVjODNmNGVjZmVjZGI1Mzp7ImluY29tZV9pZCI6IjE5MTQiLCJ3b3JrZXJfaWQiOiIxNCIsInVzZXJfaWQiOjYsIl9zZXNzaW9uX2V4cGlyeSI6MH0=','2018-04-08 01:55:57.223509'),('grff5xhyz3byb33a1vddowl355r5j9tn','YWFiZTFkNmVmY2IzZGZjYWU0YTRhNGRjOWNhNjZhNTEzMmI2NDA0Mzp7Il9zZXNzaW9uX2V4cGlyeSI6MH0=','2018-03-27 22:59:02.771214'),('gt66b5aufh0i7rwgpuaz5k6i2n9mvvcr','YWFiZTFkNmVmY2IzZGZjYWU0YTRhNGRjOWNhNjZhNTEzMmI2NDA0Mzp7Il9zZXNzaW9uX2V4cGlyeSI6MH0=','2018-04-06 23:45:37.647585'),('gw9fl5oszyqvtbtvkwh0e4bs9k7gr0fu','YWFiZTFkNmVmY2IzZGZjYWU0YTRhNGRjOWNhNjZhNTEzMmI2NDA0Mzp7Il9zZXNzaW9uX2V4cGlyeSI6MH0=','2018-03-25 00:59:44.475684'),('gwt1pl90bqd7avogxnzg2qx2uvymky0j','YjUzNjc0ZjYzZDJhMjM4ZmM1MWExY2Q1MmU4Y2U5ZTU3OTczOTE3NTp7InVzZXJfaWQiOjQsIl9zZXNzaW9uX2V4cGlyeSI6MH0=','2018-03-13 08:25:34.427496'),('h3lpn5rvlai544e8lhphd78wn9pz0atc','YWFiZTFkNmVmY2IzZGZjYWU0YTRhNGRjOWNhNjZhNTEzMmI2NDA0Mzp7Il9zZXNzaW9uX2V4cGlyeSI6MH0=','2018-03-27 13:08:11.446110'),('h66z4oxvrjy7tps8nc4bdoz3a3n72y2x','YjMxZDk2Y2Q2NTMwNzc4NTE2Mzc1ZWE0NDIwYTU5ODM2Y2IyNzhkOTp7ImluY29tZV9pZCI6IjMzOCIsIndvcmtlcl9pZCI6IjYiLCJ1c2VyX2lkIjo2LCJfc2Vzc2lvbl9leHBpcnkiOjB9','2018-03-15 01:28:27.298191'),('heuofvs2xgnrwig8s0ef9sft8u9n9gv5','MzcyYTNhOWQ4ZWQ4OTE2NDY1NzZkZjljNjNlZWNhNDM4MWRiNDUwYzp7InVzZXJfaWQiOjEsIl9zZXNzaW9uX2V4cGlyeSI6MH0=','2018-03-15 14:13:04.574364'),('hez4h9331m9dkqmjjdc5h1gezy6up9j6','NDM1NzBlNmFhYjdlYTNjNmM1YzZkZjRjMDE5YTdmYTllYmU1YjRkMDp7InVzZXJfaWQiOjIsIl9zZXNzaW9uX2V4cGlyeSI6MH0=','2018-03-07 02:02:23.000075'),('hgzitqifro5o7orh18wxc2nwer3yg5tn','NzQ4NTU4NDIwYzNkNDI0MDBhNDEwNTMwZTc0ZDU5NmJhZDEwM2M3ODp7ImluY29tZV9pZCI6IjE1NTYiLCJ3b3JrZXJfaWQiOiIxMyIsInVzZXJfaWQiOjYsIl9zZXNzaW9uX2V4cGlyeSI6MH0=','2018-04-01 13:30:45.386477'),('hhyu96d2ac276lwh2rwu0vak28wfw0bo','MzcyYTNhOWQ4ZWQ4OTE2NDY1NzZkZjljNjNlZWNhNDM4MWRiNDUwYzp7InVzZXJfaWQiOjEsIl9zZXNzaW9uX2V4cGlyeSI6MH0=','2018-03-27 05:16:45.138578'),('hlwa1rdxtp1c060lfhi0oi92qt15a0ac','OThkMTg0Mjg1YzIyZjMyODUyNDMxNWQwOTI3YTk5NDMwOTdmZGNlMTp7ImluY29tZV9pZCI6Ijg0MCIsIndvcmtlcl9pZCI6IjEzIiwidXNlcl9pZCI6NiwiX3Nlc3Npb25fZXhwaXJ5IjowfQ==','2018-03-22 12:28:25.186131'),('hohl78ozgnt26se6c76tgwltxfx28zyh','YWFiZTFkNmVmY2IzZGZjYWU0YTRhNGRjOWNhNjZhNTEzMmI2NDA0Mzp7Il9zZXNzaW9uX2V4cGlyeSI6MH0=','2018-04-07 13:51:22.969991'),('hukoxgqsd2ejzs7khqc6mejep9zl7tbs','YWFiZTFkNmVmY2IzZGZjYWU0YTRhNGRjOWNhNjZhNTEzMmI2NDA0Mzp7Il9zZXNzaW9uX2V4cGlyeSI6MH0=','2018-03-18 04:55:54.544076'),('hw8s1chxf5ikxc2yua01h2dmgzcbx0u2','YjUzNjc0ZjYzZDJhMjM4ZmM1MWExY2Q1MmU4Y2U5ZTU3OTczOTE3NTp7InVzZXJfaWQiOjQsIl9zZXNzaW9uX2V4cGlyeSI6MH0=','2018-03-09 03:52:29.897522'),('hxxnztldn8320okcm876cda5iu1mq3ow','YjUzNjc0ZjYzZDJhMjM4ZmM1MWExY2Q1MmU4Y2U5ZTU3OTczOTE3NTp7InVzZXJfaWQiOjQsIl9zZXNzaW9uX2V4cGlyeSI6MH0=','2018-03-10 03:49:53.925063'),('hzsdnph42kb7p6pb3fxfewuq9987a640','NjJlZGM5YWIyZGJiYTA1MTU1MTNhZTg3NzdlZWRiNjhkMjVhNGVjZjp7ImluY29tZV9pZCI6IjE3NDgiLCJ3b3JrZXJfaWQiOiIxMyIsInVzZXJfaWQiOjYsIl9zZXNzaW9uX2V4cGlyeSI6MH0=','2018-04-05 13:36:13.388596'),('i0n8ysr8b3yclpnhvy64um6i11r0g9zy','YWFiZTFkNmVmY2IzZGZjYWU0YTRhNGRjOWNhNjZhNTEzMmI2NDA0Mzp7Il9zZXNzaW9uX2V4cGlyeSI6MH0=','2018-03-12 01:05:39.498905'),('i2mhok1b69pqfp70mgb3wzgwxlbtqhiq','YWFiZTFkNmVmY2IzZGZjYWU0YTRhNGRjOWNhNjZhNTEzMmI2NDA0Mzp7Il9zZXNzaW9uX2V4cGlyeSI6MH0=','2018-03-12 01:04:20.912072'),('i79xfbhuym56zajghn69o4csu71qqm91','NGU2ZmNkZWUzMDVhYmVhMmM3YTQ4NDExMjE0YjI1M2M2MDZhN2M5MDp7ImluY29tZV9pZCI6Ijk5NiIsIndvcmtlcl9pZCI6IjEzIiwidXNlcl9pZCI6NiwiX3Nlc3Npb25fZXhwaXJ5IjowfQ==','2018-03-24 13:01:15.047301'),('ii1zu7zb9jc0inmnfs2l7ny8lgk6oc3s','OWYwNjc5YTFlZTgxYWM3NzE2YTI1ZmVlOTdiYzAzMzg5NGE5MjkzMzp7Indvcmtlcl9pZCI6IjciLCJ1c2VyX2lkIjoxLCJfc2Vzc2lvbl9leHBpcnkiOjB9','2018-03-22 01:36:41.565922'),('iipwxanml08otbwlz4xcdzseaib7byxu','YWFiZTFkNmVmY2IzZGZjYWU0YTRhNGRjOWNhNjZhNTEzMmI2NDA0Mzp7Il9zZXNzaW9uX2V4cGlyeSI6MH0=','2018-03-20 05:15:49.676809'),('ilexq2xpghk85i6vc29aa1g85dtfdi30','YjUzNjc0ZjYzZDJhMjM4ZmM1MWExY2Q1MmU4Y2U5ZTU3OTczOTE3NTp7InVzZXJfaWQiOjQsIl9zZXNzaW9uX2V4cGlyeSI6MH0=','2018-03-09 03:36:09.919415'),('irbuhidiepbao1ktawkqe65qnp57zsxk','YjUzNjc0ZjYzZDJhMjM4ZmM1MWExY2Q1MmU4Y2U5ZTU3OTczOTE3NTp7InVzZXJfaWQiOjQsIl9zZXNzaW9uX2V4cGlyeSI6MH0=','2018-03-27 10:23:58.167175'),('isu4ttuvklwdaubrz8ww9qmx222jbdle','NDcyMjNmYmQzMDdlZjc5YjY5ZjNiYTdlN2ZmZThjOTAzYTZlNGUyMjp7ImluY29tZV9pZCI6IjE3MTAiLCJ3b3JrZXJfaWQiOiIxMiIsInVzZXJfaWQiOjYsIl9zZXNzaW9uX2V4cGlyeSI6MH0=','2018-04-04 13:32:52.774693'),('itt2jr71lqoilc73q9p1z14trc8jbfqt','YjUzNjc0ZjYzZDJhMjM4ZmM1MWExY2Q1MmU4Y2U5ZTU3OTczOTE3NTp7InVzZXJfaWQiOjQsIl9zZXNzaW9uX2V4cGlyeSI6MH0=','2018-03-17 15:41:17.269879'),('j324yeb5ip04qrii73f7livvf5fuizoi','ZGMyYWNhMjJhZTIxYmQ0NTRlODg1OGMxODVkMTkyZmViNjc3M2E1OTp7ImluY29tZV9pZCI6IjExOTUiLCJ3b3JrZXJfaWQiOiIxNCIsInVzZXJfaWQiOjYsIl9zZXNzaW9uX2V4cGlyeSI6MH0=','2018-03-27 13:32:40.780877'),('jbvk813d83b8fc8llb8df989ambeg0yg','YjUzNjc0ZjYzZDJhMjM4ZmM1MWExY2Q1MmU4Y2U5ZTU3OTczOTE3NTp7InVzZXJfaWQiOjQsIl9zZXNzaW9uX2V4cGlyeSI6MH0=','2018-04-07 00:56:46.508538'),('je5hn68zq7l4wb6umlb1z9dz42ezmec5','YjUzNjc0ZjYzZDJhMjM4ZmM1MWExY2Q1MmU4Y2U5ZTU3OTczOTE3NTp7InVzZXJfaWQiOjQsIl9zZXNzaW9uX2V4cGlyeSI6MH0=','2018-04-06 04:06:46.922254'),('jhpq7xao2b9s4ws04eynpafq5a1kqmun','YjUzNjc0ZjYzZDJhMjM4ZmM1MWExY2Q1MmU4Y2U5ZTU3OTczOTE3NTp7InVzZXJfaWQiOjQsIl9zZXNzaW9uX2V4cGlyeSI6MH0=','2018-03-20 00:53:29.281691'),('jj1vrkppwjvwlsxperlaivdvcaqd64gq','YWFiZTFkNmVmY2IzZGZjYWU0YTRhNGRjOWNhNjZhNTEzMmI2NDA0Mzp7Il9zZXNzaW9uX2V4cGlyeSI6MH0=','2018-03-09 03:39:29.371787'),('jmddlwjivy9m6u3thlnrjasxytq5z8x7','YjUzNjc0ZjYzZDJhMjM4ZmM1MWExY2Q1MmU4Y2U5ZTU3OTczOTE3NTp7InVzZXJfaWQiOjQsIl9zZXNzaW9uX2V4cGlyeSI6MH0=','2018-04-04 11:07:28.096956'),('jnvqfqxy36yrq3g0n75ke3frza22t1lf','YjUzNjc0ZjYzZDJhMjM4ZmM1MWExY2Q1MmU4Y2U5ZTU3OTczOTE3NTp7InVzZXJfaWQiOjQsIl9zZXNzaW9uX2V4cGlyeSI6MH0=','2018-03-18 02:31:45.126715'),('joltz9h8nfry4t3c7mg89a5awettvqkz','YWFiZTFkNmVmY2IzZGZjYWU0YTRhNGRjOWNhNjZhNTEzMmI2NDA0Mzp7Il9zZXNzaW9uX2V4cGlyeSI6MH0=','2018-03-17 00:36:20.134756'),('jxj5wra8a3w255c72il200h1m4uyzlpx','M2UyYjk2NTQ0ZDViZmM3NjE3ZTdjNTYxNTg0ZDJlOGY2YmQyZmU4Nzp7ImluY29tZV9pZCI6IjkxNCIsIndvcmtlcl9pZCI6IjEyIiwidXNlcl9pZCI6NiwiX3Nlc3Npb25fZXhwaXJ5IjowfQ==','2018-03-23 13:25:50.156223'),('k3fhwe013lzyeifsw9uhyc30tdmex22w','YWFiZTFkNmVmY2IzZGZjYWU0YTRhNGRjOWNhNjZhNTEzMmI2NDA0Mzp7Il9zZXNzaW9uX2V4cGlyeSI6MH0=','2018-04-05 08:56:56.337175'),('kbfou0krgizpczs67us4qzdo65dxafei','YWFiZTFkNmVmY2IzZGZjYWU0YTRhNGRjOWNhNjZhNTEzMmI2NDA0Mzp7Il9zZXNzaW9uX2V4cGlyeSI6MH0=','2018-04-07 00:23:08.659355'),('kbw054bspguucdvfx5zndlw18fko92xn','MGVlNDE1N2JlNzhmZjE0YTIzZmE1OTQxYzU3NjE3YTYwZGRkNGRmYzp7ImluY29tZV9pZCI6IjYzMiIsIndvcmtlcl9pZCI6IjYiLCJ1c2VyX2lkIjo2LCJfc2Vzc2lvbl9leHBpcnkiOjB9','2018-03-18 13:18:23.802242'),('kdwyddcer4wfe7rmkklds2adebmzyvf9','YjUzNjc0ZjYzZDJhMjM4ZmM1MWExY2Q1MmU4Y2U5ZTU3OTczOTE3NTp7InVzZXJfaWQiOjQsIl9zZXNzaW9uX2V4cGlyeSI6MH0=','2018-03-15 05:57:25.066570'),('kea606v12qabau6zb9nbfwqp57meymj0','ODU4NTUyY2RiZWQ3MzZlMmEzNzExYWU1ZTk1OGI0NzlkNDFmZDYxNTp7InVzZXJfaWQiOjMsIl9zZXNzaW9uX2V4cGlyeSI6MH0=','2018-03-29 23:50:23.976943'),('knrl6qmf5siqy7fzrbp4vo30b1z08kjo','YWFiZTFkNmVmY2IzZGZjYWU0YTRhNGRjOWNhNjZhNTEzMmI2NDA0Mzp7Il9zZXNzaW9uX2V4cGlyeSI6MH0=','2018-04-02 23:50:55.411224'),('kr06ohqrekm32y4xob21q730qc6o5jel','NGNiNjY0MTliNjY5YTAwMWU0ODEyZmQ4NDc1YmM2MWQyNWFjOTExZjp7ImluY29tZV9pZCI6IjM0MCIsIndvcmtlcl9pZCI6IjYiLCJ1c2VyX2lkIjo2LCJfc2Vzc2lvbl9leHBpcnkiOjB9','2018-03-14 12:22:55.237842'),('kuj5b3kbab7n2a4832nacia1q7ciio4a','YjUzNjc0ZjYzZDJhMjM4ZmM1MWExY2Q1MmU4Y2U5ZTU3OTczOTE3NTp7InVzZXJfaWQiOjQsIl9zZXNzaW9uX2V4cGlyeSI6MH0=','2018-03-23 01:19:16.939404'),('kv54vhqvoqsou6zlgl6wwzm2mnag4kjw','YjUzNjc0ZjYzZDJhMjM4ZmM1MWExY2Q1MmU4Y2U5ZTU3OTczOTE3NTp7InVzZXJfaWQiOjQsIl9zZXNzaW9uX2V4cGlyeSI6MH0=','2018-04-03 13:43:43.163460'),('l0uaveocczq3fnsjbdyyqsqh7aj7nn39','NDM1NzBlNmFhYjdlYTNjNmM1YzZkZjRjMDE5YTdmYTllYmU1YjRkMDp7InVzZXJfaWQiOjIsIl9zZXNzaW9uX2V4cGlyeSI6MH0=','2018-03-12 01:14:26.370086'),('lag48c6m64gwono87zbuuhr4f9mp1q4l','MzcyYTNhOWQ4ZWQ4OTE2NDY1NzZkZjljNjNlZWNhNDM4MWRiNDUwYzp7InVzZXJfaWQiOjEsIl9zZXNzaW9uX2V4cGlyeSI6MH0=','2018-03-07 01:02:28.458521'),('ld5ulvrb87431m4gv0is5mf367r6lfu0','YWFiZTFkNmVmY2IzZGZjYWU0YTRhNGRjOWNhNjZhNTEzMmI2NDA0Mzp7Il9zZXNzaW9uX2V4cGlyeSI6MH0=','2018-03-17 01:20:25.014933'),('lf2hx2m9skaobbq9gk3fw8hcz0fe0bel','NDM1NzBlNmFhYjdlYTNjNmM1YzZkZjRjMDE5YTdmYTllYmU1YjRkMDp7InVzZXJfaWQiOjIsIl9zZXNzaW9uX2V4cGlyeSI6MH0=','2018-03-08 11:23:19.732585'),('lgq36rpd38raiqkgbo5mjihcvt76zxre','MzcyYTNhOWQ4ZWQ4OTE2NDY1NzZkZjljNjNlZWNhNDM4MWRiNDUwYzp7InVzZXJfaWQiOjEsIl9zZXNzaW9uX2V4cGlyeSI6MH0=','2018-04-02 11:16:41.906535'),('lhlwnhsn24zcm48cmdt9hn6p7jqea8hh','MGViOGZjMmJmYmRmNmQ5MTg1YjNkODc0ZjU5NTYxMDMwMjFkOGViMjp7ImluY29tZV9pZCI6IjExMzIiLCJ3b3JrZXJfaWQiOiI3IiwidXNlcl9pZCI6NiwiX3Nlc3Npb25fZXhwaXJ5IjowfQ==','2018-03-26 12:32:28.612661'),('lhwcwzma1hl55eacmszt74f2u712gqao','MTUwNzU3NTEzYjQ2OTVkN2MyOGNhNTNmOGIwODMyMzg5ZDk0NDU5Mjp7ImluY29tZV9pZCI6IjMxIiwid29ya2VyX2lkIjoiNyIsInVzZXJfaWQiOjYsIl9zZXNzaW9uX2V4cGlyeSI6MH0=','2018-03-09 15:17:03.494238'),('lkcuh1xqhdbxagyearyi94pkk84l2qnk','YWFiZTFkNmVmY2IzZGZjYWU0YTRhNGRjOWNhNjZhNTEzMmI2NDA0Mzp7Il9zZXNzaW9uX2V4cGlyeSI6MH0=','2018-03-14 23:14:27.149981'),('ltchyvesn25tigz56unvxccfrsipzmgl','YzMwYmU2ZGI1ODY1YzgxZTRmNzU2OGZjMDRkM2Y5OThjMWQ1YmM4Yjp7ImluY29tZV9pZCI6IjEwNzAiLCJ3b3JrZXJfaWQiOiIxMyIsInVzZXJfaWQiOjYsIl9zZXNzaW9uX2V4cGlyeSI6MH0=','2018-03-25 13:17:00.538173'),('lvkzj7khnr4m30q1coz6p68m4iebx608','YjUzNjc0ZjYzZDJhMjM4ZmM1MWExY2Q1MmU4Y2U5ZTU3OTczOTE3NTp7InVzZXJfaWQiOjQsIl9zZXNzaW9uX2V4cGlyeSI6MH0=','2018-03-23 02:34:24.873397'),('lyfvuleu55yqzjrk6phc2wiux08g0lya','NWRiOWQzMTYzNmJiMzQ1ODcyN2IxOTBmN2ZjZWI2ZmYyMjk5ZTFiOTp7ImluY29tZV9pZCI6IjEwNzQiLCJ3b3JrZXJfaWQiOiI3IiwidXNlcl9pZCI6NiwiX3Nlc3Npb25fZXhwaXJ5IjowfQ==','2018-03-25 12:43:29.344103'),('m600jbpzgyu8fsr2p0tsk9c0uv04rbrd','YWFiZTFkNmVmY2IzZGZjYWU0YTRhNGRjOWNhNjZhNTEzMmI2NDA0Mzp7Il9zZXNzaW9uX2V4cGlyeSI6MH0=','2018-03-19 12:38:12.758394'),('m8i222kt4deib5tvy53u0mxmvc44joo3','YWFiZTFkNmVmY2IzZGZjYWU0YTRhNGRjOWNhNjZhNTEzMmI2NDA0Mzp7Il9zZXNzaW9uX2V4cGlyeSI6MH0=','2018-03-19 09:06:18.852526'),('metijopmsnleere98w6b64g71nhzw96f','YjUzNjc0ZjYzZDJhMjM4ZmM1MWExY2Q1MmU4Y2U5ZTU3OTczOTE3NTp7InVzZXJfaWQiOjQsIl9zZXNzaW9uX2V4cGlyeSI6MH0=','2018-03-13 04:15:32.819812'),('mfksxjfo30xutiwft0xv5eu8h8dylac4','OTdiNjg5ZjQyODZhMDU5NmRmNzNlNzg3MTI5YzVmMDNkZWM0MmI0YTp7ImluY29tZV9pZCI6IjE2NjciLCJ3b3JrZXJfaWQiOiIxMSIsInVzZXJfaWQiOjYsIl9zZXNzaW9uX2V4cGlyeSI6MH0=','2018-04-04 05:51:28.228694'),('mr1lxynjwrcmnbwg8xy99fc3bey2a1op','ODc2OWFmOGY3YmE4ODAyMzZhNDIwMWU1ZGE3M2RlMmYyMTFlZjUxYzp7ImluY29tZV9pZCI6IjEyNTAiLCJ3b3JrZXJfaWQiOiIxMyIsInVzZXJfaWQiOjYsIl9zZXNzaW9uX2V4cGlyeSI6MH0=','2018-03-28 13:31:52.061958'),('ms5sh0u65j3yddr5nbbk4gqtsxf1ezot','YjUzNjc0ZjYzZDJhMjM4ZmM1MWExY2Q1MmU4Y2U5ZTU3OTczOTE3NTp7InVzZXJfaWQiOjQsIl9zZXNzaW9uX2V4cGlyeSI6MH0=','2018-03-28 03:33:35.435621'),('mugespnocrrq9ii2usauddbqjtrn6d6f','YjUzNjc0ZjYzZDJhMjM4ZmM1MWExY2Q1MmU4Y2U5ZTU3OTczOTE3NTp7InVzZXJfaWQiOjQsIl9zZXNzaW9uX2V4cGlyeSI6MH0=','2018-03-25 01:43:03.918819'),('mwnyikdusrlzslu9tbx3v0lz0q1bn58l','NDZhYzRlZGM5YzQ5ZjgyYmNmMTBiMWM1YTE3MzZkYmRjMjIzNjIzZTp7ImluY29tZV9pZCI6IjU0MyIsIndvcmtlcl9pZCI6IjEyIiwidXNlcl9pZCI6NiwiX3Nlc3Npb25fZXhwaXJ5IjowfQ==','2018-03-17 14:05:42.942228'),('n0k2dg5tdi1xzwzb6nsuo04r62rsmtjz','YWFiZTFkNmVmY2IzZGZjYWU0YTRhNGRjOWNhNjZhNTEzMmI2NDA0Mzp7Il9zZXNzaW9uX2V4cGlyeSI6MH0=','2018-03-19 07:20:48.777765'),('n2iwkgmm4uy1jx3t7eobozy2fbixrzp0','ZmNiODIwMTBjOWE3YWRmYzgzNzYzZjdjNWI2YzQzMGI1YWQwN2ZmMDp7ImluY29tZV9pZCI6IjE2MCIsIndvcmtlcl9pZCI6IjYiLCJ1c2VyX2lkIjo2LCJfc2Vzc2lvbl9leHBpcnkiOjB9','2018-03-12 01:03:58.449598'),('n2pdp3y56ojku1ta32my6bzqh9bfcrr2','YWFiZTFkNmVmY2IzZGZjYWU0YTRhNGRjOWNhNjZhNTEzMmI2NDA0Mzp7Il9zZXNzaW9uX2V4cGlyeSI6MH0=','2018-03-19 13:34:45.461961'),('n4o09rdlczjl7siqu0gf69m55xnm441z','YjUzNjc0ZjYzZDJhMjM4ZmM1MWExY2Q1MmU4Y2U5ZTU3OTczOTE3NTp7InVzZXJfaWQiOjQsIl9zZXNzaW9uX2V4cGlyeSI6MH0=','2018-03-26 03:17:29.505027'),('n79nj8dfqnscf1hqnra3e1sxc9w3wf6c','NDM1NzBlNmFhYjdlYTNjNmM1YzZkZjRjMDE5YTdmYTllYmU1YjRkMDp7InVzZXJfaWQiOjIsIl9zZXNzaW9uX2V4cGlyeSI6MH0=','2018-03-11 01:46:57.530396'),('n7blceesn97ved698019fm9bl8b52hk0','YWFiZTFkNmVmY2IzZGZjYWU0YTRhNGRjOWNhNjZhNTEzMmI2NDA0Mzp7Il9zZXNzaW9uX2V4cGlyeSI6MH0=','2018-04-03 23:10:19.750013'),('nbclnd2gpofdo2xaxdbltfco6jozfvfk','YjUzNjc0ZjYzZDJhMjM4ZmM1MWExY2Q1MmU4Y2U5ZTU3OTczOTE3NTp7InVzZXJfaWQiOjQsIl9zZXNzaW9uX2V4cGlyeSI6MH0=','2018-03-20 09:22:57.149322'),('nixt1yhkyj4y0abddf6i4hkm4is5w2c1','YjUzNjc0ZjYzZDJhMjM4ZmM1MWExY2Q1MmU4Y2U5ZTU3OTczOTE3NTp7InVzZXJfaWQiOjQsIl9zZXNzaW9uX2V4cGlyeSI6MH0=','2018-04-01 12:23:30.315937'),('nj272pl4k5lxjscifms5qylbcy7sqitb','YWFiZTFkNmVmY2IzZGZjYWU0YTRhNGRjOWNhNjZhNTEzMmI2NDA0Mzp7Il9zZXNzaW9uX2V4cGlyeSI6MH0=','2018-03-09 03:36:07.763567'),('npc7g1wfprst51x4va9whgc0tua45n54','ZDE4MDA2ZjY2MjhhYWZkYjVjMjM1NzdiNGQ0ZjE0Yzc4NTJkZTA2NTp7ImluY29tZV9pZCI6IjE3MjAiLCJ3b3JrZXJfaWQiOiIxMyIsInVzZXJfaWQiOjYsIl9zZXNzaW9uX2V4cGlyeSI6MH0=','2018-04-05 05:49:13.060661'),('nrljxb7cyniojs6pirmxy36ndheclmyq','YjNmZWEzNjg2OWZiZTI3OTI2YWQyODZhYTEyZjk5NDVkNDE2NDZhNjp7Indvcmtlcl9pZCI6IjEyIiwidXNlcl9pZCI6NiwiX3Nlc3Npb25fZXhwaXJ5IjowfQ==','2018-03-19 13:38:56.984708'),('nyi42fi6xilcu43jypp3bo4yrcwnafma','MWE4NTQyZDEwZmE1ODFmZmZmNmFkZmNjYTQxMmQ2ZTkxZDQ1NmZmNzp7InVzZXJfaWQiOjYsIl9zZXNzaW9uX2V4cGlyeSI6MH0=','2018-04-02 00:34:21.461810'),('nzyke2vpo7xe1xdjaptkmglhvkierj6n','YWFiZTFkNmVmY2IzZGZjYWU0YTRhNGRjOWNhNjZhNTEzMmI2NDA0Mzp7Il9zZXNzaW9uX2V4cGlyeSI6MH0=','2018-03-25 13:36:18.434660'),('o0eg0luyjtc1xkyxvi0ojkshdqkhgrnq','YjUzNjc0ZjYzZDJhMjM4ZmM1MWExY2Q1MmU4Y2U5ZTU3OTczOTE3NTp7InVzZXJfaWQiOjQsIl9zZXNzaW9uX2V4cGlyeSI6MH0=','2018-03-24 04:15:09.190221'),('o23hgj6v47jtrwgc7x1002jpc1jshzta','ZjliYTY5ZTQ0OTg1NTA1NTYxMzVkYjg0Njg2NjhkM2RhNzY3Y2FmMjp7ImluY29tZV9pZCI6IjE5MTQiLCJ3b3JrZXJfaWQiOiIxMyIsInVzZXJfaWQiOjYsIl9zZXNzaW9uX2V4cGlyeSI6MH0=','2018-04-08 02:02:06.289393'),('o252xbckwmr9dcivwkk0p4p2q2xpns2r','YWFiZTFkNmVmY2IzZGZjYWU0YTRhNGRjOWNhNjZhNTEzMmI2NDA0Mzp7Il9zZXNzaW9uX2V4cGlyeSI6MH0=','2018-04-02 13:21:47.218206'),('o2hijjlbaw4xneywqx4p85p765g9hp5w','YWFiZTFkNmVmY2IzZGZjYWU0YTRhNGRjOWNhNjZhNTEzMmI2NDA0Mzp7Il9zZXNzaW9uX2V4cGlyeSI6MH0=','2018-03-09 02:26:57.452230'),('o3uzyi68nkucq9ig6w4ce2kj7jw5i4mb','YjUzNjc0ZjYzZDJhMjM4ZmM1MWExY2Q1MmU4Y2U5ZTU3OTczOTE3NTp7InVzZXJfaWQiOjQsIl9zZXNzaW9uX2V4cGlyeSI6MH0=','2018-03-13 12:53:47.310038'),('o4jg9zb9eg0aff05kup7r2zdom5cb6q9','YWFiZTFkNmVmY2IzZGZjYWU0YTRhNGRjOWNhNjZhNTEzMmI2NDA0Mzp7Il9zZXNzaW9uX2V4cGlyeSI6MH0=','2018-03-15 13:42:16.856833'),('o59gubsr97hhixl8rkon4vmbakwekrkq','YjUzNjc0ZjYzZDJhMjM4ZmM1MWExY2Q1MmU4Y2U5ZTU3OTczOTE3NTp7InVzZXJfaWQiOjQsIl9zZXNzaW9uX2V4cGlyeSI6MH0=','2018-03-19 10:17:33.331838'),('o8vjz7gpalog74nkjohfshfv3xi0lluv','YjUzNjc0ZjYzZDJhMjM4ZmM1MWExY2Q1MmU4Y2U5ZTU3OTczOTE3NTp7InVzZXJfaWQiOjQsIl9zZXNzaW9uX2V4cGlyeSI6MH0=','2018-03-10 13:14:10.767598'),('odelbjwoxlfl74aq22xw500x23fcs6oc','YWFiZTFkNmVmY2IzZGZjYWU0YTRhNGRjOWNhNjZhNTEzMmI2NDA0Mzp7Il9zZXNzaW9uX2V4cGlyeSI6MH0=','2018-03-22 00:23:12.653567'),('og5nhode55algeh4zmru7hjg75pp4eie','YjMxODZlNDVmOGU4NTdlNTA2MjNiOTlmMGE2YmU1NDg0MmM2MDk0MTp7ImluY29tZV9pZCI6Ijk4Iiwid29ya2VyX2lkIjoiNyIsInVzZXJfaWQiOjYsIl9zZXNzaW9uX2V4cGlyeSI6MH0=','2018-03-11 07:30:14.166332'),('okm75zy2yz0omuzcx9i269amy3lsygc0','MzcyYTNhOWQ4ZWQ4OTE2NDY1NzZkZjljNjNlZWNhNDM4MWRiNDUwYzp7InVzZXJfaWQiOjEsIl9zZXNzaW9uX2V4cGlyeSI6MH0=','2018-04-06 03:18:38.969362'),('oo27v3t05r22gsr1mt2yimghi1itctgt','ODU4NTUyY2RiZWQ3MzZlMmEzNzExYWU1ZTk1OGI0NzlkNDFmZDYxNTp7InVzZXJfaWQiOjMsIl9zZXNzaW9uX2V4cGlyeSI6MH0=','2018-03-11 05:11:11.406034'),('osq8a68znjvhyhmxvj2zhjvwl66buwq8','YjUzNjc0ZjYzZDJhMjM4ZmM1MWExY2Q1MmU4Y2U5ZTU3OTczOTE3NTp7InVzZXJfaWQiOjQsIl9zZXNzaW9uX2V4cGlyeSI6MH0=','2018-03-09 03:17:04.245426'),('p5xj2wyy39hruu2fn8h0b772nquts5bt','YTcyM2FhMDFmNGQ2Y2ExYmM3ZjJkZWJmYzc3OWEzMzBhNmI1NWVmMzp7ImluY29tZV9pZCI6IjExOTIiLCJ3b3JrZXJfaWQiOiIxMyIsInVzZXJfaWQiOjYsIl9zZXNzaW9uX2V4cGlyeSI6MH0=','2018-03-27 12:26:47.222520'),('p80jrvwyobkn5ow8o0h5r66d7cevv96p','YWFiZTFkNmVmY2IzZGZjYWU0YTRhNGRjOWNhNjZhNTEzMmI2NDA0Mzp7Il9zZXNzaW9uX2V4cGlyeSI6MH0=','2018-04-04 05:04:22.957766'),('pdcjaanm8o7znhr1onc60cfkfwy6g5e7','YWFiZTFkNmVmY2IzZGZjYWU0YTRhNGRjOWNhNjZhNTEzMmI2NDA0Mzp7Il9zZXNzaW9uX2V4cGlyeSI6MH0=','2018-03-18 02:13:40.758286'),('pwv0j9u176ke000k6d5jxgagxlkvdwbh','YWFiZTFkNmVmY2IzZGZjYWU0YTRhNGRjOWNhNjZhNTEzMmI2NDA0Mzp7Il9zZXNzaW9uX2V4cGlyeSI6MH0=','2018-03-17 10:50:51.828785'),('pxvli6cce15s5j7cq1tsg0qtvkmkyb3c','YWFiZTFkNmVmY2IzZGZjYWU0YTRhNGRjOWNhNjZhNTEzMmI2NDA0Mzp7Il9zZXNzaW9uX2V4cGlyeSI6MH0=','2018-03-19 08:53:13.443599'),('qa1pidpdrohchcu2d34dfzo59yv7yb5y','YWFiZTFkNmVmY2IzZGZjYWU0YTRhNGRjOWNhNjZhNTEzMmI2NDA0Mzp7Il9zZXNzaW9uX2V4cGlyeSI6MH0=','2018-04-06 08:07:08.878305'),('qe04l3q6qalhpa4pofe3o7b4ldeyk5hf','YWFiZTFkNmVmY2IzZGZjYWU0YTRhNGRjOWNhNjZhNTEzMmI2NDA0Mzp7Il9zZXNzaW9uX2V4cGlyeSI6MH0=','2018-03-19 13:34:11.378839'),('ql5j9dkfqkssq1jdgvd5cun8gw36xmyp','YjUzNjc0ZjYzZDJhMjM4ZmM1MWExY2Q1MmU4Y2U5ZTU3OTczOTE3NTp7InVzZXJfaWQiOjQsIl9zZXNzaW9uX2V4cGlyeSI6MH0=','2018-03-13 08:38:38.782212'),('qoa7ppk9ww29mkxj2o7odcj15og7o4tv','ZmFkM2I5MzQwMDJkNTVjNzNlNjMwMGI3M2MzOGEyZTY0YTdhZWQxMjp7ImluY29tZV9pZCI6IjE3OTkiLCJ3b3JrZXJfaWQiOiI2IiwidXNlcl9pZCI6NiwiX3Nlc3Npb25fZXhwaXJ5IjowfQ==','2018-04-06 12:18:04.742616'),('qrb0gmxh58jm1bxfxqhvbwehvwrewj37','Y2Q2M2UyNzU1NGQ5MDVmOWFjODA3ODRmNTg2NDIxZWY3YzIyNGM0ZTp7ImluY29tZV9pZCI6IjIxNiIsIndvcmtlcl9pZCI6IjciLCJ1c2VyX2lkIjo2LCJfc2Vzc2lvbl9leHBpcnkiOjB9','2018-03-12 13:29:25.071518'),('r0fxjdbjnzhwzzn998b9itv8vmc97157','YjUzNjc0ZjYzZDJhMjM4ZmM1MWExY2Q1MmU4Y2U5ZTU3OTczOTE3NTp7InVzZXJfaWQiOjQsIl9zZXNzaW9uX2V4cGlyeSI6MH0=','2018-03-23 15:13:43.570872'),('r86kot5vfulsnhg30irfjh6xnln3s8f5','YWFiZTFkNmVmY2IzZGZjYWU0YTRhNGRjOWNhNjZhNTEzMmI2NDA0Mzp7Il9zZXNzaW9uX2V4cGlyeSI6MH0=','2018-03-11 02:04:43.847185'),('rcq5lmxj3nogghzr3ie0p8srvhqmwbrr','YjUzNjc0ZjYzZDJhMjM4ZmM1MWExY2Q1MmU4Y2U5ZTU3OTczOTE3NTp7InVzZXJfaWQiOjQsIl9zZXNzaW9uX2V4cGlyeSI6MH0=','2018-04-04 02:23:19.016998'),('rdh2nqnotcro69ylzz1qkb0e5xd71wkx','YWFiZTFkNmVmY2IzZGZjYWU0YTRhNGRjOWNhNjZhNTEzMmI2NDA0Mzp7Il9zZXNzaW9uX2V4cGlyeSI6MH0=','2018-04-05 01:41:15.670757'),('rftoe5tk965toab9jdli2rhlpijqwwuz','NDM1NzBlNmFhYjdlYTNjNmM1YzZkZjRjMDE5YTdmYTllYmU1YjRkMDp7InVzZXJfaWQiOjIsIl9zZXNzaW9uX2V4cGlyeSI6MH0=','2018-03-07 03:11:55.084421'),('rilxmol82d26rhncup3pmhr7seahry9z','NzNlMjYyYzEwZmFhZWNiMWUyYzhiNWY2NWUzMDExZmE5YjY4ZmI3Njp7ImluY29tZV9pZCI6IjEzNjUiLCJ3b3JrZXJfaWQiOiIxMiIsInVzZXJfaWQiOjYsIl9zZXNzaW9uX2V4cGlyeSI6MH0=','2018-03-30 13:45:27.495241'),('rvjz8f8tz2yoi956m394z7ud2yqpqqhq','YWFiZTFkNmVmY2IzZGZjYWU0YTRhNGRjOWNhNjZhNTEzMmI2NDA0Mzp7Il9zZXNzaW9uX2V4cGlyeSI6MH0=','2018-03-30 02:11:19.963277'),('rw6xd0eodztp64mfzkvz9vgucoig7njb','ODc3NDdhNjQ2NGQ4ZDE5NWJmN2U4Yjc3Nzc2NzlmMzRjYTcxNTBlZjp7ImluY29tZV9pZCI6IjE1OTUiLCJ3b3JrZXJfaWQiOiI2IiwidXNlcl9pZCI6NiwiX3Nlc3Npb25fZXhwaXJ5IjowfQ==','2018-04-02 13:37:47.260474'),('s27i3oa4ci24n3u5b9gv5yz7xydworpy','YjUzNjc0ZjYzZDJhMjM4ZmM1MWExY2Q1MmU4Y2U5ZTU3OTczOTE3NTp7InVzZXJfaWQiOjQsIl9zZXNzaW9uX2V4cGlyeSI6MH0=','2018-03-13 13:00:05.158887'),('s6i6xjvo69mz0gxt8zpiu3edxnnyviwr','YWFiZTFkNmVmY2IzZGZjYWU0YTRhNGRjOWNhNjZhNTEzMmI2NDA0Mzp7Il9zZXNzaW9uX2V4cGlyeSI6MH0=','2018-04-06 13:10:58.378738'),('sfzs3a96lkzrvjwncciqxmqzp1bh9rm9','YWFiZTFkNmVmY2IzZGZjYWU0YTRhNGRjOWNhNjZhNTEzMmI2NDA0Mzp7Il9zZXNzaW9uX2V4cGlyeSI6MH0=','2018-03-25 03:21:38.854608'),('sh8o6dsf4dk4dpc0ftcm698mr0ik9lof','YjUzNjc0ZjYzZDJhMjM4ZmM1MWExY2Q1MmU4Y2U5ZTU3OTczOTE3NTp7InVzZXJfaWQiOjQsIl9zZXNzaW9uX2V4cGlyeSI6MH0=','2018-03-21 09:47:46.884707'),('sn1in7mvelmh1vu2lps5avtxgu9tn4py','YWFiZTFkNmVmY2IzZGZjYWU0YTRhNGRjOWNhNjZhNTEzMmI2NDA0Mzp7Il9zZXNzaW9uX2V4cGlyeSI6MH0=','2018-03-26 23:09:53.637383'),('soljm3gmy9ib4app0katwoh5g1x9xy3n','OWU2ZmQ0MTllZDEzZmU4MzcyYzEwZDMwNTcxZjJjMDM0NzAwMGFiYjp7ImluY29tZV9pZCI6IjExMyIsIndvcmtlcl9pZCI6IjExIiwidXNlcl9pZCI6NiwiX3Nlc3Npb25fZXhwaXJ5IjowfQ==','2018-03-11 02:37:58.088520'),('spwgzv2rnmk53vi8b79ft5swrx5ty848','YjUzNjc0ZjYzZDJhMjM4ZmM1MWExY2Q1MmU4Y2U5ZTU3OTczOTE3NTp7InVzZXJfaWQiOjQsIl9zZXNzaW9uX2V4cGlyeSI6MH0=','2018-03-16 01:06:17.254600'),('sqw9x7jay3w6ucs7akakfzq3p4bm89gt','YWFiZTFkNmVmY2IzZGZjYWU0YTRhNGRjOWNhNjZhNTEzMmI2NDA0Mzp7Il9zZXNzaW9uX2V4cGlyeSI6MH0=','2018-03-19 12:38:15.453349'),('sr43emzhauuev40nx68evd2v3c9i0xlg','YWFiZTFkNmVmY2IzZGZjYWU0YTRhNGRjOWNhNjZhNTEzMmI2NDA0Mzp7Il9zZXNzaW9uX2V4cGlyeSI6MH0=','2018-03-19 09:10:03.570543'),('ss4bosz1tcyymruw4jrelqferoy0audo','YWFiZTFkNmVmY2IzZGZjYWU0YTRhNGRjOWNhNjZhNTEzMmI2NDA0Mzp7Il9zZXNzaW9uX2V4cGlyeSI6MH0=','2018-03-19 12:34:59.248851'),('sx80kekkwvojbydiklnch6wv005ok1ol','MWE4NTQyZDEwZmE1ODFmZmZmNmFkZmNjYTQxMmQ2ZTkxZDQ1NmZmNzp7InVzZXJfaWQiOjYsIl9zZXNzaW9uX2V4cGlyeSI6MH0=','2018-03-09 02:21:49.475853'),('t0g8eu97ibb9gebwcuklrmpmsp5x4ytf','ODU4NTUyY2RiZWQ3MzZlMmEzNzExYWU1ZTk1OGI0NzlkNDFmZDYxNTp7InVzZXJfaWQiOjMsIl9zZXNzaW9uX2V4cGlyeSI6MH0=','2018-03-09 13:51:40.135875'),('t4esp4c8yxy1y2azy07vadxt21bz1lw9','YWFiZTFkNmVmY2IzZGZjYWU0YTRhNGRjOWNhNjZhNTEzMmI2NDA0Mzp7Il9zZXNzaW9uX2V4cGlyeSI6MH0=','2018-04-03 13:05:08.941254'),('t74khyvvimd76on6pj5yu3vsxjd99tyt','YjUzNjc0ZjYzZDJhMjM4ZmM1MWExY2Q1MmU4Y2U5ZTU3OTczOTE3NTp7InVzZXJfaWQiOjQsIl9zZXNzaW9uX2V4cGlyeSI6MH0=','2018-03-29 04:49:35.305433'),('tp2uuj6oq4d3pr01mtyaf3yti2yhkst6','YjUzNjc0ZjYzZDJhMjM4ZmM1MWExY2Q1MmU4Y2U5ZTU3OTczOTE3NTp7InVzZXJfaWQiOjQsIl9zZXNzaW9uX2V4cGlyeSI6MH0=','2018-03-16 09:03:13.592088'),('tuqn8klcldb5f1sh33qpb2ug95ve1kmt','YWFiZTFkNmVmY2IzZGZjYWU0YTRhNGRjOWNhNjZhNTEzMmI2NDA0Mzp7Il9zZXNzaW9uX2V4cGlyeSI6MH0=','2018-03-19 09:18:53.794838'),('tvq3p0omi8s799dnehn5nbqpp8mrdfrh','YWFiZTFkNmVmY2IzZGZjYWU0YTRhNGRjOWNhNjZhNTEzMmI2NDA0Mzp7Il9zZXNzaW9uX2V4cGlyeSI6MH0=','2018-03-17 09:11:13.437702'),('tyjqxpawoefjgnxyj92n9rcg1zd7um9x','YjUzNjc0ZjYzZDJhMjM4ZmM1MWExY2Q1MmU4Y2U5ZTU3OTczOTE3NTp7InVzZXJfaWQiOjQsIl9zZXNzaW9uX2V4cGlyeSI6MH0=','2018-03-09 03:39:31.795520'),('u2smdekfov2zscvq221reywbuoad96iv','YjUzNjc0ZjYzZDJhMjM4ZmM1MWExY2Q1MmU4Y2U5ZTU3OTczOTE3NTp7InVzZXJfaWQiOjQsIl9zZXNzaW9uX2V4cGlyeSI6MH0=','2018-03-09 03:35:06.463921'),('u5sxf1f04sfxpxsblu6n1h7hidlrtsqs','YjUzNjc0ZjYzZDJhMjM4ZmM1MWExY2Q1MmU4Y2U5ZTU3OTczOTE3NTp7InVzZXJfaWQiOjQsIl9zZXNzaW9uX2V4cGlyeSI6MH0=','2018-04-03 04:31:06.809637'),('u7iytussxgwdl90ufn8r42f1ufn4aptd','YWFiZTFkNmVmY2IzZGZjYWU0YTRhNGRjOWNhNjZhNTEzMmI2NDA0Mzp7Il9zZXNzaW9uX2V4cGlyeSI6MH0=','2018-03-07 02:06:05.568607'),('u9to9c2thz3y3vk083k8zf3jzzj3hskf','YWFiZTFkNmVmY2IzZGZjYWU0YTRhNGRjOWNhNjZhNTEzMmI2NDA0Mzp7Il9zZXNzaW9uX2V4cGlyeSI6MH0=','2018-03-12 01:07:01.304475'),('ucd3584rjsxzrf5ia1etjdbnlzjuhq51','YjUzNjc0ZjYzZDJhMjM4ZmM1MWExY2Q1MmU4Y2U5ZTU3OTczOTE3NTp7InVzZXJfaWQiOjQsIl9zZXNzaW9uX2V4cGlyeSI6MH0=','2018-04-08 01:28:22.561481'),('ucglr46wxxpp88r5ulg8i44hkiniq3x7','YjUzNjc0ZjYzZDJhMjM4ZmM1MWExY2Q1MmU4Y2U5ZTU3OTczOTE3NTp7InVzZXJfaWQiOjQsIl9zZXNzaW9uX2V4cGlyeSI6MH0=','2018-04-02 07:30:31.174516'),('ugdarbcp10yyopzljqctvx7oq6g7unqu','YjUzNjc0ZjYzZDJhMjM4ZmM1MWExY2Q1MmU4Y2U5ZTU3OTczOTE3NTp7InVzZXJfaWQiOjQsIl9zZXNzaW9uX2V4cGlyeSI6MH0=','2018-04-04 00:33:41.211884'),('ulf2tbq3rp9qwn1h1kbb8bcuv7ry3ow0','NDM1NzBlNmFhYjdlYTNjNmM1YzZkZjRjMDE5YTdmYTllYmU1YjRkMDp7InVzZXJfaWQiOjIsIl9zZXNzaW9uX2V4cGlyeSI6MH0=','2018-03-08 13:43:50.130493'),('uo5swjcu693ao2ppegm9n4w5yfqenxrm','ZGUxM2JkMDI3NjVjNWE2OTU2YTIwMjA1NzAxOGQ0NWNhMDE2YzM2Zjp7Indvcmtlcl9pZCI6IjYiLCJ1c2VyX2lkIjo2LCJfc2Vzc2lvbl9leHBpcnkiOjB9','2018-04-06 13:03:06.559151'),('upa0tt7ozdbkpwao1uv0ze92acww2a46','YWFiZTFkNmVmY2IzZGZjYWU0YTRhNGRjOWNhNjZhNTEzMmI2NDA0Mzp7Il9zZXNzaW9uX2V4cGlyeSI6MH0=','2018-03-16 08:18:29.759880'),('us14b0r4lp1ycwd6lrzbe09abvptk9by','YWFiZTFkNmVmY2IzZGZjYWU0YTRhNGRjOWNhNjZhNTEzMmI2NDA0Mzp7Il9zZXNzaW9uX2V4cGlyeSI6MH0=','2018-03-29 13:34:26.087785'),('v0txm5qq3ozgqmat0or7qqqdwg3yrbg4','YjUzNjc0ZjYzZDJhMjM4ZmM1MWExY2Q1MmU4Y2U5ZTU3OTczOTE3NTp7InVzZXJfaWQiOjQsIl9zZXNzaW9uX2V4cGlyeSI6MH0=','2018-03-15 01:24:23.991706'),('v2gyh4esngkvdl6owi30uy97g419dqgs','YWFiZTFkNmVmY2IzZGZjYWU0YTRhNGRjOWNhNjZhNTEzMmI2NDA0Mzp7Il9zZXNzaW9uX2V4cGlyeSI6MH0=','2018-03-28 22:43:45.361123'),('v4w2xxs98e55em0978s681f0ntee6yho','YWFiZTFkNmVmY2IzZGZjYWU0YTRhNGRjOWNhNjZhNTEzMmI2NDA0Mzp7Il9zZXNzaW9uX2V4cGlyeSI6MH0=','2018-04-08 02:01:14.274969'),('v92e37wipibjvof9vj3yhijo1f1tho6c','YWFiZTFkNmVmY2IzZGZjYWU0YTRhNGRjOWNhNjZhNTEzMmI2NDA0Mzp7Il9zZXNzaW9uX2V4cGlyeSI6MH0=','2018-03-24 00:09:43.976903'),('vg7oc7w3sj172z16ojlrgtnimdqw04t4','YWFiZTFkNmVmY2IzZGZjYWU0YTRhNGRjOWNhNjZhNTEzMmI2NDA0Mzp7Il9zZXNzaW9uX2V4cGlyeSI6MH0=','2018-03-19 13:24:43.368995'),('vhznzfif6ax8t7bqyzvs4zyxgwk0dnpt','YWFiZTFkNmVmY2IzZGZjYWU0YTRhNGRjOWNhNjZhNTEzMmI2NDA0Mzp7Il9zZXNzaW9uX2V4cGlyeSI6MH0=','2018-04-04 11:10:34.796986'),('vjsvvku6pwcwy7jf3ovxjm0neht6oria','YWFiZTFkNmVmY2IzZGZjYWU0YTRhNGRjOWNhNjZhNTEzMmI2NDA0Mzp7Il9zZXNzaW9uX2V4cGlyeSI6MH0=','2018-03-24 10:47:01.350893'),('vqbzl0a1129e2oy8wcobvpa59egfi4p9','YWFiZTFkNmVmY2IzZGZjYWU0YTRhNGRjOWNhNjZhNTEzMmI2NDA0Mzp7Il9zZXNzaW9uX2V4cGlyeSI6MH0=','2018-04-06 00:26:25.917172'),('vx3g5pgzljlqoibyail9tghgssbtqyvd','YWFiZTFkNmVmY2IzZGZjYWU0YTRhNGRjOWNhNjZhNTEzMmI2NDA0Mzp7Il9zZXNzaW9uX2V4cGlyeSI6MH0=','2018-03-30 02:11:33.133089'),('vzil2z2blb57mbapjw4eml5ozq4v2oz1','YjUzNjc0ZjYzZDJhMjM4ZmM1MWExY2Q1MmU4Y2U5ZTU3OTczOTE3NTp7InVzZXJfaWQiOjQsIl9zZXNzaW9uX2V4cGlyeSI6MH0=','2018-04-06 07:37:59.302431'),('w5umzqnrbbn6qgvmf7wll4x9a5t5acnb','YjUzNjc0ZjYzZDJhMjM4ZmM1MWExY2Q1MmU4Y2U5ZTU3OTczOTE3NTp7InVzZXJfaWQiOjQsIl9zZXNzaW9uX2V4cGlyeSI6MH0=','2018-04-01 03:27:31.430899'),('we3cspsx633pkda3u0u52boop2d3xnhs','YjUzNjc0ZjYzZDJhMjM4ZmM1MWExY2Q1MmU4Y2U5ZTU3OTczOTE3NTp7InVzZXJfaWQiOjQsIl9zZXNzaW9uX2V4cGlyeSI6MH0=','2018-03-13 06:09:40.648578'),('wex4hohck0vmw22bk7fl82t0oklq6i6j','YWFiZTFkNmVmY2IzZGZjYWU0YTRhNGRjOWNhNjZhNTEzMmI2NDA0Mzp7Il9zZXNzaW9uX2V4cGlyeSI6MH0=','2018-04-01 03:19:54.111962'),('wexiu91aclvahezs8tk51wid5p4scsq3','YjUzNjc0ZjYzZDJhMjM4ZmM1MWExY2Q1MmU4Y2U5ZTU3OTczOTE3NTp7InVzZXJfaWQiOjQsIl9zZXNzaW9uX2V4cGlyeSI6MH0=','2018-03-12 01:12:41.027412'),('wh1dieumafwsd5lldwlyb03e0vmammz2','YjUzNjc0ZjYzZDJhMjM4ZmM1MWExY2Q1MmU4Y2U5ZTU3OTczOTE3NTp7InVzZXJfaWQiOjQsIl9zZXNzaW9uX2V4cGlyeSI6MH0=','2018-04-03 01:29:46.047555'),('wm69jmampwkfy7bf8rmzf0c5mo7yzro9','YWFiZTFkNmVmY2IzZGZjYWU0YTRhNGRjOWNhNjZhNTEzMmI2NDA0Mzp7Il9zZXNzaW9uX2V4cGlyeSI6MH0=','2018-03-21 22:44:57.947805'),('wmdzwhrznhfnam0u6uow8ck0j2baif3o','NDM1NzBlNmFhYjdlYTNjNmM1YzZkZjRjMDE5YTdmYTllYmU1YjRkMDp7InVzZXJfaWQiOjIsIl9zZXNzaW9uX2V4cGlyeSI6MH0=','2018-03-12 00:41:16.430147'),('wz02zob8xrtzbb6fuk6x7h7wc0i3xynf','YWFiZTFkNmVmY2IzZGZjYWU0YTRhNGRjOWNhNjZhNTEzMmI2NDA0Mzp7Il9zZXNzaW9uX2V4cGlyeSI6MH0=','2018-04-04 05:59:13.155547'),('x13t2uq48b5cjis7wic9tzrouf9rraka','ZGYzNDkxMDFiNWFjM2Q3YTQ4ZjRkMjE0ZmI1NWMxZWJhNzE3MmU4MTp7ImluY29tZV9pZCI6IjE5MDQiLCJ3b3JrZXJfaWQiOiI2IiwidXNlcl9pZCI6NiwiX3Nlc3Npb25fZXhwaXJ5IjowfQ==','2018-04-07 13:53:24.239241'),('x3iv2iakbf6u44d4h9krzyn3am01nvid','ODU4NTUyY2RiZWQ3MzZlMmEzNzExYWU1ZTk1OGI0NzlkNDFmZDYxNTp7InVzZXJfaWQiOjMsIl9zZXNzaW9uX2V4cGlyeSI6MH0=','2018-03-14 01:07:01.715007'),('x46i4nwpk7l848ha8z24a1g8ew5ev48x','YjUzNjc0ZjYzZDJhMjM4ZmM1MWExY2Q1MmU4Y2U5ZTU3OTczOTE3NTp7InVzZXJfaWQiOjQsIl9zZXNzaW9uX2V4cGlyeSI6MH0=','2018-03-21 07:58:12.224299'),('x5376118e72bebc5x6mimhfhdivs9m0u','YWFiZTFkNmVmY2IzZGZjYWU0YTRhNGRjOWNhNjZhNTEzMmI2NDA0Mzp7Il9zZXNzaW9uX2V4cGlyeSI6MH0=','2018-03-29 00:11:35.556186'),('xmo8bkoruhdw1cqw7xzt57fbq9sw34rj','YWFiZTFkNmVmY2IzZGZjYWU0YTRhNGRjOWNhNjZhNTEzMmI2NDA0Mzp7Il9zZXNzaW9uX2V4cGlyeSI6MH0=','2018-03-19 09:06:45.338722'),('xs7u1l6mr6a50vnwibfjhi8kp8upgab6','YjUzNjc0ZjYzZDJhMjM4ZmM1MWExY2Q1MmU4Y2U5ZTU3OTczOTE3NTp7InVzZXJfaWQiOjQsIl9zZXNzaW9uX2V4cGlyeSI6MH0=','2018-04-04 09:03:26.795147'),('y8cgcb6myxu6yl8ug7n6skt03nsb3ezp','MzcyYTNhOWQ4ZWQ4OTE2NDY1NzZkZjljNjNlZWNhNDM4MWRiNDUwYzp7InVzZXJfaWQiOjEsIl9zZXNzaW9uX2V4cGlyeSI6MH0=','2018-03-14 14:09:21.705962'),('ybd6v4j9n6dm1xn8bwora481cb428pfa','YjUzNjc0ZjYzZDJhMjM4ZmM1MWExY2Q1MmU4Y2U5ZTU3OTczOTE3NTp7InVzZXJfaWQiOjQsIl9zZXNzaW9uX2V4cGlyeSI6MH0=','2018-03-10 01:56:14.954763'),('ybn2g8ge24f9e53yf7so9v5vjc0b7xb8','YjUzNjc0ZjYzZDJhMjM4ZmM1MWExY2Q1MmU4Y2U5ZTU3OTczOTE3NTp7InVzZXJfaWQiOjQsIl9zZXNzaW9uX2V4cGlyeSI6MH0=','2018-03-18 14:16:55.110912'),('yie7gryavzegomslq7c70wx90h4cgw3z','YWFiZTFkNmVmY2IzZGZjYWU0YTRhNGRjOWNhNjZhNTEzMmI2NDA0Mzp7Il9zZXNzaW9uX2V4cGlyeSI6MH0=','2018-04-05 23:04:34.394388'),('yielik8xx23p7tger6b9b3qu2udr2exn','NDNiMDA2YmZmOWVhOTkzYzMwMzU2Mjk3YTljNTI0MTNiNWI5ZWEyOTp7ImluY29tZV9pZCI6IjExMzQiLCJ3b3JrZXJfaWQiOiIxMyIsInVzZXJfaWQiOjYsIl9zZXNzaW9uX2V4cGlyeSI6MH0=','2018-03-26 12:49:22.475471'),('yj1berl18rxxsaq03y2bmi33nd66i3f8','YWFiZTFkNmVmY2IzZGZjYWU0YTRhNGRjOWNhNjZhNTEzMmI2NDA0Mzp7Il9zZXNzaW9uX2V4cGlyeSI6MH0=','2018-03-30 02:11:34.932195'),('ynpyufm6qqu93lh67u3k7flvivgzcnl3','YWFiZTFkNmVmY2IzZGZjYWU0YTRhNGRjOWNhNjZhNTEzMmI2NDA0Mzp7Il9zZXNzaW9uX2V4cGlyeSI6MH0=','2018-03-24 11:27:47.930056'),('ypqldegf45qkixsmt5benh4kmta15juk','YWFiZTFkNmVmY2IzZGZjYWU0YTRhNGRjOWNhNjZhNTEzMmI2NDA0Mzp7Il9zZXNzaW9uX2V4cGlyeSI6MH0=','2018-04-01 03:28:10.969789'),('z2aa5xb7iok7lqjc5zszmv5149ame9i6','MTVmOWY4MzUyNWUxNGI1NWNhNTE4ZTYwYWJlNGFhOGU0YmE5NmEwZTp7ImluY29tZV9pZCI6IjE2NjEiLCJ3b3JrZXJfaWQiOiIxMyIsInVzZXJfaWQiOjYsIl9zZXNzaW9uX2V4cGlyeSI6MH0=','2018-04-04 02:24:17.774708'),('z8ad57ihp7i8ku5lw3oz4nh81e70q442','YjUzNjc0ZjYzZDJhMjM4ZmM1MWExY2Q1MmU4Y2U5ZTU3OTczOTE3NTp7InVzZXJfaWQiOjQsIl9zZXNzaW9uX2V4cGlyeSI6MH0=','2018-03-19 06:29:10.631136'),('zam7mxrge6foybs9vvfj16p2394ozyek','ODU4NTUyY2RiZWQ3MzZlMmEzNzExYWU1ZTk1OGI0NzlkNDFmZDYxNTp7InVzZXJfaWQiOjMsIl9zZXNzaW9uX2V4cGlyeSI6MH0=','2018-03-09 13:32:01.171786'),('zbcrwg6ksq1ycpw914w312yk3f84xz3x','YWFiZTFkNmVmY2IzZGZjYWU0YTRhNGRjOWNhNjZhNTEzMmI2NDA0Mzp7Il9zZXNzaW9uX2V4cGlyeSI6MH0=','2018-03-25 01:46:44.714417'),('zeklupzmj6g0jkf9nj41zgsdktbmulc7','YjUzNjc0ZjYzZDJhMjM4ZmM1MWExY2Q1MmU4Y2U5ZTU3OTczOTE3NTp7InVzZXJfaWQiOjQsIl9zZXNzaW9uX2V4cGlyeSI6MH0=','2018-03-23 00:26:41.154741'),('zfnu5sag7nlthi8mhqmurff6x13bvg9i','YjUzNjc0ZjYzZDJhMjM4ZmM1MWExY2Q1MmU4Y2U5ZTU3OTczOTE3NTp7InVzZXJfaWQiOjQsIl9zZXNzaW9uX2V4cGlyeSI6MH0=','2018-03-16 07:24:51.655836'),('zg2ln9ysos7rwi19n7ri9rpmipztb70u','YWFiZTFkNmVmY2IzZGZjYWU0YTRhNGRjOWNhNjZhNTEzMmI2NDA0Mzp7Il9zZXNzaW9uX2V4cGlyeSI6MH0=','2018-03-29 23:16:05.684753'),('zk7uw8366svspm4q33l7legh0sgll0oz','YjUzNjc0ZjYzZDJhMjM4ZmM1MWExY2Q1MmU4Y2U5ZTU3OTczOTE3NTp7InVzZXJfaWQiOjQsIl9zZXNzaW9uX2V4cGlyeSI6MH0=','2018-03-31 09:04:18.623770'),('zldkcq96nyb8q5eso1xtbwmm4u9f6o9x','YWFiZTFkNmVmY2IzZGZjYWU0YTRhNGRjOWNhNjZhNTEzMmI2NDA0Mzp7Il9zZXNzaW9uX2V4cGlyeSI6MH0=','2018-03-09 03:59:52.039350'),('zmvz86tnggkwelqb9ho2q57xmhdzqsri','YjUzNjc0ZjYzZDJhMjM4ZmM1MWExY2Q1MmU4Y2U5ZTU3OTczOTE3NTp7InVzZXJfaWQiOjQsIl9zZXNzaW9uX2V4cGlyeSI6MH0=','2018-03-22 08:16:40.890942');
/*!40000 ALTER TABLE `django_session` ENABLE KEYS */;
UNLOCK TABLES;
/*!40103 SET TIME_ZONE=@OLD_TIME_ZONE */;

/*!40101 SET SQL_MODE=@OLD_SQL_MODE */;
/*!40014 SET FOREIGN_KEY_CHECKS=@OLD_FOREIGN_KEY_CHECKS */;
/*!40014 SET UNIQUE_CHECKS=@OLD_UNIQUE_CHECKS */;
/*!40101 SET CHARACTER_SET_CLIENT=@OLD_CHARACTER_SET_CLIENT */;
/*!40101 SET CHARACTER_SET_RESULTS=@OLD_CHARACTER_SET_RESULTS */;
/*!40101 SET COLLATION_CONNECTION=@OLD_COLLATION_CONNECTION */;
/*!40111 SET SQL_NOTES=@OLD_SQL_NOTES */;

-- Dump completed on 2018-03-25 10:10:08
