-- MySQL dump 10.13  Distrib 5.7.21, for Linux (x86_64)
--
-- Host: localhost    Database: bathhouse
-- ------------------------------------------------------
-- Server version	5.7.21-0ubuntu0.16.04.1

/*!40101 SET @OLD_CHARACTER_SET_CLIENT=@@CHARACTER_SET_CLIENT */;
/*!40101 SET @OLD_CHARACTER_SET_RESULTS=@@CHARACTER_SET_RESULTS */;
/*!40101 SET @OLD_COLLATION_CONNECTION=@@COLLATION_CONNECTION */;
/*!40101 SET NAMES utf8 */;
/*!40103 SET @OLD_TIME_ZONE=@@TIME_ZONE */;
/*!40103 SET TIME_ZONE='+00:00' */;
/*!40014 SET @OLD_UNIQUE_CHECKS=@@UNIQUE_CHECKS, UNIQUE_CHECKS=0 */;
/*!40014 SET @OLD_FOREIGN_KEY_CHECKS=@@FOREIGN_KEY_CHECKS, FOREIGN_KEY_CHECKS=0 */;
/*!40101 SET @OLD_SQL_MODE=@@SQL_MODE, SQL_MODE='NO_AUTO_VALUE_ON_ZERO' */;
/*!40111 SET @OLD_SQL_NOTES=@@SQL_NOTES, SQL_NOTES=0 */;

--
-- Table structure for table `accounting_income`
--

DROP TABLE IF EXISTS `accounting_income`;
/*!40101 SET @saved_cs_client     = @@character_set_client */;
/*!40101 SET character_set_client = utf8 */;
CREATE TABLE `accounting_income` (
  `id` int(11) NOT NULL AUTO_INCREMENT,
  `customer_name` varchar(60) DEFAULT NULL,
  `total` decimal(25,15) NOT NULL,
  `date` datetime(6) NOT NULL,
  `payment_method_id` int(11) DEFAULT NULL,
  `recorder_id` int(11) NOT NULL,
  `card_no` varchar(60) NOT NULL,
  `is_deleted` tinyint(1) NOT NULL,
  `is_paid` tinyint(1) NOT NULL,
  `vip_id` int(11) DEFAULT NULL,
  `gender` tinyint(1) NOT NULL,
  PRIMARY KEY (`id`),
  KEY `accounting_income_recorder_id_080fbab5_fk_accountin` (`recorder_id`),
  KEY `accounting_income_payment_method_id_051be954_fk_accountin` (`payment_method_id`),
  KEY `accounting_income_vip_id_e7338ff9_fk_accounting_vip_id` (`vip_id`),
  CONSTRAINT `accounting_income_payment_method_id_051be954_fk_accountin` FOREIGN KEY (`payment_method_id`) REFERENCES `accounting_paymentmethod` (`id`),
  CONSTRAINT `accounting_income_recorder_id_080fbab5_fk_accountin` FOREIGN KEY (`recorder_id`) REFERENCES `accounting_systemuser` (`id`),
  CONSTRAINT `accounting_income_vip_id_e7338ff9_fk_accounting_vip_id` FOREIGN KEY (`vip_id`) REFERENCES `accounting_vip` (`id`)
) ENGINE=InnoDB AUTO_INCREMENT=379 DEFAULT CHARSET=utf8;
/*!40101 SET character_set_client = @saved_cs_client */;

--
-- Dumping data for table `accounting_income`
--

LOCK TABLES `accounting_income` WRITE;
/*!40000 ALTER TABLE `accounting_income` DISABLE KEYS */;
INSERT INTO `accounting_income` VALUES (1,NULL,0.000000000000000,'2018-02-21 02:03:06.863212',NULL,2,'23',1,0,NULL,0),(2,NULL,0.000000000000000,'2018-02-21 02:25:18.036731',NULL,2,'18',1,0,NULL,0),(3,NULL,0.000000000000000,'2018-02-21 02:34:49.335369',NULL,2,'18',1,0,NULL,0),(4,NULL,0.000000000000000,'2018-02-21 02:34:49.390681',NULL,2,'18',1,0,NULL,0),(5,NULL,32.000000000000000,'2018-02-21 03:02:16.417704',1,2,'17',0,1,NULL,0),(6,NULL,0.000000000000000,'2018-02-21 03:13:15.682733',NULL,2,'21',1,0,NULL,0),(7,NULL,32.000000000000000,'2018-02-21 03:14:40.490179',1,2,'36',0,1,NULL,0),(8,NULL,22.000000000000000,'2018-02-21 03:16:12.537321',3,2,'7',0,1,NULL,0),(9,NULL,42.000000000000000,'2018-02-21 03:17:34.757568',3,2,'5',0,1,NULL,0),(10,NULL,52.000000000000000,'2018-02-22 11:28:12.468310',1,2,'18',0,1,NULL,0),(11,NULL,0.000000000000000,'2018-02-22 11:37:16.543060',NULL,2,'0',1,0,NULL,0),(12,NULL,108.000000000000000,'2018-02-22 11:40:21.592976',3,2,'29',0,1,NULL,1),(13,NULL,0.000000000000000,'2018-02-22 13:49:54.781052',NULL,2,'0',1,0,NULL,0),(14,NULL,35.000000000000000,'2018-02-23 02:34:24.952897',1,3,'1',0,1,NULL,0),(15,NULL,27.000000000000000,'2018-02-23 02:34:30.059249',1,3,'14',0,1,NULL,0),(16,NULL,59.000000000000000,'2018-02-23 02:34:35.106514',1,3,'16',0,1,NULL,0),(17,NULL,0.000000000000000,'2018-02-23 02:35:09.243792',NULL,3,'8',1,0,NULL,1),(18,NULL,0.000000000000000,'2018-02-23 02:35:24.172211',NULL,3,'30',1,0,NULL,1),(19,NULL,0.000000000000000,'2018-02-23 02:35:34.822506',NULL,3,'34',1,0,NULL,1),(20,NULL,0.000000000000000,'2018-02-23 02:35:42.179393',NULL,3,'15',1,0,NULL,1),(21,NULL,0.000000000000000,'2018-02-23 02:35:44.593776',NULL,3,'16',1,0,NULL,1),(22,NULL,0.000000000000000,'2018-02-23 02:35:46.403306',NULL,3,'14',1,0,NULL,1),(23,NULL,0.000000000000000,'2018-02-23 02:35:58.039180',NULL,3,'32',1,0,NULL,1),(24,NULL,0.000000000000000,'2018-02-23 02:36:04.480258',NULL,3,'25',1,0,NULL,1),(25,NULL,0.000000000000000,'2018-02-23 02:36:09.560781',NULL,3,'28',1,0,NULL,1),(26,NULL,0.000000000000000,'2018-02-23 02:36:17.057276',NULL,3,'29',1,0,NULL,1),(27,NULL,33.000000000000000,'2018-02-23 02:50:23.505422',1,3,'31',0,1,NULL,1),(28,NULL,0.000000000000000,'2018-02-23 02:57:19.785293',NULL,3,'3',1,0,NULL,0),(29,NULL,0.000000000000000,'2018-02-23 02:58:29.831514',NULL,3,'3',1,0,NULL,0),(30,NULL,0.000000000000000,'2018-02-23 03:01:33.958064',NULL,3,'3',1,0,NULL,0),(31,NULL,0.000000000000000,'2018-02-23 06:03:03.487253',1,3,'1',0,1,NULL,0),(32,NULL,37.000000000000000,'2018-02-23 06:08:03.906443',1,3,'21',0,1,NULL,0),(33,NULL,0.000000000000000,'2018-02-23 06:10:34.775551',NULL,3,'0',1,0,NULL,0),(34,'陈健',22.000000000000000,'2018-02-23 14:02:05.534214',2,3,'2',0,1,3,0),(35,NULL,0.000000000000000,'2018-02-23 14:08:27.747029',1,3,'1',0,1,NULL,0),(36,NULL,22.000000000000000,'2018-02-23 14:10:01.711242',1,3,'1',0,1,NULL,0),(37,NULL,58.000000000000000,'2018-02-24 03:19:57.564532',6,2,'0',0,1,NULL,0),(38,NULL,37.000000000000000,'2018-02-24 03:20:00.590660',1,2,'1',0,1,NULL,0),(39,NULL,22.000000000000000,'2018-02-24 03:20:03.973942',1,2,'7',0,1,NULL,0),(40,NULL,22.000000000000000,'2018-02-24 03:20:07.462274',1,2,'14',0,1,NULL,0),(41,NULL,62.000000000000000,'2018-02-24 03:20:12.598909',7,2,'21',0,1,NULL,0),(42,NULL,22.000000000000000,'2018-02-24 03:20:19.260783',7,2,'28',0,1,NULL,0),(43,NULL,37.000000000000000,'2018-02-24 03:30:07.993673',1,2,'0',0,1,NULL,0),(44,NULL,37.000000000000000,'2018-02-24 03:34:49.950580',5,2,'2',0,1,NULL,0),(45,NULL,0.000000000000000,'2018-02-24 03:38:12.325889',NULL,2,'2',1,0,NULL,0),(46,NULL,77.000000000000000,'2018-02-24 04:24:27.858140',1,2,'9',0,1,NULL,0),(47,NULL,37.000000000000000,'2018-02-24 04:26:58.788581',1,2,'34',0,1,NULL,0),(48,NULL,22.000000000000000,'2018-02-24 04:28:17.628296',6,2,'7',0,1,NULL,0),(49,NULL,37.000000000000000,'2018-02-24 05:31:58.941570',1,2,'20',0,1,NULL,0),(50,NULL,22.000000000000000,'2018-02-24 06:35:24.201103',1,2,'7',0,1,NULL,0),(51,NULL,22.000000000000000,'2018-02-24 06:52:58.489629',1,2,'28',0,1,NULL,0),(52,NULL,37.000000000000000,'2018-02-24 07:03:11.211876',1,2,'14',0,1,NULL,0),(53,NULL,33.000000000000000,'2018-02-24 07:03:48.623197',1,2,'15',0,1,NULL,1),(54,NULL,67.000000000000000,'2018-02-24 07:20:01.154653',6,2,'2',0,1,NULL,0),(55,NULL,22.000000000000000,'2018-02-24 07:27:25.981914',1,2,'34',0,1,NULL,0),(56,NULL,77.000000000000000,'2018-02-24 07:27:38.622844',1,2,'21',0,1,NULL,0),(57,NULL,37.000000000000000,'2018-02-24 07:28:04.160056',6,2,'35',0,1,NULL,0),(58,NULL,57.000000000000000,'2018-02-24 07:28:12.684309',6,2,'29',0,1,NULL,0),(59,NULL,77.000000000000000,'2018-02-24 07:28:19.175405',1,2,'20',0,1,NULL,0),(60,NULL,22.000000000000000,'2018-02-24 07:28:24.879608',4,2,'7',0,1,NULL,0),(61,NULL,37.000000000000000,'2018-02-24 07:28:31.593722',1,2,'1',0,1,NULL,0),(62,NULL,37.000000000000000,'2018-02-24 07:28:37.143158',1,2,'22',0,1,NULL,0),(63,NULL,22.000000000000000,'2018-02-24 07:28:47.197753',1,2,'24',0,1,NULL,0),(64,NULL,18.000000000000000,'2018-02-24 07:29:26.053012',1,2,'7',0,1,NULL,1),(65,NULL,18.000000000000000,'2018-02-24 07:29:30.447439',1,2,'14',0,1,NULL,1),(66,NULL,123.000000000000000,'2018-02-24 07:29:38.463197',1,2,'36',0,1,NULL,1),(67,NULL,18.000000000000000,'2018-02-24 07:29:43.675605',1,2,'28',0,1,NULL,1),(68,NULL,33.000000000000000,'2018-02-24 07:29:49.085340',6,2,'32',0,1,NULL,1),(69,NULL,18.000000000000000,'2018-02-24 07:29:54.567800',1,2,'31',0,1,NULL,1),(70,NULL,63.000000000000000,'2018-02-24 07:29:58.711473',1,2,'15',0,1,NULL,1),(71,NULL,18.000000000000000,'2018-02-24 07:30:06.321383',4,2,'29',0,1,NULL,1),(72,NULL,37.000000000000000,'2018-02-24 07:40:50.471160',1,2,'0',0,1,NULL,0),(73,NULL,22.000000000000000,'2018-02-24 08:33:20.275667',7,2,'10',0,1,NULL,0),(74,NULL,22.000000000000000,'2018-02-24 08:33:27.944334',7,2,'30',0,1,NULL,0),(75,NULL,47.000000000000000,'2018-02-24 08:33:41.412635',1,2,'28',0,1,NULL,0),(76,NULL,33.000000000000000,'2018-02-24 08:33:53.962552',4,2,'20',0,1,NULL,1),(77,NULL,18.000000000000000,'2018-02-24 08:33:58.625606',4,2,'16',0,1,NULL,1),(78,NULL,72.000000000000000,'2018-02-24 08:52:43.315913',1,2,'59',0,1,NULL,0),(79,NULL,53.000000000000000,'2018-02-24 09:58:25.781435',4,2,'7',0,1,NULL,1),(80,NULL,22.000000000000000,'2018-02-24 09:58:40.020480',1,2,'20',0,1,NULL,0),(81,NULL,57.000000000000000,'2018-02-24 09:58:45.140595',7,2,'37',0,1,NULL,0),(82,NULL,62.000000000000000,'2018-02-24 09:58:54.217992',4,2,'34',0,1,NULL,0),(83,NULL,57.000000000000000,'2018-02-24 09:58:59.318144',4,2,'35',0,1,NULL,0),(84,NULL,33.000000000000000,'2018-02-24 10:15:46.172051',1,2,'31',0,1,NULL,1),(85,NULL,37.000000000000000,'2018-02-24 10:15:50.710467',6,2,'14',0,1,NULL,0),(86,NULL,37.000000000000000,'2018-02-24 10:15:58.393921',6,2,'16',0,1,NULL,0),(87,NULL,37.000000000000000,'2018-02-24 11:00:11.458813',1,2,'22',0,1,NULL,0),(88,NULL,37.000000000000000,'2018-02-24 11:03:54.313707',1,2,'0',0,1,NULL,0),(89,NULL,57.000000000000000,'2018-02-24 11:04:08.053153',6,2,'21',0,1,NULL,0),(90,NULL,48.000000000000000,'2018-02-24 13:33:00.483503',6,2,'36',0,1,NULL,1),(91,NULL,93.000000000000000,'2018-02-24 13:33:13.263630',6,2,'47',0,1,NULL,1),(92,NULL,0.000000000000000,'2018-02-25 01:51:42.709394',NULL,3,'14',1,0,NULL,0),(93,NULL,0.000000000000000,'2018-02-25 01:51:56.999145',NULL,3,'18',1,0,NULL,0),(94,NULL,0.000000000000000,'2018-02-25 01:52:11.513527',NULL,3,'14',1,0,NULL,1),(95,NULL,0.000000000000000,'2018-02-25 01:52:17.676207',NULL,3,'18',1,0,NULL,1),(96,NULL,28.000000000000000,'2018-02-25 01:52:24.736576',1,3,'32',0,1,NULL,1),(97,NULL,83.000000000000000,'2018-02-25 01:56:11.166168',6,3,'7',0,1,NULL,1),(98,NULL,0.000000000000000,'2018-02-25 01:56:25.686785',NULL,3,'28',1,0,NULL,1),(99,NULL,42.000000000000000,'2018-02-25 02:23:12.885609',1,3,'20',0,1,NULL,0),(100,NULL,22.000000000000000,'2018-02-25 02:24:55.498159',7,3,'17',0,1,NULL,0),(101,NULL,43.000000000000000,'2018-02-25 02:25:37.061156',1,3,'18',0,1,NULL,1),(102,NULL,51.000000000000000,'2018-02-25 02:26:16.053628',1,3,'14',0,1,NULL,1),(103,NULL,42.000000000000000,'2018-02-25 02:27:26.584704',1,3,'28',0,1,NULL,0),(104,NULL,42.000000000000000,'2018-02-25 02:28:14.369601',1,3,'34',0,1,NULL,0),(105,NULL,32.000000000000000,'2018-02-25 02:29:02.090985',1,3,'7',0,1,NULL,0),(106,NULL,22.000000000000000,'2018-02-25 02:29:08.229080',1,3,'9',0,1,NULL,0),(107,NULL,32.000000000000000,'2018-02-25 02:29:12.284600',1,3,'14',0,1,NULL,0),(108,NULL,22.000000000000000,'2018-02-25 02:29:17.692001',1,3,'10',0,1,NULL,0),(109,NULL,32.000000000000000,'2018-02-25 02:29:23.837617',6,3,'21',0,1,NULL,0),(110,NULL,52.000000000000000,'2018-02-25 02:29:29.227448',6,3,'22',0,1,NULL,0),(111,NULL,0.000000000000000,'2018-02-25 02:29:34.883989',NULL,3,'29',1,0,NULL,0),(112,NULL,22.000000000000000,'2018-02-25 02:29:39.619722',1,3,'30',0,1,NULL,0),(113,NULL,42.000000000000000,'2018-02-25 02:29:45.505160',1,3,'35',0,1,NULL,0),(114,NULL,22.000000000000000,'2018-02-25 02:29:55.686441',1,3,'17',0,1,NULL,0),(115,NULL,22.000000000000000,'2018-02-25 02:30:01.214788',1,3,'28',0,1,NULL,0),(116,NULL,0.000000000000000,'2018-02-25 02:55:45.124361',NULL,3,'0',1,0,NULL,1),(117,NULL,18.000000000000000,'2018-02-25 02:55:47.768900',1,3,'5',0,1,NULL,1),(118,NULL,18.000000000000000,'2018-02-25 02:57:43.459222',1,3,'4',0,1,NULL,1),(119,NULL,0.000000000000000,'2018-02-25 03:39:34.491882',NULL,3,'20',1,0,NULL,0),(120,NULL,0.000000000000000,'2018-02-25 03:39:41.225373',NULL,3,'34',1,0,NULL,0),(121,NULL,52.000000000000000,'2018-02-25 03:40:04.770685',1,3,'21',0,1,NULL,0),(122,NULL,92.000000000000000,'2018-02-25 03:41:03.061943',1,3,'14',0,1,NULL,0),(123,NULL,52.000000000000000,'2018-02-25 03:41:05.424112',1,3,'7',0,1,NULL,0),(124,NULL,43.000000000000000,'2018-02-25 04:03:39.821642',1,3,'31',0,1,NULL,1),(125,NULL,0.000000000000000,'2018-02-25 04:33:44.459620',NULL,3,'35',1,0,NULL,0),(126,NULL,0.000000000000000,'2018-02-25 04:40:56.336010',NULL,3,'16',1,0,NULL,0),(127,NULL,0.000000000000000,'2018-02-25 04:41:02.827797',NULL,3,'22',1,0,NULL,0),(128,NULL,0.000000000000000,'2018-02-25 04:44:41.945006',NULL,3,'0',1,0,NULL,0),(129,NULL,0.000000000000000,'2018-02-25 04:44:44.084935',NULL,3,'1',1,0,NULL,0),(130,NULL,0.000000000000000,'2018-02-25 05:03:42.244821',NULL,3,'14',1,0,NULL,1),(131,NULL,0.000000000000000,'2018-02-25 05:03:48.147916',NULL,3,'18',1,0,NULL,1),(132,NULL,32.000000000000000,'2018-02-25 05:16:34.187393',1,3,'2',0,1,NULL,0),(133,NULL,32.000000000000000,'2018-02-25 05:16:40.223417',1,3,'9',0,1,NULL,0),(134,NULL,37.000000000000000,'2018-02-25 05:29:51.327919',1,3,'37',0,1,NULL,0),(135,NULL,32.000000000000000,'2018-02-25 05:29:59.153456',1,3,'21',0,1,NULL,0),(136,NULL,37.000000000000000,'2018-02-25 05:30:04.796428',1,3,'30',0,1,NULL,0),(137,NULL,0.000000000000000,'2018-02-25 05:31:17.513666',NULL,3,'38',1,0,NULL,0),(138,NULL,0.000000000000000,'2018-02-25 05:31:26.255452',NULL,3,'24',1,0,NULL,0),(139,NULL,0.000000000000000,'2018-02-25 05:32:08.485102',NULL,3,'10',1,0,NULL,0),(140,NULL,0.000000000000000,'2018-02-25 05:32:15.612377',NULL,3,'8',1,0,NULL,1),(141,NULL,0.000000000000000,'2018-02-25 05:32:27.989991',NULL,3,'31',1,0,NULL,1),(142,NULL,0.000000000000000,'2018-02-25 05:32:31.750335',NULL,3,'34',1,0,NULL,1),(143,NULL,0.000000000000000,'2018-02-25 05:32:35.631569',NULL,3,'9',1,0,NULL,1),(144,NULL,0.000000000000000,'2018-02-25 05:32:40.226648',NULL,3,'28',1,0,NULL,1),(145,NULL,0.000000000000000,'2018-02-25 05:35:42.455962',NULL,3,'14',1,0,NULL,0),(146,NULL,0.000000000000000,'2018-02-25 05:44:23.187236',NULL,3,'28',1,0,NULL,0),(147,NULL,0.000000000000000,'2018-02-25 05:49:17.803470',NULL,3,'7',1,0,NULL,0),(148,NULL,0.000000000000000,'2018-02-25 05:49:22.506016',NULL,3,'4',1,0,NULL,0),(149,NULL,0.000000000000000,'2018-02-25 05:49:27.308675',NULL,3,'18',1,0,NULL,0),(150,NULL,0.000000000000000,'2018-02-25 05:49:31.915179',NULL,3,'17',1,0,NULL,0),(151,NULL,0.000000000000000,'2018-02-25 05:49:36.748112',NULL,3,'12',1,0,NULL,0),(152,NULL,0.000000000000000,'2018-02-25 05:50:06.521082',NULL,3,'16',1,0,NULL,1),(153,NULL,0.000000000000000,'2018-02-25 05:50:09.856376',NULL,3,'15',1,0,NULL,1),(154,NULL,0.000000000000000,'2018-02-25 05:50:14.389684',NULL,3,'24',1,0,NULL,1),(155,NULL,0.000000000000000,'2018-02-25 06:48:50.173964',NULL,3,'9',1,0,NULL,0),(156,NULL,0.000000000000000,'2018-02-25 06:48:56.832493',NULL,3,'7',1,0,NULL,0),(157,NULL,0.000000000000000,'2018-02-25 06:48:59.428095',NULL,3,'0',1,0,NULL,0),(158,NULL,98.000000000000000,'2018-02-26 00:41:20.784623',1,2,'8',0,1,NULL,1),(159,NULL,28.000000000000000,'2018-02-26 00:51:40.658964',1,2,'18',0,1,NULL,1),(160,NULL,42.000000000000000,'2018-02-26 00:51:54.407517',4,2,'14',0,1,NULL,0),(161,NULL,62.000000000000000,'2018-02-26 00:51:59.289779',1,2,'20',0,1,NULL,0),(162,NULL,47.000000000000000,'2018-02-26 00:52:03.696158',1,2,'21',0,1,NULL,0),(163,NULL,22.000000000000000,'2018-02-26 01:11:46.534385',1,2,'0',0,1,NULL,0),(164,NULL,67.000000000000000,'2018-02-26 01:11:50.899343',1,2,'7',0,1,NULL,0),(165,NULL,22.000000000000000,'2018-02-26 01:12:02.088741',1,2,'22',0,1,NULL,0),(166,NULL,0.000000000000000,'2018-02-26 01:32:33.941209',NULL,2,'24',1,0,NULL,0),(167,NULL,43.000000000000000,'2018-02-26 01:32:47.972888',6,2,'24',0,1,NULL,1),(168,NULL,22.000000000000000,'2018-02-26 02:23:35.071563',1,2,'14',0,1,NULL,0),(169,NULL,22.000000000000000,'2018-02-26 02:54:11.043079',1,2,'17',0,1,NULL,0),(170,NULL,68.000000000000000,'2018-02-26 03:22:20.797381',4,2,'18',0,1,NULL,1),(171,NULL,37.000000000000000,'2018-02-26 03:22:31.139756',1,2,'34',0,1,NULL,0),(172,NULL,22.000000000000000,'2018-02-26 03:48:36.902715',4,2,'0',0,1,NULL,0),(173,NULL,42.000000000000000,'2018-02-26 04:08:46.074381',6,2,'20',0,1,NULL,0),(174,NULL,43.000000000000000,'2018-02-26 05:19:44.922122',1,2,'14',0,1,NULL,1),(175,NULL,43.000000000000000,'2018-02-26 05:19:57.811319',1,2,'31',0,1,NULL,1),(176,NULL,47.000000000000000,'2018-02-26 05:20:08.227507',1,2,'14',0,1,NULL,0),(177,NULL,47.000000000000000,'2018-02-26 05:20:14.967250',1,2,'34',0,1,NULL,0),(178,NULL,0.000000000000000,'2018-02-26 05:45:21.689386',NULL,2,'7',1,0,NULL,0),(179,NULL,22.000000000000000,'2018-02-26 06:34:23.052966',4,2,'0',0,1,NULL,0),(180,NULL,62.000000000000000,'2018-02-26 06:34:27.655818',4,2,'21',0,1,NULL,0),(181,NULL,82.000000000000000,'2018-02-26 06:34:32.015234',4,2,'22',0,1,NULL,0),(182,NULL,42.000000000000000,'2018-02-26 06:34:35.800563',4,2,'28',0,1,NULL,0),(183,NULL,28.000000000000000,'2018-02-26 06:34:52.884823',1,2,'32',0,1,NULL,1),(184,NULL,22.000000000000000,'2018-02-26 06:38:27.922963',4,2,'20',0,1,NULL,0),(185,NULL,57.000000000000000,'2018-02-26 06:46:32.337460',6,2,'9',0,1,NULL,0),(186,NULL,22.000000000000000,'2018-02-26 06:46:36.530788',6,2,'29',0,1,NULL,0),(187,NULL,22.000000000000000,'2018-02-26 07:03:41.972084',4,2,'16',0,1,NULL,0),(188,NULL,62.000000000000000,'2018-02-26 07:03:47.674343',4,2,'31',0,1,NULL,0),(189,NULL,37.000000000000000,'2018-02-26 07:13:28.357075',6,2,'18',0,1,NULL,0),(190,NULL,28.000000000000000,'2018-02-26 07:14:00.484548',1,2,'28',0,1,NULL,1),(191,NULL,40.000000000000000,'2018-02-26 07:14:35.327823',1,2,'20',0,1,NULL,0),(192,NULL,33.000000000000000,'2018-02-26 08:11:28.872072',1,2,'4',0,1,NULL,1),(193,NULL,18.000000000000000,'2018-02-26 08:11:40.258783',1,2,'38',0,1,NULL,1),(194,NULL,38.000000000000000,'2018-02-26 08:11:51.619781',6,2,'15',0,1,NULL,1),(195,NULL,0.000000000000000,'2018-02-26 08:12:00.098688',NULL,2,'24',1,0,NULL,1),(196,NULL,67.000000000000000,'2018-02-26 08:12:06.929283',1,2,'59',0,1,NULL,0),(197,NULL,0.000000000000000,'2018-02-26 08:29:29.151633',NULL,2,'1',1,0,NULL,0),(198,NULL,18.000000000000000,'2018-02-26 08:31:15.299982',7,2,'14',0,1,NULL,1),(199,NULL,0.000000000000000,'2018-02-26 08:31:16.846588',NULL,2,'8',1,0,NULL,1),(200,NULL,18.000000000000000,'2018-02-26 08:31:20.388840',7,2,'7',0,1,NULL,1),(201,NULL,0.000000000000000,'2018-02-26 08:31:25.683405',NULL,2,'0',1,0,NULL,1),(202,NULL,52.000000000000000,'2018-02-26 08:31:31.208867',7,2,'14',0,1,NULL,0),(203,NULL,22.000000000000000,'2018-02-26 08:34:34.931443',7,2,'22',0,1,NULL,0),(204,NULL,37.000000000000000,'2018-02-26 08:56:00.312337',6,2,'37',0,1,NULL,0),(205,NULL,18.000000000000000,'2018-02-26 09:02:55.467996',4,2,'31',0,1,NULL,1),(206,NULL,37.000000000000000,'2018-02-26 09:03:23.962928',1,2,'29',0,1,NULL,1),(207,NULL,68.000000000000000,'2018-02-26 09:10:32.519387',1,2,'18',0,1,NULL,1),(208,NULL,18.000000000000000,'2018-02-26 09:14:35.887871',7,2,'5',0,1,NULL,1),(209,NULL,32.000000000000000,'2018-02-26 09:17:41.592826',1,2,'28',0,1,NULL,0),(210,NULL,22.000000000000000,'2018-02-26 09:29:58.559162',6,2,'0',0,1,NULL,0),(211,NULL,22.000000000000000,'2018-02-26 09:38:54.938709',1,2,'34',0,1,NULL,0),(212,NULL,22.000000000000000,'2018-02-26 10:03:05.091196',7,2,'14',0,1,NULL,0),(213,NULL,122.000000000000000,'2018-02-26 10:40:51.819243',1,2,'20',0,1,NULL,0),(214,NULL,67.000000000000000,'2018-02-26 11:23:44.993730',6,2,'34',0,1,NULL,0),(215,NULL,43.000000000000000,'2018-02-26 11:28:46.842888',1,2,'7',0,1,NULL,1),(216,NULL,88.000000000000000,'2018-02-26 11:29:49.740589',6,2,'32',0,1,NULL,1),(217,NULL,22.000000000000000,'2018-02-26 12:00:16.241297',1,2,'35',0,1,NULL,0),(218,NULL,50.000000000000000,'2018-02-26 12:38:51.829339',4,2,'59',0,1,NULL,0),(219,NULL,32.000000000000000,'2018-02-27 00:12:32.523752',1,2,'22',0,1,NULL,0),(220,NULL,0.000000000000000,'2018-02-27 00:37:13.207264',NULL,2,'0',1,0,NULL,1),(221,NULL,18.000000000000000,'2018-02-27 00:37:19.343316',1,2,'14',0,1,NULL,1),(222,NULL,32.000000000000000,'2018-02-27 01:00:07.539989',4,2,'9',0,1,NULL,0),(223,NULL,57.000000000000000,'2018-02-27 01:00:41.711146',1,2,'28',0,1,NULL,0),(224,NULL,0.000000000000000,'2018-02-27 01:04:35.118924',NULL,2,'2',1,0,NULL,1),(225,NULL,22.000000000000000,'2018-02-27 01:23:37.727716',1,2,'1',0,1,NULL,0),(226,NULL,32.000000000000000,'2018-02-27 01:23:41.984967',1,2,'34',0,1,NULL,0),(227,NULL,32.000000000000000,'2018-02-27 01:36:11.674775',1,2,'29',0,1,NULL,0),(228,NULL,48.000000000000000,'2018-02-27 01:38:21.997728',1,2,'24',0,1,NULL,1),(229,NULL,18.000000000000000,'2018-02-27 01:38:24.068217',1,2,'28',0,1,NULL,1),(230,NULL,22.000000000000000,'2018-02-27 01:49:52.594783',1,2,'0',0,1,NULL,0),(231,NULL,32.000000000000000,'2018-02-27 02:05:52.101663',7,2,'17',0,1,NULL,0),(232,NULL,32.000000000000000,'2018-02-27 02:07:51.069319',6,2,'20',0,1,NULL,0),(233,NULL,22.000000000000000,'2018-02-27 02:07:53.915467',6,2,'35',0,1,NULL,0),(234,NULL,22.000000000000000,'2018-02-27 03:10:54.310569',1,2,'21',0,1,NULL,0),(235,NULL,0.000000000000000,'2018-02-27 03:52:02.539425',NULL,2,'38',1,0,NULL,0),(236,NULL,77.000000000000000,'2018-02-27 04:03:29.490894',1,2,'7',0,1,NULL,0),(237,NULL,37.000000000000000,'2018-02-27 04:07:48.725549',6,2,'20',0,1,NULL,0),(238,NULL,52.000000000000000,'2018-02-27 04:07:50.688837',6,2,'34',0,1,NULL,0),(239,NULL,37.000000000000000,'2018-02-27 04:07:51.197397',6,2,'35',0,1,NULL,0),(240,NULL,42.000000000000000,'2018-02-27 04:25:32.223416',4,2,'14',0,1,NULL,0),(241,NULL,32.000000000000000,'2018-02-27 04:26:39.591840',1,2,'31',0,1,NULL,0),(242,NULL,97.000000000000000,'2018-02-27 04:32:45.168755',1,2,'28',0,1,NULL,0),(243,NULL,18.000000000000000,'2018-02-27 04:49:45.069983',1,2,'31',0,1,NULL,1),(244,NULL,42.000000000000000,'2018-02-27 04:49:48.956232',1,2,'21',0,1,NULL,0),(245,NULL,67.000000000000000,'2018-02-27 05:31:17.203262',1,2,'22',0,1,NULL,0),(246,NULL,68.000000000000000,'2018-02-27 05:38:54.455663',1,2,'14',0,1,NULL,1),(247,NULL,0.000000000000000,'2018-02-27 05:38:55.132887',NULL,2,'8',1,0,NULL,1),(248,NULL,103.000000000000000,'2018-02-27 05:39:04.369709',4,2,'15',0,1,NULL,1),(249,NULL,18.000000000000000,'2018-02-27 05:39:05.554096',1,2,'18',0,1,NULL,1),(250,NULL,118.000000000000000,'2018-02-27 06:03:14.413184',1,2,'38',0,1,NULL,1),(251,NULL,22.000000000000000,'2018-02-27 06:06:49.181033',4,2,'35',0,1,NULL,0),(252,NULL,32.000000000000000,'2018-02-27 06:11:35.565354',1,2,'7',0,1,NULL,0),(253,NULL,22.000000000000000,'2018-02-27 06:11:59.533100',1,2,'0',0,1,NULL,0),(254,NULL,47.000000000000000,'2018-02-27 06:12:00.772179',6,2,'21',0,1,NULL,0),(255,NULL,32.000000000000000,'2018-02-27 06:13:23.945061',1,2,'34',0,1,NULL,0),(256,NULL,58.000000000000000,'2018-02-27 06:28:29.376612',6,2,'32',0,1,NULL,1),(257,NULL,57.000000000000000,'2018-02-27 06:49:32.620694',1,2,'20',0,1,NULL,0),(258,NULL,0.000000000000000,'2018-02-27 07:09:39.013448',NULL,2,'31',1,0,NULL,1),(259,NULL,22.000000000000000,'2018-02-27 07:57:49.748766',6,2,'38',0,1,NULL,0),(260,NULL,28.000000000000000,'2018-02-27 10:07:25.458577',1,2,'31',0,1,NULL,1),(261,NULL,52.000000000000000,'2018-02-27 11:00:38.432404',6,2,'0',0,1,NULL,0),(262,NULL,62.000000000000000,'2018-02-27 11:30:58.422856',1,2,'2',0,1,NULL,0),(263,NULL,62.000000000000000,'2018-02-27 11:31:00.261590',6,2,'14',0,1,NULL,0),(264,NULL,118.000000000000000,'2018-02-27 11:31:07.149909',7,2,'29',0,1,NULL,1),(265,NULL,88.000000000000000,'2018-02-27 11:50:58.658096',6,2,'7',0,1,NULL,1),(266,NULL,32.000000000000000,'2018-02-27 11:56:05.371179',6,2,'34',0,1,NULL,0),(267,NULL,32.000000000000000,'2018-02-28 01:07:07.943594',6,3,'0',0,1,NULL,0),(268,NULL,92.000000000000000,'2018-02-28 01:07:12.731031',6,3,'35',0,1,NULL,0),(269,NULL,47.000000000000000,'2018-02-28 01:07:14.292234',1,3,'7',0,1,NULL,0),(270,NULL,42.000000000000000,'2018-02-28 01:07:19.553536',1,3,'28',0,1,NULL,0),(271,NULL,47.000000000000000,'2018-02-28 01:07:23.150713',1,3,'34',0,1,NULL,0),(272,NULL,33.000000000000000,'2018-02-28 01:07:27.906536',7,3,'31',0,1,NULL,1),(273,NULL,43.000000000000000,'2018-02-28 01:07:28.987252',1,3,'32',0,1,NULL,1),(274,NULL,32.000000000000000,'2018-02-28 01:15:54.043777',1,3,'20',0,1,NULL,0),(275,NULL,42.000000000000000,'2018-02-28 01:16:20.973982',1,3,'14',0,1,NULL,0),(276,NULL,54.000000000000000,'2018-02-28 01:22:49.124985',1,3,'16',0,1,NULL,0),(277,NULL,68.000000000000000,'2018-02-28 01:22:57.493074',1,3,'15',0,1,NULL,1),(278,NULL,48.000000000000000,'2018-02-28 01:23:28.348093',1,3,'34',0,1,NULL,1),(279,NULL,22.000000000000000,'2018-02-28 01:56:32.627181',1,3,'21',0,1,NULL,0),(280,NULL,62.000000000000000,'2018-02-28 02:01:18.690092',1,3,'34',0,1,NULL,0),(281,NULL,77.000000000000000,'2018-02-28 02:22:39.601673',1,3,'28',0,1,NULL,0),(282,NULL,57.000000000000000,'2018-02-28 02:45:10.240608',6,3,'16',0,1,NULL,0),(283,NULL,0.000000000000000,'2018-02-28 03:48:41.159037',NULL,3,'9',1,0,NULL,0),(284,NULL,22.000000000000000,'2018-02-28 03:49:17.378338',6,3,'14',0,1,NULL,0),(285,NULL,22.000000000000000,'2018-02-28 03:49:20.066372',1,3,'20',0,1,NULL,0),(286,NULL,32.000000000000000,'2018-02-28 03:52:37.166737',1,3,'7',0,1,NULL,0),(287,NULL,138.000000000000000,'2018-02-28 04:18:08.519810',1,3,'18',0,1,NULL,1),(288,NULL,37.000000000000000,'2018-02-28 04:43:57.281909',1,3,'35',0,1,NULL,0),(289,NULL,28.000000000000000,'2018-02-28 04:45:43.044112',1,3,'31',0,1,NULL,1),(290,NULL,0.000000000000000,'2018-02-28 04:54:00.176599',NULL,3,'29',1,0,NULL,1),(291,NULL,0.000000000000000,'2018-02-28 04:58:36.006511',NULL,3,'21',1,0,NULL,0),(292,NULL,22.000000000000000,'2018-02-28 04:58:38.980336',6,3,'30',0,1,NULL,0),(293,NULL,67.000000000000000,'2018-02-28 04:58:41.116005',6,3,'28',0,1,NULL,0),(294,NULL,52.000000000000000,'2018-02-28 05:01:54.466056',1,3,'37',0,1,NULL,0),(295,NULL,28.000000000000000,'2018-02-28 05:02:15.194115',1,3,'28',0,1,NULL,1),(296,NULL,57.000000000000000,'2018-02-28 05:12:53.170934',1,3,'22',0,1,NULL,0),(297,NULL,22.000000000000000,'2018-02-28 05:33:22.808216',1,3,'0',0,1,NULL,0),(298,NULL,57.000000000000000,'2018-02-28 05:39:43.601284',1,3,'29',0,1,NULL,0),(299,NULL,18.000000000000000,'2018-02-28 05:47:13.112808',1,3,'32',0,1,NULL,1),(300,NULL,18.000000000000000,'2018-02-28 05:47:18.533865',1,3,'14',0,1,NULL,1),(301,NULL,18.000000000000000,'2018-02-28 05:47:20.791837',1,3,'34',0,1,NULL,1),(302,NULL,18.000000000000000,'2018-02-28 05:47:25.812167',1,3,'24',0,1,NULL,1),(303,NULL,28.000000000000000,'2018-02-28 05:51:13.066392',1,3,'15',0,1,NULL,1),(304,'王少剑',30.000000000000000,'2018-02-28 06:19:12.653767',2,3,'35',0,1,70,0),(305,'王少剑',65.000000000000000,'2018-02-28 06:19:14.490544',2,3,'16',0,1,70,0),(306,'陈健',60.000000000000000,'2018-02-28 06:27:52.048204',2,3,'59',0,1,3,0),(307,NULL,32.000000000000000,'2018-02-28 06:29:32.067152',1,3,'1',0,1,NULL,0),(308,NULL,32.000000000000000,'2018-02-28 06:29:34.621781',1,3,'31',0,1,NULL,0),(309,NULL,52.000000000000000,'2018-02-28 06:29:37.573863',1,3,'17',0,1,NULL,0),(310,NULL,57.000000000000000,'2018-02-28 06:42:16.128264',1,3,'24',0,1,NULL,0),(311,NULL,37.000000000000000,'2018-02-28 06:42:18.615971',1,3,'38',0,1,NULL,0),(312,NULL,22.000000000000000,'2018-02-28 06:48:22.963694',1,3,'2',0,1,NULL,0),(313,NULL,22.000000000000000,'2018-02-28 06:48:24.662363',1,3,'4',0,1,NULL,0),(314,NULL,22.000000000000000,'2018-02-28 06:48:26.910025',6,3,'10',0,1,NULL,0),(315,NULL,22.000000000000000,'2018-02-28 06:48:28.106593',6,3,'9',0,1,NULL,0),(316,NULL,43.000000000000000,'2018-02-28 07:09:28.029778',6,3,'8',0,1,NULL,1),(317,NULL,0.000000000000000,'2018-02-28 07:09:33.584443',NULL,3,'9',1,0,NULL,1),(318,NULL,67.000000000000000,'2018-02-28 07:09:44.043610',1,3,'18',0,1,NULL,0),(319,NULL,0.000000000000000,'2018-02-28 07:09:47.330316',NULL,3,'25',1,0,NULL,0),(320,NULL,0.000000000000000,'2018-02-28 07:46:47.736724',NULL,3,'20',1,0,NULL,1),(321,NULL,50.000000000000000,'2018-02-28 07:49:35.787024',1,3,'28',0,1,NULL,1),(322,NULL,22.000000000000000,'2018-02-28 08:10:24.600796',6,3,'30',0,1,NULL,0),(323,NULL,102.000000000000000,'2018-02-28 08:16:41.151740',6,3,'28',0,1,NULL,0),(324,NULL,82.000000000000000,'2018-02-28 08:27:02.241663',6,3,'21',0,1,NULL,0),(325,NULL,30.000000000000000,'2018-02-28 08:31:58.021701',1,3,'1',0,1,NULL,0),(326,NULL,83.000000000000000,'2018-02-28 08:45:29.990766',6,3,'31',0,1,NULL,1),(327,NULL,22.000000000000000,'2018-02-28 08:53:02.943891',1,3,'10',0,1,NULL,0),(328,NULL,22.000000000000000,'2018-02-28 08:54:25.684922',1,3,'37',0,1,NULL,0),(329,NULL,37.000000000000000,'2018-02-28 08:54:41.319926',1,3,'31',0,1,NULL,0),(330,NULL,0.000000000000000,'2018-02-28 09:08:11.166839',NULL,3,'22',1,0,NULL,1),(331,NULL,32.000000000000000,'2018-02-28 10:04:00.624063',1,3,'2',0,1,NULL,0),(332,NULL,18.000000000000000,'2018-02-28 10:14:12.456279',1,3,'18',0,1,NULL,1),(333,NULL,18.000000000000000,'2018-02-28 10:14:15.613551',1,3,'14',0,1,NULL,1),(334,NULL,23.000000000000000,'2018-02-28 10:14:17.621867',1,3,'4',0,1,NULL,1),(335,NULL,47.000000000000000,'2018-02-28 10:18:13.836158',6,3,'35',0,1,NULL,0),(336,NULL,52.000000000000000,'2018-02-28 10:47:58.183540',1,3,'21',0,1,NULL,0),(337,NULL,33.000000000000000,'2018-02-28 10:56:13.909423',6,3,'14',0,1,NULL,0),(338,NULL,68.000000000000000,'2018-02-28 10:59:20.794051',1,3,'14',0,1,NULL,1),(339,NULL,32.000000000000000,'2018-02-28 10:59:23.107704',1,3,'20',0,1,NULL,0),(340,NULL,102.000000000000000,'2018-02-28 11:04:16.251158',7,3,'7',0,1,NULL,0),(341,NULL,32.000000000000000,'2018-02-28 11:12:19.545299',1,3,'30',0,1,NULL,0),(342,NULL,32.000000000000000,'2018-02-28 11:12:23.955019',1,3,'37',0,1,NULL,0),(343,NULL,32.000000000000000,'2018-03-01 00:41:00.401945',6,2,'20',0,1,NULL,0),(344,'林广辉',22.000000000000000,'2018-03-01 01:05:49.108546',2,2,'34',0,1,72,0),(345,NULL,32.000000000000000,'2018-03-01 01:22:52.321868',1,2,'14',0,1,NULL,0),(346,NULL,52.000000000000000,'2018-03-01 01:36:58.896409',1,2,'0',0,1,NULL,0),(347,NULL,32.000000000000000,'2018-03-01 01:58:47.415558',1,2,'16',0,1,NULL,0),(348,NULL,32.000000000000000,'2018-03-01 01:58:48.055783',1,2,'17',0,1,NULL,0),(349,NULL,102.000000000000000,'2018-03-01 02:24:18.865758',1,2,'7',0,1,NULL,0),(350,NULL,32.000000000000000,'2018-03-01 02:24:21.489593',6,2,'28',0,1,NULL,0),(351,NULL,28.000000000000000,'2018-03-01 03:51:35.588545',7,2,'7',0,1,NULL,1),(352,NULL,28.000000000000000,'2018-03-01 03:51:36.156526',7,2,'8',0,1,NULL,1),(353,'李洪兵',1.000000000000000,'2018-03-01 03:59:38.439942',2,2,'59',0,1,27,0),(354,'李洪兵',1.000000000000000,'2018-03-01 04:00:53.757461',2,2,'59',0,1,27,0),(355,'李洪兵',1.000000000000000,'2018-03-01 04:02:00.687604',2,2,'59',0,1,27,0),(356,NULL,46.000000000000000,'2018-03-01 04:06:49.140856',1,2,'38',0,1,NULL,0),(357,NULL,22.000000000000000,'2018-03-01 04:43:51.724888',1,2,'7',0,1,NULL,0),(358,NULL,0.000000000000000,'2018-03-01 04:43:55.549788',NULL,2,'14',0,0,NULL,1),(359,NULL,0.000000000000000,'2018-03-01 04:43:55.996048',NULL,2,'15',0,0,NULL,1),(360,NULL,0.000000000000000,'2018-03-01 04:48:49.112376',NULL,2,'31',0,0,NULL,1),(361,NULL,0.000000000000000,'2018-03-01 05:03:03.480633',NULL,2,'34',0,0,NULL,0),(362,NULL,0.000000000000000,'2018-03-01 05:03:04.158434',NULL,2,'26',1,0,NULL,0),(363,NULL,0.000000000000000,'2018-03-01 05:03:07.321402',NULL,2,'35',0,0,NULL,0),(364,NULL,32.000000000000000,'2018-03-01 05:04:50.822520',1,2,'16',0,1,NULL,0),(365,NULL,0.000000000000000,'2018-03-01 05:06:38.660406',NULL,2,'16',0,0,NULL,1),(366,NULL,0.000000000000000,'2018-03-01 05:24:58.634389',NULL,2,'20',0,0,NULL,0),(367,NULL,0.000000000000000,'2018-03-01 05:25:00.455323',NULL,2,'28',0,0,NULL,0),(368,NULL,42.000000000000000,'2018-03-01 05:25:24.038489',1,2,'29',0,1,NULL,0),(369,NULL,32.000000000000000,'2018-03-01 05:29:03.349948',1,2,'14',0,1,NULL,0),(370,NULL,0.000000000000000,'2018-03-01 05:40:04.545816',NULL,2,'28',0,0,NULL,1),(371,NULL,62.000000000000000,'2018-03-01 05:40:09.157873',1,2,'21',0,1,NULL,0),(372,NULL,0.000000000000000,'2018-03-01 05:52:51.121513',NULL,2,'7',0,0,NULL,0),(373,NULL,0.000000000000000,'2018-03-01 06:00:02.505987',NULL,2,'9',0,0,NULL,0),(374,NULL,0.000000000000000,'2018-03-01 06:00:55.436831',NULL,2,'0',0,0,NULL,0),(375,NULL,0.000000000000000,'2018-03-01 06:00:57.498251',NULL,2,'59',0,0,NULL,0),(376,NULL,0.000000000000000,'2018-03-01 06:07:52.392730',NULL,2,'24',0,0,NULL,1),(377,NULL,0.000000000000000,'2018-03-01 06:56:32.940335',NULL,2,'22',0,0,NULL,0),(378,NULL,0.000000000000000,'2018-03-01 06:56:36.146632',NULL,2,'32',0,0,NULL,1);
/*!40000 ALTER TABLE `accounting_income` ENABLE KEYS */;
UNLOCK TABLES;

--
-- Table structure for table `accounting_item`
--

DROP TABLE IF EXISTS `accounting_item`;
/*!40101 SET @saved_cs_client     = @@character_set_client */;
/*!40101 SET character_set_client = utf8 */;
CREATE TABLE `accounting_item` (
  `id` int(11) NOT NULL AUTO_INCREMENT,
  `name` varchar(60) NOT NULL,
  `price` decimal(25,15) NOT NULL,
  `cost` decimal(25,15) NOT NULL,
  `is_deleted` tinyint(1) NOT NULL,
  `promote_ratio` decimal(25,15) NOT NULL,
  PRIMARY KEY (`id`)
) ENGINE=InnoDB AUTO_INCREMENT=1000006 DEFAULT CHARSET=utf8;
/*!40101 SET character_set_client = @saved_cs_client */;

--
-- Dumping data for table `accounting_item`
--

LOCK TABLES `accounting_item` WRITE;
/*!40000 ALTER TABLE `accounting_item` DISABLE KEYS */;
INSERT INTO `accounting_item` VALUES (1,'男浴资',22.000000000000000,0.000000000000000,0,0.000000000000000),(2,'女浴资',18.000000000000000,0.000000000000000,0,0.000000000000000),(3,'搓背',10.000000000000000,0.000000000000000,0,0.700000000000000),(4,'搓泥宝',10.000000000000000,0.000000000000000,0,0.600000000000000),(5,'打醋',15.000000000000000,0.000000000000000,0,0.600000000000000),(6,'5元搓澡巾',5.000000000000000,0.000000000000000,0,0.000000000000000),(7,'10元搓澡巾',10.000000000000000,0.000000000000000,0,0.000000000000000),(8,'盐，奶，硫磺，姜，芦荟',15.000000000000000,0.000000000000000,0,0.600000000000000),(9,'二合一组合',20.000000000000000,0.000000000000000,0,0.600000000000000),(10,'蜂蜜+奶',25.000000000000000,0.000000000000000,0,0.600000000000000),(11,'三合一组合',30.000000000000000,0.000000000000000,0,0.600000000000000),(12,'蜂蜜，蛋，奶',40.000000000000000,0.000000000000000,0,0.600000000000000),(13,'精油推背',40.000000000000000,0.000000000000000,0,0.600000000000000),(14,'大礼包',50.000000000000000,0.000000000000000,0,0.600000000000000),(15,'精油全身',60.000000000000000,0.000000000000000,0,0.600000000000000),(16,'足疗',20.000000000000000,0.000000000000000,0,0.700000000000000),(17,'捏脚',20.000000000000000,0.000000000000000,0,0.700000000000000),(18,'精细足疗',40.000000000000000,0.000000000000000,0,0.700000000000000),(19,'局部推拿',20.000000000000000,0.000000000000000,0,0.700000000000000),(20,'拔罐',15.000000000000000,0.000000000000000,0,0.700000000000000),(21,'走罐',20.000000000000000,0.000000000000000,0,0.700000000000000),(22,'传统竹罐',20.000000000000000,0.000000000000000,0,0.700000000000000),(23,'刮痧',20.000000000000000,0.000000000000000,0,0.700000000000000),(24,'修脚',20.000000000000000,0.000000000000000,0,0.700000000000000),(25,'精局部推拿',30.000000000000000,0.000000000000000,0,0.700000000000000),(26,'红绿茶，王老吉。碗面',5.000000000000000,0.000000000000000,1,0.000000000000000),(27,'火疗',60.000000000000000,0.000000000000000,0,0.700000000000000),(29,'茶水',15.000000000000000,0.000000000000000,0,0.000000000000000),(30,'水，饮料，碗面',5.000000000000000,0.000000000000000,0,0.000000000000000),(31,'花茶+姜汁',10.000000000000000,0.000000000000000,0,0.000000000000000),(1000003,'豆奶',8.000000000000000,0.000000000000000,0,0.000000000000000),(1000004,'洗发水',1.000000000000000,0.000000000000000,0,0.000000000000000),(1000005,'普通毛巾',4.000000000000000,0.000000000000000,0,0.000000000000000);
/*!40000 ALTER TABLE `accounting_item` ENABLE KEYS */;
UNLOCK TABLES;

--
-- Table structure for table `accounting_job`
--

DROP TABLE IF EXISTS `accounting_job`;
/*!40101 SET @saved_cs_client     = @@character_set_client */;
/*!40101 SET character_set_client = utf8 */;
CREATE TABLE `accounting_job` (
  `id` int(11) NOT NULL AUTO_INCREMENT,
  `name` varchar(60) NOT NULL,
  `priviledge` int(11) NOT NULL,
  `is_deleted` tinyint(1) NOT NULL,
  PRIMARY KEY (`id`)
) ENGINE=InnoDB AUTO_INCREMENT=9 DEFAULT CHARSET=utf8;
/*!40101 SET character_set_client = @saved_cs_client */;

--
-- Dumping data for table `accounting_job`
--

LOCK TABLES `accounting_job` WRITE;
/*!40000 ALTER TABLE `accounting_job` DISABLE KEYS */;
INSERT INTO `accounting_job` VALUES (1,'系统管理员',0,0),(2,'经理',0,0),(3,'收银员',20,0),(4,'搓澡工',100,0),(5,'搓澡工',100,1),(6,'搓澡操作员',15,0),(7,'大堂服务',100,0),(8,'大堂服务',100,0);
/*!40000 ALTER TABLE `accounting_job` ENABLE KEYS */;
UNLOCK TABLES;

--
-- Table structure for table `accounting_paymentmethod`
--

DROP TABLE IF EXISTS `accounting_paymentmethod`;
/*!40101 SET @saved_cs_client     = @@character_set_client */;
/*!40101 SET character_set_client = utf8 */;
CREATE TABLE `accounting_paymentmethod` (
  `id` int(11) NOT NULL AUTO_INCREMENT,
  `name` varchar(60) NOT NULL,
  `real_income` tinyint(1) NOT NULL,
  `is_deleted` tinyint(1) NOT NULL,
  PRIMARY KEY (`id`)
) ENGINE=InnoDB AUTO_INCREMENT=8 DEFAULT CHARSET=utf8;
/*!40101 SET character_set_client = @saved_cs_client */;

--
-- Dumping data for table `accounting_paymentmethod`
--

LOCK TABLES `accounting_paymentmethod` WRITE;
/*!40000 ALTER TABLE `accounting_paymentmethod` DISABLE KEYS */;
INSERT INTO `accounting_paymentmethod` VALUES (1,'现金',1,0),(2,'会员卡',1,0),(3,'微信/支付宝',1,1),(4,'借记卡/信用卡',1,0),(5,'混合支付',1,0),(6,'微信',1,0),(7,'支付宝',1,0);
/*!40000 ALTER TABLE `accounting_paymentmethod` ENABLE KEYS */;
UNLOCK TABLES;

--
-- Table structure for table `accounting_service`
--

DROP TABLE IF EXISTS `accounting_service`;
/*!40101 SET @saved_cs_client     = @@character_set_client */;
/*!40101 SET character_set_client = utf8 */;
CREATE TABLE `accounting_service` (
  `id` int(11) NOT NULL AUTO_INCREMENT,
  `income_id` int(11) NOT NULL,
  `item_id` int(11) DEFAULT NULL,
  `staff_id` int(11) DEFAULT NULL,
  `is_deleted` tinyint(1) NOT NULL,
  `item_no` decimal(25,15) NOT NULL,
  `recorder_id` int(11) DEFAULT NULL,
  PRIMARY KEY (`id`),
  KEY `accounting_service_income_id_24f7a33b_fk_accounting_income_id` (`income_id`),
  KEY `accounting_service_staff_id_12f25be6_fk_accounting_staff_id` (`staff_id`),
  KEY `accounting_service_item_id_16a17ee0_fk_accounting_item_id` (`item_id`),
  KEY `accounting_service_recorder_id_5e9f3247_fk_accountin` (`recorder_id`),
  CONSTRAINT `accounting_service_income_id_24f7a33b_fk_accounting_income_id` FOREIGN KEY (`income_id`) REFERENCES `accounting_income` (`id`),
  CONSTRAINT `accounting_service_item_id_16a17ee0_fk_accounting_item_id` FOREIGN KEY (`item_id`) REFERENCES `accounting_item` (`id`),
  CONSTRAINT `accounting_service_recorder_id_5e9f3247_fk_accountin` FOREIGN KEY (`recorder_id`) REFERENCES `accounting_systemuser` (`id`),
  CONSTRAINT `accounting_service_staff_id_12f25be6_fk_accounting_staff_id` FOREIGN KEY (`staff_id`) REFERENCES `accounting_staff` (`id`)
) ENGINE=InnoDB AUTO_INCREMENT=771 DEFAULT CHARSET=utf8;
/*!40101 SET character_set_client = @saved_cs_client */;

--
-- Dumping data for table `accounting_service`
--

LOCK TABLES `accounting_service` WRITE;
/*!40000 ALTER TABLE `accounting_service` DISABLE KEYS */;
INSERT INTO `accounting_service` VALUES (1,2,2,NULL,0,1.000000000000000,2),(2,4,4,6,0,1.000000000000000,2),(3,4,4,6,1,1.000000000000000,2),(4,4,2,NULL,0,1.000000000000000,2),(5,5,2,NULL,0,1.000000000000000,2),(6,5,4,6,0,1.000000000000000,2),(7,6,2,NULL,0,1.000000000000000,2),(8,7,2,NULL,0,1.000000000000000,2),(9,7,4,6,0,1.000000000000000,2),(10,8,2,NULL,0,1.000000000000000,2),(11,9,2,NULL,0,1.000000000000000,2),(12,9,4,6,0,2.000000000000000,2),(13,10,2,NULL,0,1.000000000000000,2),(14,10,4,6,1,0.000000000000000,2),(15,10,9,NULL,1,0.000000000000000,2),(16,10,8,NULL,1,0.000000000000000,2),(17,10,4,6,1,0.000000000000000,5),(18,10,15,6,1,0.000000000000000,5),(19,11,2,NULL,0,1.000000000000000,2),(20,11,5,NULL,0,1.000000000000000,2),(21,12,3,NULL,0,1.000000000000000,2),(22,12,4,7,1,0.000000000000000,2),(23,12,4,7,0,1.000000000000000,2),(24,12,12,7,0,2.000000000000000,2),(25,12,23,6,0,1.000000000000000,2),(26,10,2,6,1,0.000000000000000,5),(27,10,4,6,0,1.000000000000000,5),(28,10,10,6,0,1.000000000000000,5),(29,10,1,NULL,1,0.000000000000000,2),(30,13,8,NULL,1,0.000000000000000,2),(31,14,27,NULL,1,0.000000000000000,3),(32,14,7,NULL,1,0.000000000000000,3),(33,14,5,NULL,1,0.000000000000000,3),(34,14,6,6,0,1.000000000000000,5),(35,16,6,11,0,1.000000000000000,5),(36,16,27,11,1,0.000000000000000,5),(37,15,2,NULL,0,1.000000000000000,3),(38,15,26,NULL,0,1.000000000000000,3),(39,27,3,NULL,0,1.000000000000000,3),(40,27,4,7,1,0.000000000000000,3),(41,27,6,7,0,1.000000000000000,3),(42,14,10,6,1,0.000000000000000,5),(43,14,10,6,0,1.000000000000000,5),(44,29,2,NULL,1,0.000000000000000,3),(45,29,6,7,1,0.000000000000000,3),(46,16,2,11,0,2.000000000000000,3),(47,32,2,NULL,0,1.000000000000000,3),(48,32,6,NULL,0,1.000000000000000,3),(49,33,2,NULL,1,0.000000000000000,3),(50,34,1,NULL,0,1.000000000000000,3),(51,36,1,NULL,0,1.000000000000000,3),(52,37,1,NULL,0,1.000000000000000,2),(53,37,7,11,0,1.000000000000000,5),(54,37,12,11,1,0.000000000000000,5),(55,37,29,11,1,0.000000000000000,2),(56,37,29,NULL,0,1.000000000000000,2),(57,44,1,NULL,0,1.000000000000000,2),(58,44,6,NULL,0,1.000000000000000,2),(59,45,1,NULL,1,0.000000000000000,2),(60,43,1,NULL,0,1.000000000000000,2),(61,43,9,NULL,0,1.000000000000000,2),(62,42,1,NULL,0,1.000000000000000,2),(63,41,1,NULL,0,1.000000000000000,2),(64,41,13,11,0,1.000000000000000,2),(65,46,1,NULL,0,1.000000000000000,2),(66,46,9,6,0,2.000000000000000,2),(67,46,7,6,0,1.000000000000000,2),(68,46,10,6,0,1.000000000000000,2),(69,39,1,NULL,0,1.000000000000000,2),(70,47,1,NULL,0,1.000000000000000,2),(71,47,9,6,0,1.000000000000000,2),(72,38,1,NULL,0,1.000000000000000,2),(73,38,9,NULL,0,1.000000000000000,2),(74,48,1,NULL,0,1.000000000000000,2),(75,40,1,NULL,0,1.000000000000000,2),(76,49,1,NULL,0,1.000000000000000,2),(77,49,9,NULL,0,1.000000000000000,2),(78,50,1,NULL,0,1.000000000000000,2),(79,51,1,NULL,0,1.000000000000000,2),(80,53,2,NULL,0,1.000000000000000,2),(81,53,9,NULL,1,0.000000000000000,2),(82,53,19,NULL,0,1.000000000000000,2),(83,54,1,NULL,0,1.000000000000000,2),(84,54,9,NULL,1,0.000000000000000,2),(85,54,25,NULL,0,1.000000000000000,2),(86,54,27,NULL,0,1.000000000000000,2),(87,54,9,NULL,1,0.000000000000000,2),(88,54,9,6,0,2.000000000000000,2),(89,55,1,NULL,0,1.000000000000000,2),(90,63,1,NULL,0,1.000000000000000,2),(91,72,1,NULL,0,1.000000000000000,2),(92,72,9,NULL,1,0.000000000000000,2),(93,72,13,11,1,0.000000000000000,2),(94,72,9,NULL,1,0.000000000000000,2),(95,72,9,11,0,1.000000000000000,2),(96,78,1,NULL,0,1.000000000000000,2),(97,78,9,NULL,0,1.000000000000000,2),(98,78,23,NULL,0,1.000000000000000,2),(99,78,24,NULL,0,1.000000000000000,2),(100,64,2,NULL,0,1.000000000000000,2),(101,71,2,NULL,0,1.000000000000000,2),(102,68,2,NULL,0,1.000000000000000,2),(103,68,9,NULL,1,0.000000000000000,2),(104,68,9,7,0,1.000000000000000,2),(105,65,2,NULL,0,1.000000000000000,2),(106,70,2,NULL,0,1.000000000000000,2),(107,70,9,7,0,1.000000000000000,2),(108,70,12,7,0,1.000000000000000,2),(109,66,2,NULL,0,1.000000000000000,2),(110,66,9,7,0,1.000000000000000,2),(111,66,5,7,1,0.000000000000000,2),(112,66,12,7,0,2.000000000000000,2),(113,66,10,7,0,1.000000000000000,2),(114,66,5,NULL,0,1.000000000000000,2),(115,67,2,NULL,0,1.000000000000000,2),(116,69,2,NULL,0,1.000000000000000,2),(117,52,1,NULL,0,1.000000000000000,2),(118,52,9,11,0,1.000000000000000,2),(119,61,1,NULL,0,1.000000000000000,2),(120,61,9,6,0,1.000000000000000,2),(121,59,1,NULL,0,1.000000000000000,2),(122,59,9,11,0,1.000000000000000,2),(123,59,10,11,0,1.000000000000000,2),(124,59,16,6,0,1.000000000000000,2),(125,57,1,NULL,0,1.000000000000000,2),(126,57,9,11,0,1.000000000000000,2),(127,58,1,NULL,0,1.000000000000000,2),(128,58,9,6,0,1.000000000000000,2),(129,58,21,6,0,1.000000000000000,2),(130,62,1,NULL,0,1.000000000000000,2),(131,62,9,6,0,1.000000000000000,2),(132,75,1,NULL,0,1.000000000000000,2),(133,75,9,11,0,1.000000000000000,2),(134,75,5,11,0,1.000000000000000,2),(135,73,1,NULL,0,1.000000000000000,2),(136,74,1,NULL,0,1.000000000000000,2),(137,60,1,NULL,0,1.000000000000000,2),(138,56,1,NULL,0,1.000000000000000,2),(139,56,9,6,0,1.000000000000000,2),(140,56,18,6,0,1.000000000000000,2),(141,56,21,6,0,1.000000000000000,2),(142,77,2,NULL,0,1.000000000000000,2),(143,76,2,NULL,1,0.000000000000000,2),(144,76,9,NULL,1,0.000000000000000,2),(145,76,2,NULL,0,1.000000000000000,2),(146,76,9,7,0,1.000000000000000,2),(147,80,10,6,1,0.000000000000000,5),(148,80,11,6,1,0.000000000000000,5),(149,80,3,6,1,0.000000000000000,5),(150,84,2,NULL,0,1.000000000000000,2),(151,84,9,7,0,1.000000000000000,2),(152,85,1,NULL,0,1.000000000000000,2),(153,85,9,11,0,1.000000000000000,2),(154,81,1,NULL,0,1.000000000000000,2),(155,81,9,6,0,1.000000000000000,2),(156,81,10,6,0,1.000000000000000,2),(157,80,1,NULL,0,1.000000000000000,2),(158,86,1,NULL,0,1.000000000000000,2),(159,86,9,6,0,1.000000000000000,2),(160,80,5,6,0,1.000000000000000,5),(161,88,1,NULL,0,1.000000000000000,2),(162,88,9,11,0,1.000000000000000,2),(163,87,1,NULL,0,1.000000000000000,2),(164,87,9,6,0,1.000000000000000,2),(165,89,9,7,1,0.000000000000000,5),(166,89,22,7,1,0.000000000000000,5),(167,82,7,6,1,0.000000000000000,5),(168,89,1,NULL,0,1.000000000000000,2),(169,89,9,6,0,1.000000000000000,2),(170,89,23,6,0,1.000000000000000,2),(171,82,10,6,1,0.000000000000000,5),(172,82,2,11,1,0.000000000000000,5),(173,79,2,NULL,0,1.000000000000000,2),(174,79,9,7,0,1.000000000000000,2),(175,79,23,11,0,1.000000000000000,2),(176,82,1,NULL,0,1.000000000000000,2),(177,82,9,11,0,1.000000000000000,2),(178,82,10,11,0,1.000000000000000,2),(179,82,25,11,0,1.000000000000000,2),(180,83,1,NULL,0,1.000000000000000,2),(181,83,9,6,0,1.000000000000000,2),(182,83,10,6,0,1.000000000000000,2),(183,90,16,NULL,1,0.000000000000000,2),(184,90,2,NULL,0,1.000000000000000,2),(185,90,9,7,0,1.000000000000000,2),(186,90,6,7,0,1.000000000000000,2),(187,91,2,NULL,0,1.000000000000000,2),(188,91,9,7,0,1.000000000000000,2),(189,91,6,7,0,1.000000000000000,2),(190,91,7,7,0,1.000000000000000,2),(191,91,13,7,0,1.000000000000000,2),(192,96,2,7,0,1.000000000000000,5),(193,96,4,12,0,1.000000000000000,5),(194,98,7,12,1,0.000000000000000,5),(195,99,1,NULL,0,1.000000000000000,3),(196,99,4,NULL,0,1.000000000000000,3),(197,99,8,NULL,0,1.000000000000000,3),(198,100,1,NULL,0,1.000000000000000,3),(199,101,2,NULL,0,1.000000000000000,3),(200,101,4,NULL,0,1.000000000000000,3),(201,101,6,NULL,0,1.000000000000000,3),(202,102,2,NULL,0,1.000000000000000,3),(203,102,4,NULL,0,1.000000000000000,3),(204,102,6,NULL,0,1.000000000000000,3),(205,102,25,NULL,0,1.000000000000000,3),(206,102,29,NULL,0,3.000000000000000,3),(207,103,1,NULL,0,1.000000000000000,3),(208,103,4,NULL,0,2.000000000000000,3),(209,104,1,NULL,0,1.000000000000000,3),(210,104,16,NULL,0,1.000000000000000,3),(211,107,4,13,0,1.000000000000000,5),(212,105,4,13,0,1.000000000000000,5),(213,109,4,11,0,1.000000000000000,5),(214,113,16,6,0,1.000000000000000,5),(215,110,4,6,0,1.000000000000000,5),(216,110,10,6,0,1.000000000000000,5),(217,97,4,7,0,1.000000000000000,5),(218,97,6,7,0,1.000000000000000,5),(219,112,1,NULL,0,1.000000000000000,3),(220,97,2,7,0,1.000000000000000,5),(221,98,1,12,1,0.000000000000000,5),(222,98,1,12,0,1.000000000000000,5),(223,98,4,12,0,6.000000000000000,5),(224,106,1,NULL,0,1.000000000000000,3),(225,105,1,13,0,1.000000000000000,3),(226,108,1,NULL,0,1.000000000000000,3),(227,107,1,13,0,1.000000000000000,3),(228,110,1,6,0,1.000000000000000,3),(229,109,1,11,0,1.000000000000000,3),(230,113,1,6,0,1.000000000000000,3),(231,97,14,7,0,1.000000000000000,5),(232,117,2,NULL,0,1.000000000000000,3),(233,118,2,NULL,0,1.000000000000000,3),(234,124,3,7,0,1.000000000000000,5),(235,124,5,7,0,1.000000000000000,5),(236,121,1,NULL,0,1.000000000000000,3),(237,121,3,NULL,0,1.000000000000000,3),(238,121,9,NULL,0,1.000000000000000,3),(239,124,2,7,0,1.000000000000000,3),(240,122,1,NULL,0,1.000000000000000,3),(241,122,3,NULL,0,1.000000000000000,3),(242,122,6,NULL,0,1.000000000000000,3),(243,122,8,NULL,0,1.000000000000000,3),(244,122,16,NULL,0,1.000000000000000,3),(245,122,17,NULL,0,1.000000000000000,3),(246,123,1,NULL,0,1.000000000000000,3),(247,123,16,NULL,0,1.000000000000000,3),(248,123,27,NULL,0,1.000000000000000,3),(249,114,1,NULL,0,1.000000000000000,3),(250,115,1,NULL,0,1.000000000000000,3),(251,135,1,NULL,0,1.000000000000000,3),(252,135,3,NULL,0,1.000000000000000,3),(253,134,1,NULL,0,1.000000000000000,3),(254,134,3,NULL,0,1.000000000000000,3),(255,134,6,NULL,0,1.000000000000000,3),(256,136,1,NULL,0,1.000000000000000,3),(257,136,3,NULL,0,1.000000000000000,3),(258,136,6,NULL,0,1.000000000000000,3),(259,133,1,NULL,0,1.000000000000000,3),(260,133,3,NULL,0,1.000000000000000,3),(261,132,1,NULL,0,1.000000000000000,3),(262,132,3,NULL,0,1.000000000000000,3),(263,158,16,12,1,0.000000000000000,5),(264,160,3,6,0,1.000000000000000,5),(265,160,4,6,0,1.000000000000000,5),(266,161,3,6,0,1.000000000000000,5),(267,161,4,6,0,1.000000000000000,5),(268,162,25,6,0,1.000000000000000,5),(269,159,3,12,0,1.000000000000000,5),(270,160,1,6,1,0.000000000000000,2),(271,160,1,NULL,0,1.000000000000000,2),(272,158,3,7,0,1.000000000000000,5),(273,158,5,7,0,1.000000000000000,5),(274,164,6,6,0,1.000000000000000,5),(275,164,3,6,0,1.000000000000000,5),(276,162,3,13,0,1.000000000000000,5),(277,162,4,13,0,1.000000000000000,5),(278,161,23,6,0,1.000000000000000,5),(279,159,2,NULL,0,1.000000000000000,2),(280,161,1,NULL,0,1.000000000000000,2),(281,162,1,NULL,0,1.000000000000000,2),(282,167,3,12,0,1.000000000000000,5),(283,167,5,12,0,1.000000000000000,5),(284,164,11,11,0,1.000000000000000,5),(285,167,2,NULL,0,1.000000000000000,2),(286,165,1,NULL,0,1.000000000000000,2),(287,158,11,7,0,1.000000000000000,5),(288,158,10,7,0,1.000000000000000,5),(289,163,1,NULL,0,1.000000000000000,2),(290,164,1,NULL,0,1.000000000000000,2),(291,168,1,NULL,0,1.000000000000000,2),(292,158,2,NULL,0,1.000000000000000,2),(293,169,1,NULL,0,1.000000000000000,2),(294,171,3,11,0,1.000000000000000,5),(295,171,6,11,0,1.000000000000000,5),(296,171,1,NULL,0,1.000000000000000,2),(297,170,3,12,0,1.000000000000000,5),(298,170,12,12,0,1.000000000000000,5),(299,173,11,13,1,0.000000000000000,5),(300,173,1,NULL,1,0.000000000000000,2),(301,170,2,12,0,1.000000000000000,2),(302,173,16,13,0,1.000000000000000,5),(303,173,1,NULL,0,1.000000000000000,2),(304,176,3,11,0,1.000000000000000,5),(305,177,3,13,0,1.000000000000000,5),(306,174,3,7,0,1.000000000000000,5),(307,172,1,NULL,0,1.000000000000000,2),(308,174,5,7,0,1.000000000000000,5),(309,175,3,12,0,1.000000000000000,5),(310,175,5,12,0,1.000000000000000,5),(311,184,1,NULL,0,1.000000000000000,2),(312,180,4,6,0,1.000000000000000,5),(313,180,3,6,0,1.000000000000000,5),(314,183,3,12,0,1.000000000000000,5),(315,181,3,11,0,1.000000000000000,5),(316,181,4,11,0,1.000000000000000,5),(317,176,19,6,0,1.000000000000000,5),(318,177,19,6,0,1.000000000000000,5),(319,183,2,NULL,0,1.000000000000000,2),(320,182,2,11,1,0.000000000000000,5),(321,182,1,11,1,0.000000000000000,5),(322,185,24,14,0,1.000000000000000,5),(323,176,1,NULL,0,1.000000000000000,2),(324,180,23,6,0,1.000000000000000,5),(325,181,23,6,0,1.000000000000000,5),(326,177,1,NULL,0,1.000000000000000,2),(327,181,16,13,0,1.000000000000000,5),(328,190,3,7,0,1.000000000000000,5),(329,174,2,NULL,0,1.000000000000000,2),(330,175,2,NULL,0,1.000000000000000,2),(331,191,3,6,0,1.000000000000000,5),(332,180,1,NULL,0,1.000000000000000,2),(333,189,1,NULL,0,1.000000000000000,2),(334,189,25,NULL,0,1.000000000000000,2),(335,189,3,13,0,1.000000000000000,5),(336,191,3,13,0,1.000000000000000,5),(337,191,9,13,0,1.000000000000000,5),(338,181,1,NULL,0,1.000000000000000,2),(339,182,1,NULL,0,1.000000000000000,2),(340,179,1,NULL,0,1.000000000000000,2),(341,182,17,11,0,1.000000000000000,5),(342,196,17,13,0,1.000000000000000,5),(343,194,3,7,0,2.000000000000000,5),(344,192,3,12,0,1.000000000000000,5),(345,192,6,12,0,1.000000000000000,5),(346,188,13,6,0,1.000000000000000,5),(347,206,3,7,0,1.000000000000000,5),(348,196,24,14,0,1.000000000000000,5),(349,196,3,11,0,1.000000000000000,5),(350,207,3,12,0,1.000000000000000,5),(351,207,12,12,0,1.000000000000000,5),(352,190,2,NULL,0,1.000000000000000,2),(353,192,2,NULL,0,1.000000000000000,2),(354,204,3,13,0,1.000000000000000,5),(355,202,3,11,0,1.000000000000000,5),(356,202,9,11,0,1.000000000000000,5),(357,204,6,13,0,1.000000000000000,5),(358,193,2,NULL,0,1.000000000000000,2),(359,207,2,NULL,0,1.000000000000000,2),(360,196,1,NULL,0,1.000000000000000,2),(361,211,1,NULL,0,1.000000000000000,2),(362,209,3,11,0,1.000000000000000,5),(363,202,1,NULL,0,1.000000000000000,2),(364,203,1,NULL,0,1.000000000000000,2),(365,200,2,NULL,0,1.000000000000000,2),(366,198,2,NULL,0,1.000000000000000,2),(367,208,2,NULL,0,1.000000000000000,2),(368,194,2,7,0,1.000000000000000,2),(369,205,2,NULL,0,1.000000000000000,2),(370,206,2,NULL,0,1.000000000000000,2),(371,206,6,NULL,0,1.000000000000000,2),(372,206,29,NULL,0,4.000000000000000,2),(373,187,1,NULL,0,1.000000000000000,2),(374,188,1,NULL,0,1.000000000000000,2),(375,209,1,NULL,0,1.000000000000000,2),(376,204,1,NULL,0,1.000000000000000,2),(377,210,1,NULL,0,1.000000000000000,2),(378,212,1,NULL,0,1.000000000000000,2),(379,185,1,NULL,0,1.000000000000000,2),(380,186,1,NULL,0,1.000000000000000,2),(381,213,4,6,0,1.000000000000000,5),(382,213,3,6,0,1.000000000000000,5),(383,185,23,6,0,1.000000000000000,5),(384,214,11,13,0,1.000000000000000,5),(385,214,3,13,0,1.000000000000000,5),(386,215,3,7,0,1.000000000000000,5),(387,215,5,7,0,1.000000000000000,5),(388,217,1,NULL,0,1.000000000000000,2),(389,215,2,NULL,0,1.000000000000000,2),(390,214,1,NULL,0,1.000000000000000,2),(391,214,25,NULL,0,1.000000000000000,2),(392,218,3,11,0,1.000000000000000,5),(393,218,16,11,0,1.000000000000000,5),(394,218,23,11,0,1.000000000000000,5),(395,213,20,6,0,1.000000000000000,5),(396,213,13,6,0,1.000000000000000,5),(397,213,1,NULL,0,1.000000000000000,2),(398,216,3,12,0,1.000000000000000,5),(399,216,15,12,0,1.000000000000000,5),(400,216,2,12,1,0.000000000000000,2),(401,216,2,NULL,0,1.000000000000000,2),(402,219,3,6,0,1.000000000000000,5),(403,222,3,6,0,1.000000000000000,5),(404,228,7,7,1,0.000000000000000,5),(405,223,3,6,0,1.000000000000000,5),(406,223,9,6,0,1.000000000000000,5),(407,223,7,6,1,0.000000000000000,5),(408,228,7,7,0,1.000000000000000,5),(409,223,6,6,0,1.000000000000000,5),(410,221,2,NULL,0,1.000000000000000,2),(411,226,3,6,0,1.000000000000000,5),(412,228,3,7,0,2.000000000000000,5),(413,223,1,NULL,0,1.000000000000000,2),(414,227,3,11,0,1.000000000000000,5),(415,232,3,13,0,1.000000000000000,5),(416,231,3,11,0,1.000000000000000,5),(417,226,1,NULL,0,1.000000000000000,2),(418,219,1,NULL,0,1.000000000000000,2),(419,231,1,NULL,0,1.000000000000000,2),(420,232,1,NULL,0,1.000000000000000,2),(421,233,1,NULL,0,1.000000000000000,2),(422,230,1,NULL,0,1.000000000000000,2),(423,225,1,NULL,0,1.000000000000000,2),(424,228,2,NULL,0,1.000000000000000,2),(425,229,2,NULL,0,1.000000000000000,2),(426,234,1,NULL,0,1.000000000000000,2),(427,222,1,NULL,0,1.000000000000000,2),(428,236,24,14,0,1.000000000000000,5),(429,236,21,6,0,1.000000000000000,5),(430,236,16,6,0,1.000000000000000,5),(431,238,3,11,0,1.000000000000000,5),(432,239,3,13,0,1.000000000000000,5),(433,239,6,13,0,1.000000000000000,5),(434,237,3,13,0,1.000000000000000,5),(435,237,6,13,0,1.000000000000000,5),(436,227,1,NULL,0,1.000000000000000,2),(437,238,23,11,0,1.000000000000000,5),(438,242,25,14,0,1.000000000000000,5),(439,241,3,11,0,1.000000000000000,5),(440,244,3,13,0,1.000000000000000,5),(441,244,4,13,0,1.000000000000000,5),(442,240,16,6,0,1.000000000000000,5),(443,244,1,NULL,0,1.000000000000000,2),(444,243,2,NULL,0,1.000000000000000,2),(445,238,1,NULL,0,1.000000000000000,2),(446,239,1,NULL,0,1.000000000000000,2),(447,237,1,NULL,0,1.000000000000000,2),(448,241,1,NULL,0,1.000000000000000,2),(449,245,3,6,0,1.000000000000000,5),(450,245,5,6,0,1.000000000000000,5),(451,242,3,13,0,1.000000000000000,5),(452,242,9,13,0,1.000000000000000,5),(453,242,16,13,0,1.000000000000000,5),(454,242,21,13,0,1.000000000000000,5),(455,236,1,NULL,0,1.000000000000000,2),(456,245,23,11,0,1.000000000000000,5),(457,254,3,13,0,1.000000000000000,5),(458,254,5,13,0,1.000000000000000,5),(459,246,3,7,0,2.000000000000000,5),(460,246,5,7,0,2.000000000000000,5),(461,245,1,NULL,0,1.000000000000000,2),(462,254,1,NULL,0,1.000000000000000,2),(463,252,3,11,0,1.000000000000000,5),(464,255,1,13,1,0.000000000000000,5),(465,255,3,13,0,1.000000000000000,5),(466,246,2,NULL,0,1.000000000000000,2),(467,249,2,NULL,0,1.000000000000000,2),(468,248,3,12,0,1.000000000000000,5),(469,248,5,12,0,1.000000000000000,5),(470,257,24,14,0,1.000000000000000,5),(471,248,15,12,0,1.000000000000000,5),(472,242,1,NULL,0,1.000000000000000,2),(473,256,3,12,1,0.000000000000000,5),(474,256,11,12,1,0.000000000000000,5),(475,257,3,11,0,1.000000000000000,5),(476,257,7,11,1,0.000000000000000,5),(477,258,3,12,0,1.000000000000000,5),(478,258,11,12,0,1.000000000000000,5),(479,257,4,11,0,1.000000000000000,5),(480,256,3,12,1,0.000000000000000,5),(481,256,3,7,1,0.000000000000000,5),(482,250,3,7,0,1.000000000000000,5),(483,250,4,7,0,1.000000000000000,5),(484,250,15,7,0,1.000000000000000,5),(485,250,9,7,1,0.000000000000000,5),(486,250,22,7,0,1.000000000000000,5),(487,256,3,12,0,1.000000000000000,5),(488,256,11,12,0,1.000000000000000,5),(489,256,2,NULL,0,1.000000000000000,2),(490,240,1,NULL,0,1.000000000000000,2),(491,257,2,NULL,1,0.000000000000000,2),(492,257,1,11,1,0.000000000000000,2),(493,257,1,NULL,0,1.000000000000000,2),(494,248,2,NULL,0,1.000000000000000,2),(495,250,2,NULL,0,1.000000000000000,2),(496,251,1,NULL,0,1.000000000000000,2),(497,252,1,NULL,0,1.000000000000000,2),(498,255,1,NULL,0,1.000000000000000,2),(499,253,1,NULL,0,1.000000000000000,2),(500,260,2,NULL,0,1.000000000000000,2),(501,260,3,7,0,1.000000000000000,5),(502,259,1,NULL,0,1.000000000000000,2),(503,261,3,13,0,1.000000000000000,5),(504,261,23,13,0,1.000000000000000,5),(505,261,1,NULL,0,1.000000000000000,2),(506,262,3,11,0,1.000000000000000,5),(507,262,4,11,0,1.000000000000000,5),(508,262,9,11,0,1.000000000000000,5),(509,263,3,6,0,1.000000000000000,5),(510,263,1,6,1,0.000000000000000,5),(511,263,9,6,0,1.000000000000000,5),(512,263,4,6,0,1.000000000000000,5),(513,262,1,NULL,0,1.000000000000000,2),(514,266,3,13,0,1.000000000000000,5),(515,263,1,NULL,0,1.000000000000000,2),(516,266,1,NULL,0,1.000000000000000,2),(517,264,3,7,0,1.000000000000000,5),(518,264,15,7,0,1.000000000000000,5),(519,264,11,7,0,1.000000000000000,5),(520,265,3,12,0,1.000000000000000,5),(521,265,12,12,0,1.000000000000000,5),(522,265,22,12,0,1.000000000000000,5),(523,264,2,NULL,0,1.000000000000000,2),(524,265,2,NULL,0,1.000000000000000,2),(525,267,3,6,0,1.000000000000000,5),(526,268,3,6,0,1.000000000000000,5),(527,269,3,11,0,1.000000000000000,5),(528,269,1,11,0,1.000000000000000,5),(529,269,6,11,0,1.000000000000000,5),(530,271,3,11,0,1.000000000000000,5),(531,271,4,11,0,1.000000000000000,5),(532,271,6,11,0,1.000000000000000,5),(533,270,1,13,0,1.000000000000000,5),(534,270,3,13,0,1.000000000000000,5),(535,270,4,13,0,1.000000000000000,5),(536,272,2,NULL,0,1.000000000000000,3),(537,272,3,NULL,0,1.000000000000000,3),(538,272,6,NULL,0,1.000000000000000,3),(539,271,1,11,0,1.000000000000000,3),(540,276,3,13,0,1.000000000000000,5),(541,276,1,13,0,2.000000000000000,3),(542,275,3,11,0,1.000000000000000,5),(543,275,4,11,0,1.000000000000000,5),(544,268,13,6,0,1.000000000000000,5),(545,268,16,6,0,1.000000000000000,5),(546,274,12,13,1,0.000000000000000,5),(547,274,3,13,0,1.000000000000000,5),(548,273,2,NULL,0,1.000000000000000,3),(549,273,3,NULL,0,1.000000000000000,3),(550,273,5,NULL,0,1.000000000000000,3),(551,278,2,NULL,0,1.000000000000000,3),(552,278,3,NULL,0,1.000000000000000,3),(553,278,5,NULL,0,1.000000000000000,3),(554,278,25,NULL,0,1.000000000000000,3),(555,277,3,12,0,1.000000000000000,5),(556,277,12,12,0,1.000000000000000,5),(557,267,1,6,0,1.000000000000000,3),(558,268,1,6,0,1.000000000000000,3),(559,274,1,13,0,1.000000000000000,3),(560,275,1,11,0,1.000000000000000,3),(561,281,3,11,0,1.000000000000000,5),(562,281,8,11,1,0.000000000000000,5),(563,281,11,11,0,1.000000000000000,5),(564,281,5,11,0,1.000000000000000,5),(565,280,20,6,0,1.000000000000000,5),(566,269,7,11,0,1.000000000000000,3),(567,282,3,13,0,1.000000000000000,5),(568,282,4,13,0,2.000000000000000,5),(569,279,1,NULL,0,1.000000000000000,3),(570,282,6,13,0,1.000000000000000,5),(571,277,2,12,0,1.000000000000000,3),(572,280,1,6,0,1.000000000000000,3),(573,282,1,13,0,1.000000000000000,3),(574,281,1,11,0,1.000000000000000,3),(575,286,3,11,0,1.000000000000000,5),(576,288,2,13,1,0.000000000000000,5),(577,288,3,13,0,2.000000000000000,5),(578,288,6,13,0,1.000000000000000,5),(579,295,3,12,0,1.000000000000000,5),(580,288,1,13,0,1.000000000000000,3),(581,291,8,13,0,1.000000000000000,5),(582,291,3,13,0,1.000000000000000,5),(583,291,6,13,1,0.000000000000000,5),(584,293,29,13,1,0.000000000000000,5),(585,293,3,13,0,1.000000000000000,5),(586,293,5,13,0,1.000000000000000,5),(587,294,3,6,0,1.000000000000000,5),(588,296,3,6,0,1.000000000000000,5),(589,289,3,12,0,1.000000000000000,5),(590,294,16,6,0,1.000000000000000,5),(591,291,20,13,0,1.000000000000000,5),(592,291,17,13,1,0.000000000000000,5),(593,293,21,13,0,1.000000000000000,5),(594,306,13,11,0,1.000000000000000,5),(595,303,3,12,0,1.000000000000000,5),(596,289,2,12,0,1.000000000000000,3),(597,305,3,6,0,1.000000000000000,5),(598,307,3,11,0,1.000000000000000,5),(599,306,23,13,0,1.000000000000000,5),(600,303,2,12,0,1.000000000000000,3),(601,295,2,12,0,1.000000000000000,3),(602,309,3,6,0,1.000000000000000,5),(603,305,21,6,0,1.000000000000000,5),(604,305,25,6,0,2.000000000000000,5),(605,305,6,6,0,1.000000000000000,5),(606,308,3,11,0,1.000000000000000,5),(607,311,3,11,0,1.000000000000000,5),(608,311,6,11,0,1.000000000000000,5),(609,309,16,6,0,1.000000000000000,5),(610,319,25,14,0,1.000000000000000,5),(611,310,3,13,0,1.000000000000000,5),(612,310,23,13,0,1.000000000000000,5),(613,310,6,13,0,1.000000000000000,5),(614,318,3,6,0,1.000000000000000,5),(615,318,5,6,0,1.000000000000000,5),(616,304,3,6,0,1.000000000000000,5),(617,298,3,11,0,1.000000000000000,5),(618,298,9,11,0,1.000000000000000,5),(619,316,3,12,0,1.000000000000000,5),(620,316,5,12,0,1.000000000000000,5),(621,305,18,6,0,1.000000000000000,5),(622,307,1,11,0,1.000000000000000,3),(623,309,1,6,0,1.000000000000000,3),(624,292,1,NULL,0,1.000000000000000,3),(625,308,1,11,0,1.000000000000000,3),(626,291,1,13,1,0.000000000000000,3),(627,293,1,13,0,1.000000000000000,3),(628,300,2,NULL,0,1.000000000000000,3),(629,302,2,NULL,0,1.000000000000000,3),(630,299,2,NULL,0,1.000000000000000,3),(631,301,2,NULL,0,1.000000000000000,3),(632,324,1,NULL,0,1.000000000000000,3),(633,314,1,NULL,0,1.000000000000000,3),(634,316,2,12,0,1.000000000000000,3),(635,315,1,NULL,0,1.000000000000000,3),(636,318,23,6,0,1.000000000000000,5),(637,310,1,13,0,1.000000000000000,3),(638,311,1,11,0,1.000000000000000,3),(639,322,1,NULL,0,1.000000000000000,3),(640,294,1,6,0,1.000000000000000,3),(641,323,3,13,0,1.000000000000000,5),(642,323,14,13,0,1.000000000000000,5),(643,324,14,11,0,1.000000000000000,5),(644,324,3,11,0,1.000000000000000,5),(645,298,6,11,0,1.000000000000000,3),(646,298,1,11,0,1.000000000000000,3),(647,321,3,12,0,1.000000000000000,5),(648,321,12,12,0,1.000000000000000,5),(649,287,3,7,0,1.000000000000000,5),(650,287,4,7,0,1.000000000000000,5),(651,312,1,NULL,0,1.000000000000000,3),(652,287,15,7,0,1.000000000000000,5),(653,287,16,7,0,1.000000000000000,5),(654,313,1,NULL,0,1.000000000000000,3),(655,287,22,7,0,1.000000000000000,5),(656,327,1,NULL,0,1.000000000000000,3),(657,329,3,13,0,1.000000000000000,5),(658,329,6,13,0,1.000000000000000,5),(659,304,18,6,0,1.000000000000000,5),(660,325,3,11,0,1.000000000000000,5),(661,325,9,11,0,1.000000000000000,5),(662,297,1,NULL,0,1.000000000000000,3),(663,323,21,6,0,1.000000000000000,5),(664,296,3,13,0,1.000000000000000,5),(665,296,4,13,0,1.000000000000000,5),(666,296,6,13,0,1.000000000000000,5),(667,296,1,13,0,1.000000000000000,3),(668,331,3,6,0,1.000000000000000,5),(669,286,1,11,0,1.000000000000000,3),(670,318,1,6,0,1.000000000000000,3),(671,329,1,13,0,1.000000000000000,3),(672,285,1,NULL,0,1.000000000000000,3),(673,328,1,NULL,0,1.000000000000000,3),(674,284,1,NULL,0,1.000000000000000,3),(675,323,1,6,0,1.000000000000000,3),(676,287,2,7,0,1.000000000000000,3),(677,326,3,12,0,1.000000000000000,5),(678,326,5,12,0,1.000000000000000,5),(679,326,12,12,0,1.000000000000000,5),(680,333,2,NULL,0,1.000000000000000,3),(681,331,1,6,0,1.000000000000000,3),(682,335,3,6,0,1.000000000000000,5),(683,335,4,6,0,1.000000000000000,5),(684,337,3,6,0,1.000000000000000,5),(685,334,2,NULL,0,1.000000000000000,3),(686,334,25,NULL,0,1.000000000000000,3),(687,326,2,12,0,1.000000000000000,3),(688,332,2,NULL,0,1.000000000000000,3),(689,336,3,11,0,1.000000000000000,5),(690,336,9,11,0,1.000000000000000,5),(691,337,1,6,0,1.000000000000000,3),(692,337,29,6,0,1.000000000000000,3),(693,339,3,11,0,1.000000000000000,5),(694,340,4,13,0,1.000000000000000,5),(695,340,3,13,0,1.000000000000000,5),(696,340,9,13,0,1.000000000000000,5),(697,335,6,6,0,1.000000000000000,3),(698,335,1,6,0,1.000000000000000,3),(699,341,3,11,0,1.000000000000000,5),(700,336,1,11,0,1.000000000000000,3),(701,342,3,13,0,1.000000000000000,5),(702,340,21,11,0,1.000000000000000,5),(703,340,16,11,0,1.000000000000000,5),(704,338,3,7,0,1.000000000000000,5),(705,338,12,7,0,1.000000000000000,5),(706,342,1,13,0,1.000000000000000,3),(707,341,1,11,0,1.000000000000000,3),(708,339,1,11,0,1.000000000000000,3),(709,338,2,7,0,1.000000000000000,3),(710,340,1,11,0,1.000000000000000,3),(711,345,3,13,1,0.000000000000000,5),(712,343,3,13,0,1.000000000000000,5),(713,345,3,6,0,1.000000000000000,5),(714,346,3,11,0,1.000000000000000,5),(715,346,9,11,0,1.000000000000000,5),(716,347,3,11,0,1.000000000000000,5),(717,343,1,NULL,0,1.000000000000000,2),(718,346,1,NULL,0,1.000000000000000,2),(719,349,12,13,1,0.000000000000000,5),(720,349,3,13,0,1.000000000000000,5),(721,345,1,NULL,0,1.000000000000000,2),(722,350,3,6,0,1.000000000000000,5),(723,348,3,11,0,1.000000000000000,5),(724,350,1,NULL,0,1.000000000000000,2),(725,349,14,13,0,1.000000000000000,5),(726,349,9,13,0,1.000000000000000,5),(727,353,29,NULL,0,1.000000000000000,2),(728,349,1,NULL,0,1.000000000000000,2),(729,354,29,NULL,0,1.000000000000000,2),(730,355,29,NULL,0,1.000000000000000,2),(731,344,1,NULL,0,1.000000000000000,2),(732,347,1,NULL,0,1.000000000000000,2),(733,348,1,NULL,0,1.000000000000000,2),(734,351,2,NULL,0,1.000000000000000,2),(735,351,3,12,0,1.000000000000000,2),(736,352,2,NULL,0,1.000000000000000,2),(737,352,3,7,0,1.000000000000000,2),(738,357,1,NULL,0,1.000000000000000,2),(739,363,16,6,1,0.000000000000000,5),(740,368,25,NULL,1,0.000000000000000,2),(741,363,3,6,0,1.000000000000000,5),(742,361,3,13,0,1.000000000000000,5),(743,364,24,13,1,0.000000000000000,5),(744,364,3,13,0,1.000000000000000,5),(745,366,3,6,1,0.000000000000000,5),(746,366,6,6,0,1.000000000000000,5),(747,366,3,6,0,1.000000000000000,5),(748,356,1,NULL,0,1.000000000000000,2),(749,356,16,6,0,1.000000000000000,5),(750,368,3,13,0,1.000000000000000,5),(751,368,6,13,0,1.000000000000000,5),(752,356,1000004,6,1,0.000000000000000,2),(753,356,1000004,NULL,0,1.000000000000000,2),(754,361,16,6,0,1.000000000000000,5),(755,363,16,6,0,1.000000000000000,5),(756,368,1,NULL,0,1.000000000000000,2),(757,368,30,NULL,0,1.000000000000000,2),(758,358,3,11,0,1.000000000000000,5),(759,371,3,11,0,1.000000000000000,5),(760,364,1,NULL,0,1.000000000000000,2),(761,371,11,11,0,1.000000000000000,5),(762,366,18,13,1,0.000000000000000,5),(763,366,20,13,0,1.000000000000000,5),(764,367,9,13,1,0.000000000000000,5),(765,367,19,13,0,1.000000000000000,5),(766,369,1,NULL,0,1.000000000000000,2),(767,366,22,13,0,1.000000000000000,5),(768,369,3,11,0,1.000000000000000,5),(769,374,3,6,0,1.000000000000000,5),(770,371,1,NULL,0,1.000000000000000,2);
/*!40000 ALTER TABLE `accounting_service` ENABLE KEYS */;
UNLOCK TABLES;

--
-- Table structure for table `accounting_staff`
--

DROP TABLE IF EXISTS `accounting_staff`;
/*!40101 SET @saved_cs_client     = @@character_set_client */;
/*!40101 SET character_set_client = utf8 */;
CREATE TABLE `accounting_staff` (
  `id` int(11) NOT NULL AUTO_INCREMENT,
  `name` varchar(60) NOT NULL,
  `gender` tinyint(1) NOT NULL,
  `title_id` int(11) NOT NULL,
  `salary` int(11) NOT NULL,
  `is_deleted` tinyint(1) NOT NULL,
  PRIMARY KEY (`id`),
  KEY `accounting_staff_title_id_98455019` (`title_id`),
  CONSTRAINT `accounting_staff_title_id_98455019_fk_accounting_job_id` FOREIGN KEY (`title_id`) REFERENCES `accounting_job` (`id`)
) ENGINE=InnoDB AUTO_INCREMENT=16 DEFAULT CHARSET=utf8;
/*!40101 SET character_set_client = @saved_cs_client */;

--
-- Dumping data for table `accounting_staff`
--

LOCK TABLES `accounting_staff` WRITE;
/*!40000 ALTER TABLE `accounting_staff` DISABLE KEYS */;
INSERT INTO `accounting_staff` VALUES (1,'Hyphen',0,1,0,0),(2,'韩',1,3,3000,0),(3,'曲',1,3,2600,0),(4,'陈健',0,2,0,0),(5,'陈健',0,2,0,1),(6,'孔德理',0,4,0,0),(7,'蓝秀群',1,4,0,0),(8,'孔德理',0,4,0,1),(9,'蓝秀群',1,4,0,1),(10,'搓澡男前台',0,6,0,0),(11,'蒋技师',0,4,0,0),(12,'赵丽',1,4,0,0),(13,'王正队',0,4,0,0),(14,'大厅服务',0,4,0,0),(15,'大厅搓澡工',0,6,0,0);
/*!40000 ALTER TABLE `accounting_staff` ENABLE KEYS */;
UNLOCK TABLES;

--
-- Table structure for table `accounting_systemuser`
--

DROP TABLE IF EXISTS `accounting_systemuser`;
/*!40101 SET @saved_cs_client     = @@character_set_client */;
/*!40101 SET character_set_client = utf8 */;
CREATE TABLE `accounting_systemuser` (
  `id` int(11) NOT NULL AUTO_INCREMENT,
  `role` varchar(30) NOT NULL,
  `phone` varchar(30) DEFAULT NULL,
  `user_id` int(11) NOT NULL,
  `is_deleted` tinyint(1) NOT NULL,
  `staff_id` int(11) NOT NULL,
  PRIMARY KEY (`id`),
  KEY `accounting_systemuser_staff_id_a60f59c0_fk_accounting_staff_id` (`staff_id`),
  KEY `accounting_systemuser_user_id_75391fa1_fk` (`user_id`),
  CONSTRAINT `accounting_systemuser_staff_id_a60f59c0_fk_accounting_staff_id` FOREIGN KEY (`staff_id`) REFERENCES `accounting_staff` (`id`),
  CONSTRAINT `accounting_systemuser_user_id_75391fa1_fk` FOREIGN KEY (`user_id`) REFERENCES `auth_user` (`id`)
) ENGINE=InnoDB AUTO_INCREMENT=6 DEFAULT CHARSET=utf8;
/*!40101 SET character_set_client = @saved_cs_client */;

--
-- Dumping data for table `accounting_systemuser`
--

LOCK TABLES `accounting_systemuser` WRITE;
/*!40000 ALTER TABLE `accounting_systemuser` DISABLE KEYS */;
INSERT INTO `accounting_systemuser` VALUES (1,'admin','13269312163',1,0,1),(2,'cashier',NULL,2,0,2),(3,'cashier',NULL,3,0,3),(4,'admin',NULL,4,0,4),(5,'waiter',NULL,6,0,10);
/*!40000 ALTER TABLE `accounting_systemuser` ENABLE KEYS */;
UNLOCK TABLES;

--
-- Table structure for table `accounting_vip`
--

DROP TABLE IF EXISTS `accounting_vip`;
/*!40101 SET @saved_cs_client     = @@character_set_client */;
/*!40101 SET character_set_client = utf8 */;
CREATE TABLE `accounting_vip` (
  `id` int(11) NOT NULL AUTO_INCREMENT,
  `card_no` varchar(60) NOT NULL,
  `holder` varchar(60) DEFAULT NULL,
  `phone` varchar(60) DEFAULT NULL,
  `balance` decimal(25,15) NOT NULL,
  `email` varchar(60) DEFAULT NULL,
  `is_deleted` tinyint(1) NOT NULL,
  `password` varchar(100) DEFAULT NULL,
  PRIMARY KEY (`id`)
) ENGINE=InnoDB AUTO_INCREMENT=105 DEFAULT CHARSET=utf8;
/*!40101 SET character_set_client = @saved_cs_client */;

--
-- Dumping data for table `accounting_vip`
--

LOCK TABLES `accounting_vip` WRITE;
/*!40000 ALTER TABLE `accounting_vip` DISABLE KEYS */;
INSERT INTO `accounting_vip` VALUES (1,'00001','王升显','15653511966',5000.000000000000000,NULL,0,NULL),(2,'00001','王升显','',0.000000000000000,NULL,1,NULL),(3,'00002','陈健','18353538888',4951.000000000000000,NULL,0,NULL),(4,'00003','冯悦','13370928188',5000.000000000000000,NULL,0,NULL),(5,'00019','赵学军','13505357478',5000.000000000000000,NULL,1,NULL),(6,'00010','李凤','13356985468',427.000000000000000,NULL,1,NULL),(7,'00010','李凤','13356985468',427.000000000000000,NULL,1,NULL),(8,'00005','王明水','',406.000000000000000,NULL,0,NULL),(9,'00006','姜振芳','',470.000000000000000,NULL,0,NULL),(10,'00007','胡志光','',1000.000000000000000,NULL,0,NULL),(11,'00008','陈希亮','',1000.000000000000000,NULL,0,NULL),(12,'00009','王维超','',97.000000000000000,NULL,0,NULL),(13,'00010','','',0.000000000000000,NULL,1,NULL),(14,'00007','','',0.000000000000000,NULL,1,NULL),(15,'00008','','',0.000000000000000,NULL,1,NULL),(16,'00009','','',0.000000000000000,NULL,1,NULL),(17,'00010','李凤','13356985468',427.000000000000000,NULL,0,NULL),(18,'00011','','',500.000000000000000,NULL,0,NULL),(19,'00012','于德利','',1000.000000000000000,NULL,0,NULL),(20,'00013','马成亮','',500.000000000000000,NULL,0,NULL),(21,'00015','','',0.000000000000000,NULL,0,NULL),(22,'00016','王瑞昌','',242.000000000000000,NULL,0,NULL),(23,'00015','','',0.000000000000000,NULL,1,NULL),(24,'00016','','',0.000000000000000,NULL,1,NULL),(25,'00017','陆赟','',883.000000000000000,NULL,0,NULL),(26,'00018','吕冰河','15553515555',789.000000000000000,NULL,0,NULL),(27,'00019','李洪兵','',497.000000000000000,NULL,0,NULL),(28,'00020','','',0.000000000000000,NULL,0,NULL),(29,'00017','','',0.000000000000000,NULL,1,NULL),(30,'00018','','',0.000000000000000,NULL,1,NULL),(31,'00019','','',0.000000000000000,NULL,1,NULL),(32,'00020','','',0.000000000000000,NULL,1,NULL),(33,'00021','','',0.000000000000000,NULL,0,NULL),(34,'00022','','',0.000000000000000,NULL,0,NULL),(35,'00021','','',0.000000000000000,NULL,1,NULL),(36,'00022','','',0.000000000000000,NULL,1,NULL),(37,'00025','','',0.000000000000000,NULL,1,NULL),(38,'00025','','',0.000000000000000,NULL,1,NULL),(39,'00023','','',0.000000000000000,NULL,0,NULL),(40,'00025','','',0.000000000000000,NULL,0,NULL),(41,'00026','','',0.000000000000000,NULL,0,NULL),(42,'00025','','',0.000000000000000,NULL,1,NULL),(43,'00026','','',0.000000000000000,NULL,1,NULL),(44,'00027','','',0.000000000000000,NULL,0,NULL),(45,'00028','','',0.000000000000000,NULL,0,NULL),(46,'00028','','',0.000000000000000,NULL,0,NULL),(47,'00028','','',0.000000000000000,NULL,1,NULL),(48,'00052','王晨','13562576635',333.000000000000000,NULL,0,NULL),(49,'00029','','',0.000000000000000,NULL,0,NULL),(50,'00053','赵欣','13325165215',618.000000000000000,NULL,0,NULL),(51,'00055','王帅','15166884444',385.000000000000000,NULL,0,NULL),(52,'00056','','',0.000000000000000,NULL,0,NULL),(53,'00057','王帅','15166884444',463.000000000000000,NULL,0,NULL),(54,'00058','吴思远','15763863333',167.000000000000000,NULL,0,NULL),(55,'00059','于超','',2.000000000000000,NULL,0,NULL),(56,'00060','','',0.000000000000000,NULL,0,NULL),(57,'00061','孙建飞','15318623000',728.000000000000000,NULL,0,NULL),(58,'00062','徐琳翕','13954597128',884.000000000000000,NULL,0,NULL),(59,'00063','魏东贺','15905453108',525.000000000000000,NULL,0,NULL),(60,'00065','','',1000.000000000000000,NULL,0,NULL),(61,'00066','张焕胜','13356382277',735.000000000000000,NULL,0,NULL),(62,'00067','王洪芳','',668.000000000000000,NULL,0,NULL),(63,'00068','盛言伟','15266546111',456.000000000000000,NULL,0,NULL),(64,'00069','陈岩','13220932685',510.000000000000000,NULL,0,NULL),(65,'00070','王春吉','15863835217',230.000000000000000,NULL,0,NULL),(66,'00071','王春吉','15863835217',1000.000000000000000,NULL,0,NULL),(67,'00072','王成航','18265452222',136.000000000000000,NULL,0,NULL),(68,'00073','','',1000.000000000000000,NULL,0,NULL),(69,'00075','赛俊萍','18263102029',807.000000000000000,NULL,0,NULL),(70,'00076','王少剑','18953590535',851.000000000000000,NULL,0,NULL),(71,'00077','林永绘','15154525599',1890.000000000000000,NULL,0,NULL),(72,'00078','林广辉','15153560111',499.000000000000000,NULL,0,NULL),(73,'00079','','',0.000000000000000,NULL,0,NULL),(74,'00169','吕冰河369','15553515555',529.000000000000000,NULL,0,NULL),(75,'00170','于兆平','13695355908',261.000000000000000,NULL,0,NULL),(76,'00171','李广盛','13853522988',396.000000000000000,NULL,0,NULL),(77,'00212','','',2000.000000000000000,NULL,0,NULL),(78,'00213','','',500.000000000000000,NULL,0,NULL),(79,'00215','钟庆峰','13793598819',470.000000000000000,NULL,0,NULL),(80,'00216','于福洪','15063815968',300.000000000000000,NULL,0,NULL),(81,'00217','邹德华','13505359557',327.000000000000000,NULL,0,NULL),(82,'00218','王建平','13863866469',329.000000000000000,NULL,0,NULL),(83,'00219','李燕','18615006013',134.000000000000000,NULL,0,NULL),(84,'00220','','',500.000000000000000,NULL,0,NULL),(85,'00221','于晓丽','13181619122',266.000000000000000,NULL,0,NULL),(86,'00222','柳春','13906388237',385.000000000000000,NULL,0,NULL),(87,'00223','王欣恬','18754513333',440.000000000000000,NULL,0,NULL),(88,'00225','叶籽潭','13853588887',321.000000000000000,NULL,0,NULL),(89,'00226','陈静','13371371138',216.000000000000000,NULL,0,NULL),(90,'00227','于星梅','18553538152',268.000000000000000,NULL,0,NULL),(91,'00228','侯喜芬','15064592191',367.000000000000000,NULL,0,NULL),(92,'00229','李飞','13280980777',303.000000000000000,NULL,0,NULL),(93,'00230','孙鹏飞','13688665860',168.000000000000000,NULL,0,NULL),(94,'00231','周世磊','13963875663',0.000000000000000,NULL,0,NULL),(95,'00232','宋淑莲','13853550152',399.000000000000000,NULL,0,NULL),(96,'00233','邢明燕','15615551332',49.000000000000000,NULL,0,NULL),(97,'00235','张立成','15589551368',290.000000000000000,NULL,0,NULL),(98,'00236','王朝','13376384003',529.000000000000000,NULL,0,NULL),(99,'00237','周明华','13553134760',720.000000000000000,NULL,0,NULL),(100,'00238','刘丽','15315162290',382.000000000000000,NULL,0,NULL),(101,'00239','陈浩','13361322223',0.000000000000000,NULL,0,NULL),(102,'00250','蔡红','15166382366',51.000000000000000,NULL,0,NULL),(103,'00251','孟祥芸','15954983345',146.000000000000000,NULL,0,NULL),(104,'00252','李传刚','13053596872',388.000000000000000,NULL,0,NULL);
/*!40000 ALTER TABLE `accounting_vip` ENABLE KEYS */;
UNLOCK TABLES;

--
-- Table structure for table `accounting_vippayment`
--

DROP TABLE IF EXISTS `accounting_vippayment`;
/*!40101 SET @saved_cs_client     = @@character_set_client */;
/*!40101 SET character_set_client = utf8 */;
CREATE TABLE `accounting_vippayment` (
  `id` int(11) NOT NULL AUTO_INCREMENT,
  `payment_id` int(11) DEFAULT NULL,
  PRIMARY KEY (`id`),
  KEY `accounting_vippaymen_payment_id_5d076fef_fk_accountin` (`payment_id`),
  CONSTRAINT `accounting_vippaymen_payment_id_5d076fef_fk_accountin` FOREIGN KEY (`payment_id`) REFERENCES `accounting_paymentmethod` (`id`)
) ENGINE=InnoDB AUTO_INCREMENT=2 DEFAULT CHARSET=utf8;
/*!40101 SET character_set_client = @saved_cs_client */;

--
-- Dumping data for table `accounting_vippayment`
--

LOCK TABLES `accounting_vippayment` WRITE;
/*!40000 ALTER TABLE `accounting_vippayment` DISABLE KEYS */;
INSERT INTO `accounting_vippayment` VALUES (1,2);
/*!40000 ALTER TABLE `accounting_vippayment` ENABLE KEYS */;
UNLOCK TABLES;

--
-- Table structure for table `accounting_viptopuprecord`
--

DROP TABLE IF EXISTS `accounting_viptopuprecord`;
/*!40101 SET @saved_cs_client     = @@character_set_client */;
/*!40101 SET character_set_client = utf8 */;
CREATE TABLE `accounting_viptopuprecord` (
  `id` int(11) NOT NULL AUTO_INCREMENT,
  `operation` int(11) NOT NULL,
  `date` datetime(6) NOT NULL,
  `recorder_id` int(11) NOT NULL,
  `vip_id` int(11) NOT NULL,
  `note` varchar(60) NOT NULL,
  `payment_method_id` int(11) DEFAULT NULL,
  PRIMARY KEY (`id`),
  KEY `accounting_viptopupr_recorder_id_e7fd4dfe_fk_accountin` (`recorder_id`),
  KEY `accounting_viptopuprecord_vip_id_2f4f315b_fk_accounting_vip_id` (`vip_id`),
  KEY `accounting_viptopupr_payment_method_id_df230f6a_fk_accountin` (`payment_method_id`),
  CONSTRAINT `accounting_viptopupr_payment_method_id_df230f6a_fk_accountin` FOREIGN KEY (`payment_method_id`) REFERENCES `accounting_paymentmethod` (`id`),
  CONSTRAINT `accounting_viptopupr_recorder_id_e7fd4dfe_fk_accountin` FOREIGN KEY (`recorder_id`) REFERENCES `accounting_systemuser` (`id`),
  CONSTRAINT `accounting_viptopuprecord_vip_id_2f4f315b_fk_accounting_vip_id` FOREIGN KEY (`vip_id`) REFERENCES `accounting_vip` (`id`)
) ENGINE=InnoDB AUTO_INCREMENT=204 DEFAULT CHARSET=utf8;
/*!40101 SET character_set_client = @saved_cs_client */;

--
-- Dumping data for table `accounting_viptopuprecord`
--

LOCK TABLES `accounting_viptopuprecord` WRITE;
/*!40000 ALTER TABLE `accounting_viptopuprecord` DISABLE KEYS */;
INSERT INTO `accounting_viptopuprecord` VALUES (1,1,'2018-02-23 03:12:37.212354',4,1,'开卡，充值0元',NULL),(2,1,'2018-02-23 03:12:37.249463',4,2,'开卡，充值0元',NULL),(3,3,'2018-02-23 03:12:45.148497',4,2,'销卡',NULL),(4,1,'2018-02-23 03:13:35.771496',4,3,'开卡，充值0元',NULL),(5,1,'2018-02-23 03:13:35.781537',4,4,'开卡，充值0元',NULL),(6,1,'2018-02-23 03:39:12.434654',4,5,'开卡，充值5000元',NULL),(7,1,'2018-02-23 03:42:53.023232',4,6,'开卡，充值427元',NULL),(8,1,'2018-02-23 03:42:53.068051',4,7,'开卡，充值427元',NULL),(9,3,'2018-02-23 03:43:01.375442',4,7,'销卡',NULL),(10,3,'2018-02-23 03:44:10.431319',4,5,'销卡',NULL),(11,3,'2018-02-23 03:44:17.381456',4,6,'销卡',NULL),(12,1,'2018-02-23 03:45:25.631595',4,8,'开卡，充值0元',NULL),(13,1,'2018-02-23 03:45:25.634985',4,9,'开卡，充值0元',NULL),(14,1,'2018-02-23 03:45:59.941298',4,10,'开卡，充值0元',NULL),(15,1,'2018-02-23 03:45:59.946953',4,11,'开卡，充值0元',NULL),(16,1,'2018-02-23 03:45:59.950056',4,12,'开卡，充值0元',NULL),(17,1,'2018-02-23 03:45:59.952173',4,13,'开卡，充值0元',NULL),(18,1,'2018-02-23 03:46:00.034698',4,14,'开卡，充值0元',NULL),(19,1,'2018-02-23 03:46:00.038027',4,15,'开卡，充值0元',NULL),(20,1,'2018-02-23 03:46:00.040300',4,16,'开卡，充值0元',NULL),(21,1,'2018-02-23 03:46:00.043476',4,17,'开卡，充值0元',NULL),(22,1,'2018-02-23 03:46:24.346036',4,18,'开卡，充值0元',NULL),(23,1,'2018-02-23 03:46:24.348317',4,19,'开卡，充值0元',NULL),(24,1,'2018-02-23 03:46:24.351321',4,20,'开卡，充值0元',NULL),(25,3,'2018-02-23 03:46:55.175179',4,14,'销卡',NULL),(26,3,'2018-02-23 03:47:05.464171',4,15,'销卡',NULL),(27,3,'2018-02-23 03:47:17.839878',4,16,'销卡',NULL),(28,3,'2018-02-23 03:47:22.495217',4,13,'销卡',NULL),(29,1,'2018-02-23 03:47:42.127350',4,21,'开卡，充值0元',NULL),(30,1,'2018-02-23 03:47:42.131874',4,22,'开卡，充值0元',NULL),(31,1,'2018-02-23 03:47:42.167369',4,23,'开卡，充值0元',NULL),(32,1,'2018-02-23 03:47:42.170787',4,24,'开卡，充值0元',NULL),(33,3,'2018-02-23 03:47:49.845738',4,23,'销卡',NULL),(34,3,'2018-02-23 03:47:56.758000',4,24,'销卡',NULL),(35,1,'2018-02-23 03:48:23.854626',4,25,'开卡，充值0元',NULL),(36,1,'2018-02-23 03:48:23.857998',4,26,'开卡，充值0元',NULL),(37,1,'2018-02-23 03:48:23.860204',4,27,'开卡，充值0元',NULL),(38,1,'2018-02-23 03:48:23.863479',4,28,'开卡，充值0元',NULL),(39,1,'2018-02-23 03:48:23.928331',4,29,'开卡，充值0元',NULL),(40,1,'2018-02-23 03:48:23.931527',4,30,'开卡，充值0元',NULL),(41,1,'2018-02-23 03:48:23.934522',4,31,'开卡，充值0元',NULL),(42,1,'2018-02-23 03:48:23.937707',4,32,'开卡，充值0元',NULL),(43,3,'2018-02-23 03:48:42.854842',4,29,'销卡',NULL),(44,3,'2018-02-23 03:48:50.142357',4,30,'销卡',NULL),(45,3,'2018-02-23 03:48:55.271034',4,31,'销卡',NULL),(46,3,'2018-02-23 03:48:59.354045',4,32,'销卡',NULL),(47,1,'2018-02-23 03:49:13.257745',4,33,'开卡，充值0元',NULL),(48,1,'2018-02-23 03:49:13.262019',4,34,'开卡，充值0元',NULL),(49,1,'2018-02-23 03:49:13.358030',4,35,'开卡，充值0元',NULL),(50,1,'2018-02-23 03:49:13.360342',4,36,'开卡，充值0元',NULL),(51,3,'2018-02-23 03:49:18.547677',4,35,'销卡',NULL),(52,3,'2018-02-23 03:49:23.955349',4,36,'销卡',NULL),(53,1,'2018-02-23 03:49:33.764213',4,37,'开卡，充值0元',NULL),(54,1,'2018-02-23 03:49:33.850517',4,38,'开卡，充值0元',NULL),(55,3,'2018-02-23 03:49:41.494558',4,38,'销卡',NULL),(56,3,'2018-02-23 03:49:46.887456',4,37,'销卡',NULL),(57,1,'2018-02-23 03:50:02.055427',4,39,'开卡，充值0元',NULL),(58,1,'2018-02-23 03:50:21.702665',4,40,'开卡，充值0元',NULL),(59,1,'2018-02-23 03:50:21.706255',4,41,'开卡，充值0元',NULL),(60,1,'2018-02-23 03:50:21.791249',4,42,'开卡，充值0元',NULL),(61,1,'2018-02-23 03:50:21.795745',4,43,'开卡，充值0元',NULL),(62,3,'2018-02-23 03:50:31.283742',4,42,'销卡',NULL),(63,3,'2018-02-23 03:50:36.111174',4,43,'销卡',NULL),(64,1,'2018-02-23 03:50:48.289188',4,44,'开卡，充值0元',NULL),(65,1,'2018-02-23 03:51:00.444809',4,45,'开卡，充值0元',NULL),(66,1,'2018-02-23 05:42:31.236530',4,46,'开卡，充值0元',NULL),(67,1,'2018-02-23 05:42:31.288882',4,47,'开卡，充值0元',NULL),(68,3,'2018-02-23 05:42:41.244381',4,47,'销卡',NULL),(69,2,'2018-02-23 07:34:02.518573',1,1,'更改，',NULL),(70,2,'2018-02-23 14:02:38.096463',4,3,'信息更新，余额变动：0.00元',NULL),(71,2,'2018-02-23 14:02:54.248593',4,3,'信息更新，余额变动：22.00元',NULL),(72,2,'2018-02-23 14:05:45.500846',3,3,'充值10',NULL),(73,2,'2018-02-23 14:08:42.384578',3,3,'充值1',NULL),(74,2,'2018-02-24 04:40:38.016795',4,8,'信息更新，余额变动：0.00元',NULL),(75,2,'2018-02-24 04:40:58.936115',4,9,'信息更新，余额变动：0.00元',NULL),(76,2,'2018-02-24 04:41:28.268344',4,10,'信息更新，余额变动：0.00元',NULL),(77,2,'2018-02-24 04:41:46.456276',4,11,'信息更新，余额变动：0.00元',NULL),(78,2,'2018-02-24 04:42:05.956140',4,10,'信息更新，余额变动：0.00元',NULL),(79,2,'2018-02-24 04:42:25.187962',4,12,'信息更新，余额变动：0.00元',NULL),(80,2,'2018-02-24 04:42:53.986914',4,19,'信息更新，余额变动：0.00元',NULL),(81,2,'2018-02-24 04:43:13.970927',4,20,'信息更新，余额变动：0.00元',NULL),(82,2,'2018-02-24 04:43:35.950431',4,22,'信息更新，余额变动：0.00元',NULL),(83,2,'2018-02-24 04:43:47.996583',4,25,'信息更新，余额变动：0.00元',NULL),(84,2,'2018-02-24 04:44:19.766017',4,26,'信息更新，余额变动：0.00元',NULL),(85,1,'2018-02-24 04:45:36.253293',4,48,'开卡，充值0元',NULL),(86,1,'2018-02-24 04:45:51.039597',4,49,'开卡，充值0元',NULL),(87,1,'2018-02-24 04:47:13.464210',4,50,'开卡，充值0元',NULL),(88,1,'2018-02-24 04:49:27.465802',4,51,'开卡，充值0元',NULL),(89,1,'2018-02-24 04:49:27.468129',4,52,'开卡，充值0元',NULL),(90,1,'2018-02-24 04:49:27.471222',4,53,'开卡，充值0元',NULL),(91,1,'2018-02-24 04:50:23.128702',4,54,'开卡，充值0元',NULL),(92,1,'2018-02-24 04:50:23.132013',4,55,'开卡，充值0元',NULL),(93,1,'2018-02-24 04:56:07.918210',4,56,'开卡，充值0元',NULL),(94,1,'2018-02-24 04:56:07.922931',4,57,'开卡，充值0元',NULL),(95,1,'2018-02-24 04:56:07.926147',4,58,'开卡，充值0元',NULL),(96,1,'2018-02-24 04:56:07.928292',4,59,'开卡，充值0元',NULL),(97,1,'2018-02-24 04:56:07.931795',4,60,'开卡，充值0元',NULL),(98,1,'2018-02-24 04:56:07.934911',4,61,'开卡，充值0元',NULL),(99,1,'2018-02-24 04:56:07.938269',4,62,'开卡，充值0元',NULL),(100,1,'2018-02-24 04:56:07.941624',4,63,'开卡，充值0元',NULL),(101,1,'2018-02-24 05:01:04.179966',4,64,'开卡，充值0元',NULL),(102,1,'2018-02-24 05:01:04.183811',4,65,'开卡，充值0元',NULL),(103,1,'2018-02-24 05:01:04.187111',4,66,'开卡，充值0元',NULL),(104,1,'2018-02-24 05:01:04.190227',4,67,'开卡，充值0元',NULL),(105,1,'2018-02-24 05:01:04.193902',4,68,'开卡，充值0元',NULL),(106,1,'2018-02-24 05:01:04.198576',4,69,'开卡，充值0元',NULL),(107,1,'2018-02-24 05:01:04.201887',4,70,'开卡，充值0元',NULL),(108,1,'2018-02-24 05:01:04.204223',4,71,'开卡，充值0元',NULL),(109,1,'2018-02-24 05:01:04.207445',4,72,'开卡，充值0元',NULL),(110,1,'2018-02-24 05:01:04.209800',4,73,'开卡，充值0元',NULL),(111,1,'2018-02-24 05:02:56.347060',4,74,'开卡，充值0元',NULL),(112,1,'2018-02-24 05:02:56.350531',4,75,'开卡，充值0元',NULL),(113,1,'2018-02-24 05:02:56.353767',4,76,'开卡，充值0元',NULL),(114,1,'2018-02-24 05:04:32.306251',4,77,'开卡，充值0元',NULL),(115,1,'2018-02-24 05:04:32.309538',4,78,'开卡，充值0元',NULL),(116,1,'2018-02-24 05:04:32.311865',4,79,'开卡，充值0元',NULL),(117,1,'2018-02-24 05:08:51.499123',4,80,'开卡，充值0元',NULL),(118,1,'2018-02-24 05:08:51.502535',4,81,'开卡，充值0元',NULL),(119,1,'2018-02-24 05:08:51.507677',4,82,'开卡，充值0元',NULL),(120,1,'2018-02-24 05:08:51.511468',4,83,'开卡，充值0元',NULL),(121,1,'2018-02-24 05:08:51.514588',4,84,'开卡，充值0元',NULL),(122,1,'2018-02-24 05:08:51.518569',4,85,'开卡，充值0元',NULL),(123,1,'2018-02-24 05:08:51.521676',4,86,'开卡，充值0元',NULL),(124,1,'2018-02-24 05:08:51.524024',4,87,'开卡，充值0元',NULL),(125,2,'2018-02-24 05:18:31.902905',4,8,'信息更新，余额变动：406.00元',NULL),(126,2,'2018-02-24 05:18:47.499483',4,9,'信息更新，余额变动：470.00元',NULL),(127,2,'2018-02-24 05:18:57.899115',4,10,'信息更新，余额变动：1000.00元',NULL),(128,2,'2018-02-24 05:19:08.689404',4,11,'信息更新，余额变动：1000.00元',NULL),(129,2,'2018-02-24 05:19:57.555434',4,12,'信息更新，余额变动：97.00元',NULL),(130,2,'2018-02-24 05:20:17.914922',4,18,'信息更新，余额变动：500.00元',NULL),(131,2,'2018-02-24 05:20:40.246295',4,19,'信息更新，余额变动：1000.00元',NULL),(132,2,'2018-02-24 05:20:57.570888',4,20,'信息更新，余额变动：500.00元',NULL),(133,2,'2018-02-24 05:21:27.513766',4,22,'信息更新，余额变动：242.00元',NULL),(134,2,'2018-02-24 05:21:42.101529',4,25,'信息更新，余额变动：883.00元',NULL),(135,2,'2018-02-24 05:22:04.560752',4,26,'信息更新，余额变动：789.00元',NULL),(136,2,'2018-02-24 05:28:47.280589',4,48,'信息更新，余额变动：333.00元',NULL),(137,2,'2018-02-24 05:29:39.383552',4,50,'信息更新，余额变动：618.00元',NULL),(138,2,'2018-02-24 05:30:05.373795',4,51,'信息更新，余额变动：385.00元',NULL),(139,2,'2018-02-24 05:30:29.187376',4,53,'信息更新，余额变动：463.00元',NULL),(140,2,'2018-02-24 05:30:44.642844',4,54,'信息更新，余额变动：167.00元',NULL),(141,2,'2018-02-24 05:31:24.519224',4,55,'信息更新，余额变动：2.00元',NULL),(142,2,'2018-02-24 05:32:48.697184',4,57,'信息更新，余额变动：728.00元',NULL),(143,2,'2018-02-24 05:33:08.885335',4,58,'信息更新，余额变动：884.00元',NULL),(144,2,'2018-02-24 05:33:28.893114',4,59,'信息更新，余额变动：525.00元',NULL),(145,2,'2018-02-24 05:33:40.961523',4,60,'信息更新，余额变动：1000.00元',NULL),(146,2,'2018-02-24 05:36:27.530957',4,61,'信息更新，余额变动：735.00元',NULL),(147,2,'2018-02-24 05:37:34.021593',4,62,'信息更新，余额变动：668.00元',NULL),(148,2,'2018-02-24 05:37:49.318831',4,63,'信息更新，余额变动：456.00元',NULL),(149,2,'2018-02-24 05:38:01.484142',4,64,'信息更新，余额变动：510.00元',NULL),(150,2,'2018-02-24 05:38:15.687762',4,65,'信息更新，余额变动：230.00元',NULL),(151,2,'2018-02-24 05:38:28.550931',4,66,'信息更新，余额变动：1000.00元',NULL),(152,2,'2018-02-24 05:38:41.441537',4,67,'信息更新，余额变动：136.00元',NULL),(153,2,'2018-02-24 05:39:08.068065',4,68,'信息更新，余额变动：1000.00元',NULL),(154,2,'2018-02-24 05:40:55.599697',4,69,'信息更新，余额变动：807.00元',NULL),(155,2,'2018-02-24 05:41:13.231879',4,70,'信息更新，余额变动：946.00元',NULL),(156,2,'2018-02-24 05:41:45.954249',4,71,'信息更新，余额变动：1000.00元',NULL),(157,2,'2018-02-24 05:42:04.924361',4,72,'信息更新，余额变动：521.00元',NULL),(158,2,'2018-02-24 05:44:24.392305',4,74,'信息更新，余额变动：529.00元',NULL),(159,2,'2018-02-24 05:45:51.378709',4,75,'信息更新，余额变动：261.00元',NULL),(160,2,'2018-02-24 05:46:26.089516',4,76,'信息更新，余额变动：396.00元',NULL),(161,2,'2018-02-24 05:46:51.240178',4,77,'信息更新，余额变动：500.00元',NULL),(162,2,'2018-02-24 05:47:05.969126',4,78,'信息更新，余额变动：500.00元',NULL),(163,2,'2018-02-24 05:58:56.547186',4,79,'信息更新，余额变动：470.00元',NULL),(164,2,'2018-02-24 05:59:14.438330',4,80,'信息更新，余额变动：300.00元',NULL),(165,2,'2018-02-24 05:59:55.475077',4,81,'信息更新，余额变动：0.00元',NULL),(166,2,'2018-02-24 06:00:14.382636',4,81,'信息更新，余额变动：327.00元',NULL),(167,2,'2018-02-24 06:00:30.632408',4,82,'信息更新，余额变动：329.00元',NULL),(168,2,'2018-02-24 06:00:45.988170',4,83,'信息更新，余额变动：134.00元',NULL),(169,2,'2018-02-24 06:01:00.440865',4,84,'信息更新，余额变动：500.00元',NULL),(170,2,'2018-02-24 06:01:19.992716',4,85,'信息更新，余额变动：266.00元',NULL),(171,2,'2018-02-24 06:01:33.647304',4,86,'信息更新，余额变动：385.00元',NULL),(172,2,'2018-02-24 06:01:48.837690',4,87,'信息更新，余额变动：440.00元',NULL),(173,1,'2018-02-24 06:03:34.955584',4,88,'开卡，充值321元',NULL),(174,1,'2018-02-24 06:03:34.958926',4,89,'开卡，充值216元',NULL),(175,1,'2018-02-24 06:10:49.152222',4,90,'开卡，充值268元',NULL),(176,1,'2018-02-24 06:10:49.155685',4,91,'开卡，充值367元',NULL),(177,1,'2018-02-24 06:10:49.160420',4,92,'开卡，充值303元',NULL),(178,1,'2018-02-24 06:10:49.163752',4,93,'开卡，充值168元',NULL),(179,1,'2018-02-24 06:10:49.169839',4,94,'开卡，充值0元',NULL),(180,1,'2018-02-24 06:10:49.172041',4,95,'开卡，充值0元',NULL),(181,1,'2018-02-24 06:10:49.175829',4,96,'开卡，充值0元',NULL),(182,1,'2018-02-24 06:10:49.179179',4,97,'开卡，充值0元',NULL),(183,1,'2018-02-24 06:10:49.182518',4,98,'开卡，充值0元',NULL),(184,1,'2018-02-24 06:10:49.185762',4,99,'开卡，充值0元',NULL),(185,1,'2018-02-24 06:10:49.188152',4,100,'开卡，充值0元',NULL),(186,1,'2018-02-24 06:13:15.040083',4,101,'开卡，充值0元',NULL),(187,1,'2018-02-24 06:13:15.043416',4,102,'开卡，充值0元',NULL),(188,1,'2018-02-24 06:13:15.047832',4,103,'开卡，充值0元',NULL),(189,1,'2018-02-24 06:13:15.050993',4,104,'开卡，充值0元',NULL),(190,2,'2018-02-24 06:18:20.961844',4,95,'信息更新，余额变动：399.00元',NULL),(191,2,'2018-02-24 06:18:32.722720',4,96,'信息更新，余额变动：49.00元',NULL),(192,2,'2018-02-24 06:18:50.984865',4,97,'信息更新，余额变动：290.00元',NULL),(193,2,'2018-02-24 06:19:14.962491',4,98,'信息更新，余额变动：529.00元',NULL),(194,2,'2018-02-24 06:19:29.702627',4,99,'信息更新，余额变动：720.00元',NULL),(195,2,'2018-02-24 06:19:46.945760',4,100,'信息更新，余额变动：382.00元',NULL),(196,2,'2018-02-24 06:20:02.405013',4,102,'信息更新，余额变动：51.00元',NULL),(197,2,'2018-02-24 06:20:16.099492',4,103,'信息更新，余额变动：146.00元',NULL),(198,2,'2018-02-24 06:20:33.931541',4,104,'信息更新，余额变动：388.00元',NULL),(199,2,'2018-02-24 12:41:48.777493',2,77,'充值1500',NULL),(200,2,'2018-02-24 13:43:47.707620',4,71,'信息更新，余额变动：890.00元',NULL),(201,2,'2018-02-24 13:44:58.340783',4,71,'信息更新，余额变动：0.00元',NULL),(202,2,'2018-02-28 10:21:13.555010',4,11,'信息更新，余额变动：0.00元',NULL),(203,2,'2018-03-01 03:55:43.592175',4,27,'信息更新，余额变动：500.00元',NULL);
/*!40000 ALTER TABLE `accounting_viptopuprecord` ENABLE KEYS */;
UNLOCK TABLES;

--
-- Table structure for table `auth_group`
--

DROP TABLE IF EXISTS `auth_group`;
/*!40101 SET @saved_cs_client     = @@character_set_client */;
/*!40101 SET character_set_client = utf8 */;
CREATE TABLE `auth_group` (
  `id` int(11) NOT NULL AUTO_INCREMENT,
  `name` varchar(80) NOT NULL,
  PRIMARY KEY (`id`),
  UNIQUE KEY `name` (`name`)
) ENGINE=InnoDB DEFAULT CHARSET=utf8;
/*!40101 SET character_set_client = @saved_cs_client */;

--
-- Dumping data for table `auth_group`
--

LOCK TABLES `auth_group` WRITE;
/*!40000 ALTER TABLE `auth_group` DISABLE KEYS */;
/*!40000 ALTER TABLE `auth_group` ENABLE KEYS */;
UNLOCK TABLES;

--
-- Table structure for table `auth_group_permissions`
--

DROP TABLE IF EXISTS `auth_group_permissions`;
/*!40101 SET @saved_cs_client     = @@character_set_client */;
/*!40101 SET character_set_client = utf8 */;
CREATE TABLE `auth_group_permissions` (
  `id` int(11) NOT NULL AUTO_INCREMENT,
  `group_id` int(11) NOT NULL,
  `permission_id` int(11) NOT NULL,
  PRIMARY KEY (`id`),
  UNIQUE KEY `auth_group_permissions_group_id_permission_id_0cd325b0_uniq` (`group_id`,`permission_id`),
  KEY `auth_group_permissio_permission_id_84c5c92e_fk_auth_perm` (`permission_id`),
  CONSTRAINT `auth_group_permissio_permission_id_84c5c92e_fk_auth_perm` FOREIGN KEY (`permission_id`) REFERENCES `auth_permission` (`id`),
  CONSTRAINT `auth_group_permissions_group_id_b120cbf9_fk_auth_group_id` FOREIGN KEY (`group_id`) REFERENCES `auth_group` (`id`)
) ENGINE=InnoDB DEFAULT CHARSET=utf8;
/*!40101 SET character_set_client = @saved_cs_client */;

--
-- Dumping data for table `auth_group_permissions`
--

LOCK TABLES `auth_group_permissions` WRITE;
/*!40000 ALTER TABLE `auth_group_permissions` DISABLE KEYS */;
/*!40000 ALTER TABLE `auth_group_permissions` ENABLE KEYS */;
UNLOCK TABLES;

--
-- Table structure for table `auth_permission`
--

DROP TABLE IF EXISTS `auth_permission`;
/*!40101 SET @saved_cs_client     = @@character_set_client */;
/*!40101 SET character_set_client = utf8 */;
CREATE TABLE `auth_permission` (
  `id` int(11) NOT NULL AUTO_INCREMENT,
  `name` varchar(255) NOT NULL,
  `content_type_id` int(11) NOT NULL,
  `codename` varchar(100) NOT NULL,
  PRIMARY KEY (`id`),
  UNIQUE KEY `auth_permission_content_type_id_codename_01ab375a_uniq` (`content_type_id`,`codename`),
  CONSTRAINT `auth_permission_content_type_id_2f476e4b_fk_django_co` FOREIGN KEY (`content_type_id`) REFERENCES `django_content_type` (`id`)
) ENGINE=InnoDB AUTO_INCREMENT=49 DEFAULT CHARSET=utf8;
/*!40101 SET character_set_client = @saved_cs_client */;

--
-- Dumping data for table `auth_permission`
--

LOCK TABLES `auth_permission` WRITE;
/*!40000 ALTER TABLE `auth_permission` DISABLE KEYS */;
INSERT INTO `auth_permission` VALUES (1,'Can add log entry',1,'add_logentry'),(2,'Can change log entry',1,'change_logentry'),(3,'Can delete log entry',1,'delete_logentry'),(4,'Can add group',2,'add_group'),(5,'Can change group',2,'change_group'),(6,'Can delete group',2,'delete_group'),(7,'Can add permission',3,'add_permission'),(8,'Can change permission',3,'change_permission'),(9,'Can delete permission',3,'delete_permission'),(10,'Can add user',4,'add_user'),(11,'Can change user',4,'change_user'),(12,'Can delete user',4,'delete_user'),(13,'Can add content type',5,'add_contenttype'),(14,'Can change content type',5,'change_contenttype'),(15,'Can delete content type',5,'delete_contenttype'),(16,'Can add session',6,'add_session'),(17,'Can change session',6,'change_session'),(18,'Can delete session',6,'delete_session'),(19,'Can add item',7,'add_item'),(20,'Can change item',7,'change_item'),(21,'Can delete item',7,'delete_item'),(22,'Can add vip topup record',8,'add_viptopuprecord'),(23,'Can change vip topup record',8,'change_viptopuprecord'),(24,'Can delete vip topup record',8,'delete_viptopuprecord'),(25,'Can add staff',9,'add_staff'),(26,'Can change staff',9,'change_staff'),(27,'Can delete staff',9,'delete_staff'),(28,'Can add vip',10,'add_vip'),(29,'Can change vip',10,'change_vip'),(30,'Can delete vip',10,'delete_vip'),(31,'Can add job',11,'add_job'),(32,'Can change job',11,'change_job'),(33,'Can delete job',11,'delete_job'),(34,'Can add system user',12,'add_systemuser'),(35,'Can change system user',12,'change_systemuser'),(36,'Can delete system user',12,'delete_systemuser'),(37,'Can add vip payment',13,'add_vippayment'),(38,'Can change vip payment',13,'change_vippayment'),(39,'Can delete vip payment',13,'delete_vippayment'),(40,'Can add service',14,'add_service'),(41,'Can change service',14,'change_service'),(42,'Can delete service',14,'delete_service'),(43,'Can add payment method',15,'add_paymentmethod'),(44,'Can change payment method',15,'change_paymentmethod'),(45,'Can delete payment method',15,'delete_paymentmethod'),(46,'Can add income',16,'add_income'),(47,'Can change income',16,'change_income'),(48,'Can delete income',16,'delete_income');
/*!40000 ALTER TABLE `auth_permission` ENABLE KEYS */;
UNLOCK TABLES;

--
-- Table structure for table `auth_user`
--

DROP TABLE IF EXISTS `auth_user`;
/*!40101 SET @saved_cs_client     = @@character_set_client */;
/*!40101 SET character_set_client = utf8 */;
CREATE TABLE `auth_user` (
  `id` int(11) NOT NULL AUTO_INCREMENT,
  `password` varchar(128) NOT NULL,
  `last_login` datetime(6) DEFAULT NULL,
  `is_superuser` tinyint(1) NOT NULL,
  `username` varchar(150) NOT NULL,
  `first_name` varchar(30) NOT NULL,
  `last_name` varchar(30) NOT NULL,
  `email` varchar(254) NOT NULL,
  `is_staff` tinyint(1) NOT NULL,
  `is_active` tinyint(1) NOT NULL,
  `date_joined` datetime(6) NOT NULL,
  PRIMARY KEY (`id`),
  UNIQUE KEY `username` (`username`)
) ENGINE=InnoDB AUTO_INCREMENT=8 DEFAULT CHARSET=utf8;
/*!40101 SET character_set_client = @saved_cs_client */;

--
-- Dumping data for table `auth_user`
--

LOCK TABLES `auth_user` WRITE;
/*!40000 ALTER TABLE `auth_user` DISABLE KEYS */;
INSERT INTO `auth_user` VALUES (1,'pbkdf2_sha256$36000$4lF5ULNhwYaS$ufMfBI14OSn8SuSmB6YGqM4mpSGycQ1uiB2DsObOFS4=',NULL,1,'admin','','','chenrebaozi@163.com',1,1,'2018-02-20 14:57:11.252089'),(2,'pbkdf2_sha256$36000$7dEDY0emOxyk$lVHJU34yrMN75GnbaO1V8aMzQ27HjNGnc2B6MAKPGDY=',NULL,0,'10001','韩','','',0,1,'2018-02-21 01:04:23.701352'),(3,'pbkdf2_sha256$36000$W8zdIr2S8Q2C$J8fHx80v27jArTStKCfIFD7UThYrC0k1D8bVsQbV7Uo=',NULL,0,'10002','曲','','',0,1,'2018-02-21 01:05:03.479188'),(4,'pbkdf2_sha256$36000$WoHJbJ5BG0RP$QHOXodV60KBMiYct0pDkFPyIAM3IysZRs+VGh2W/LFY=',NULL,0,'chenjian','陈健','','',0,1,'2018-02-21 01:33:41.139470'),(6,'pbkdf2_sha256$36000$qniVcgKcfQ6O$ievlB4cB0eKXQqw/AFx1z7TKhxFKzHKGcWkVXs7V+Wg=',NULL,0,'11001','搓澡男前台','','',0,1,'2018-02-22 11:19:01.430249');
/*!40000 ALTER TABLE `auth_user` ENABLE KEYS */;
UNLOCK TABLES;

--
-- Table structure for table `auth_user_groups`
--

DROP TABLE IF EXISTS `auth_user_groups`;
/*!40101 SET @saved_cs_client     = @@character_set_client */;
/*!40101 SET character_set_client = utf8 */;
CREATE TABLE `auth_user_groups` (
  `id` int(11) NOT NULL AUTO_INCREMENT,
  `user_id` int(11) NOT NULL,
  `group_id` int(11) NOT NULL,
  PRIMARY KEY (`id`),
  UNIQUE KEY `auth_user_groups_user_id_group_id_94350c0c_uniq` (`user_id`,`group_id`),
  KEY `auth_user_groups_group_id_97559544_fk_auth_group_id` (`group_id`),
  CONSTRAINT `auth_user_groups_group_id_97559544_fk_auth_group_id` FOREIGN KEY (`group_id`) REFERENCES `auth_group` (`id`),
  CONSTRAINT `auth_user_groups_user_id_6a12ed8b_fk_auth_user_id` FOREIGN KEY (`user_id`) REFERENCES `auth_user` (`id`)
) ENGINE=InnoDB DEFAULT CHARSET=utf8;
/*!40101 SET character_set_client = @saved_cs_client */;

--
-- Dumping data for table `auth_user_groups`
--

LOCK TABLES `auth_user_groups` WRITE;
/*!40000 ALTER TABLE `auth_user_groups` DISABLE KEYS */;
/*!40000 ALTER TABLE `auth_user_groups` ENABLE KEYS */;
UNLOCK TABLES;

--
-- Table structure for table `auth_user_user_permissions`
--

DROP TABLE IF EXISTS `auth_user_user_permissions`;
/*!40101 SET @saved_cs_client     = @@character_set_client */;
/*!40101 SET character_set_client = utf8 */;
CREATE TABLE `auth_user_user_permissions` (
  `id` int(11) NOT NULL AUTO_INCREMENT,
  `user_id` int(11) NOT NULL,
  `permission_id` int(11) NOT NULL,
  PRIMARY KEY (`id`),
  UNIQUE KEY `auth_user_user_permissions_user_id_permission_id_14a6b632_uniq` (`user_id`,`permission_id`),
  KEY `auth_user_user_permi_permission_id_1fbb5f2c_fk_auth_perm` (`permission_id`),
  CONSTRAINT `auth_user_user_permi_permission_id_1fbb5f2c_fk_auth_perm` FOREIGN KEY (`permission_id`) REFERENCES `auth_permission` (`id`),
  CONSTRAINT `auth_user_user_permissions_user_id_a95ead1b_fk_auth_user_id` FOREIGN KEY (`user_id`) REFERENCES `auth_user` (`id`)
) ENGINE=InnoDB DEFAULT CHARSET=utf8;
/*!40101 SET character_set_client = @saved_cs_client */;

--
-- Dumping data for table `auth_user_user_permissions`
--

LOCK TABLES `auth_user_user_permissions` WRITE;
/*!40000 ALTER TABLE `auth_user_user_permissions` DISABLE KEYS */;
/*!40000 ALTER TABLE `auth_user_user_permissions` ENABLE KEYS */;
UNLOCK TABLES;

--
-- Table structure for table `django_admin_log`
--

DROP TABLE IF EXISTS `django_admin_log`;
/*!40101 SET @saved_cs_client     = @@character_set_client */;
/*!40101 SET character_set_client = utf8 */;
CREATE TABLE `django_admin_log` (
  `id` int(11) NOT NULL AUTO_INCREMENT,
  `action_time` datetime(6) NOT NULL,
  `object_id` longtext,
  `object_repr` varchar(200) NOT NULL,
  `action_flag` smallint(5) unsigned NOT NULL,
  `change_message` longtext NOT NULL,
  `content_type_id` int(11) DEFAULT NULL,
  `user_id` int(11) NOT NULL,
  PRIMARY KEY (`id`),
  KEY `django_admin_log_content_type_id_c4bce8eb_fk_django_co` (`content_type_id`),
  KEY `django_admin_log_user_id_c564eba6_fk` (`user_id`),
  CONSTRAINT `django_admin_log_content_type_id_c4bce8eb_fk_django_co` FOREIGN KEY (`content_type_id`) REFERENCES `django_content_type` (`id`),
  CONSTRAINT `django_admin_log_user_id_c564eba6_fk` FOREIGN KEY (`user_id`) REFERENCES `auth_user` (`id`)
) ENGINE=InnoDB DEFAULT CHARSET=utf8;
/*!40101 SET character_set_client = @saved_cs_client */;

--
-- Dumping data for table `django_admin_log`
--

LOCK TABLES `django_admin_log` WRITE;
/*!40000 ALTER TABLE `django_admin_log` DISABLE KEYS */;
/*!40000 ALTER TABLE `django_admin_log` ENABLE KEYS */;
UNLOCK TABLES;

--
-- Table structure for table `django_content_type`
--

DROP TABLE IF EXISTS `django_content_type`;
/*!40101 SET @saved_cs_client     = @@character_set_client */;
/*!40101 SET character_set_client = utf8 */;
CREATE TABLE `django_content_type` (
  `id` int(11) NOT NULL AUTO_INCREMENT,
  `app_label` varchar(100) NOT NULL,
  `model` varchar(100) NOT NULL,
  PRIMARY KEY (`id`),
  UNIQUE KEY `django_content_type_app_label_model_76bd3d3b_uniq` (`app_label`,`model`)
) ENGINE=InnoDB AUTO_INCREMENT=17 DEFAULT CHARSET=utf8;
/*!40101 SET character_set_client = @saved_cs_client */;

--
-- Dumping data for table `django_content_type`
--

LOCK TABLES `django_content_type` WRITE;
/*!40000 ALTER TABLE `django_content_type` DISABLE KEYS */;
INSERT INTO `django_content_type` VALUES (16,'accounting','income'),(7,'accounting','item'),(11,'accounting','job'),(15,'accounting','paymentmethod'),(14,'accounting','service'),(9,'accounting','staff'),(12,'accounting','systemuser'),(10,'accounting','vip'),(13,'accounting','vippayment'),(8,'accounting','viptopuprecord'),(1,'admin','logentry'),(2,'auth','group'),(3,'auth','permission'),(4,'auth','user'),(5,'contenttypes','contenttype'),(6,'sessions','session');
/*!40000 ALTER TABLE `django_content_type` ENABLE KEYS */;
UNLOCK TABLES;

--
-- Table structure for table `django_migrations`
--

DROP TABLE IF EXISTS `django_migrations`;
/*!40101 SET @saved_cs_client     = @@character_set_client */;
/*!40101 SET character_set_client = utf8 */;
CREATE TABLE `django_migrations` (
  `id` int(11) NOT NULL AUTO_INCREMENT,
  `app` varchar(255) NOT NULL,
  `name` varchar(255) NOT NULL,
  `applied` datetime(6) NOT NULL,
  PRIMARY KEY (`id`)
) ENGINE=InnoDB AUTO_INCREMENT=41 DEFAULT CHARSET=utf8;
/*!40101 SET character_set_client = @saved_cs_client */;

--
-- Dumping data for table `django_migrations`
--

LOCK TABLES `django_migrations` WRITE;
/*!40000 ALTER TABLE `django_migrations` DISABLE KEYS */;
INSERT INTO `django_migrations` VALUES (1,'contenttypes','0001_initial','2018-02-20 14:56:04.794361'),(2,'auth','0001_initial','2018-02-20 14:56:05.199706'),(3,'accounting','0001_initial','2018-02-20 14:56:05.644915'),(4,'accounting','0002_income_card_no','2018-02-20 14:56:05.689612'),(5,'accounting','0003_auto_20180207_1203','2018-02-20 14:56:05.726535'),(6,'accounting','0004_auto_20180208_0851','2018-02-20 14:56:05.912649'),(7,'accounting','0005_paymentmethod_if_deleted','2018-02-20 14:56:05.941096'),(8,'accounting','0006_auto_20180210_1241','2018-02-20 14:56:05.953038'),(9,'accounting','0007_job_is_deleted','2018-02-20 14:56:05.980184'),(10,'accounting','0008_auto_20180210_1820','2018-02-20 14:56:06.206862'),(11,'accounting','0009_systemuser_staff','2018-02-20 14:56:06.280968'),(12,'accounting','0010_service_item_no','2018-02-20 14:56:06.356332'),(13,'accounting','0011_item_promote_ratio','2018-02-20 14:56:06.386629'),(14,'accounting','0012_auto_20180212_1036','2018-02-20 14:56:06.399860'),(15,'accounting','0013_auto_20180212_1527','2018-02-20 14:56:06.588447'),(16,'accounting','0014_vip_password','2018-02-20 14:56:06.615601'),(17,'accounting','0015_auto_20180214_0946','2018-02-20 14:56:06.639721'),(18,'accounting','0016_auto_20180214_0950','2018-02-20 14:56:06.663089'),(19,'accounting','0017_income_is_paid','2018-02-20 14:56:06.707933'),(20,'accounting','0018_auto_20180215_1639','2018-02-20 14:56:06.898948'),(21,'accounting','0019_auto_20180215_1809','2018-02-20 14:56:06.947969'),(22,'accounting','0020_vippayment','2018-02-20 14:56:07.008524'),(23,'accounting','0021_income_vip','2018-02-20 14:56:07.086784'),(24,'accounting','0022_viptopuprecord','2018-02-20 14:56:07.176296'),(25,'accounting','0023_viptopuprecord_note','2018-02-20 14:56:07.218203'),(26,'accounting','0024_income_gender','2018-02-20 14:56:07.270412'),(27,'accounting','0025_auto_20180220_2127','2018-02-20 14:56:07.363345'),(28,'accounting','0026_service_recorder','2018-02-20 14:56:07.447029'),(29,'admin','0001_initial','2018-02-20 14:56:07.547758'),(30,'admin','0002_logentry_remove_auto_add','2018-02-20 14:56:07.571313'),(31,'contenttypes','0002_remove_content_type_name','2018-02-20 14:56:07.656218'),(32,'auth','0002_alter_permission_name_max_length','2018-02-20 14:56:07.690545'),(33,'auth','0003_alter_user_email_max_length','2018-02-20 14:56:07.728303'),(34,'auth','0004_alter_user_username_opts','2018-02-20 14:56:07.746170'),(35,'auth','0005_alter_user_last_login_null','2018-02-20 14:56:07.783021'),(36,'auth','0006_require_contenttypes_0002','2018-02-20 14:56:07.786740'),(37,'auth','0007_alter_validators_add_error_messages','2018-02-20 14:56:07.800946'),(38,'auth','0008_alter_user_username_max_length','2018-02-20 14:56:07.930795'),(39,'sessions','0001_initial','2018-02-20 14:56:07.956571'),(40,'accounting','0027_viptopuprecord_payment_method','2018-02-26 14:11:02.602992');
/*!40000 ALTER TABLE `django_migrations` ENABLE KEYS */;
UNLOCK TABLES;

--
-- Table structure for table `django_session`
--

DROP TABLE IF EXISTS `django_session`;
/*!40101 SET @saved_cs_client     = @@character_set_client */;
/*!40101 SET character_set_client = utf8 */;
CREATE TABLE `django_session` (
  `session_key` varchar(40) NOT NULL,
  `session_data` longtext NOT NULL,
  `expire_date` datetime(6) NOT NULL,
  PRIMARY KEY (`session_key`),
  KEY `django_session_expire_date_a5c62663` (`expire_date`)
) ENGINE=InnoDB DEFAULT CHARSET=utf8;
/*!40101 SET character_set_client = @saved_cs_client */;

--
-- Dumping data for table `django_session`
--

LOCK TABLES `django_session` WRITE;
/*!40000 ALTER TABLE `django_session` DISABLE KEYS */;
INSERT INTO `django_session` VALUES ('0ksqjagn4r8e1v9tt14ilb5zay9uk8de','ZGZkNTJkZDJjZDA1Zjk1OTNhOTU5Zjg3ZWY4OTQ3ODA0M2M1NzVlZDp7ImluY29tZV9pZCI6IjEwIiwid29ya2VyX2lkIjoiNiIsInVzZXJfaWQiOjYsIl9zZXNzaW9uX2V4cGlyeSI6MH0=','2018-03-08 11:36:04.529054'),('0qkaldsdoxkfpyk46v4o5slgf4f784ws','YjUzNjc0ZjYzZDJhMjM4ZmM1MWExY2Q1MmU4Y2U5ZTU3OTczOTE3NTp7InVzZXJfaWQiOjQsIl9zZXNzaW9uX2V4cGlyeSI6MH0=','2018-03-14 13:52:44.797935'),('160yfdcvrw2uyhp3dch1prmr5mtiqwfg','YWFiZTFkNmVmY2IzZGZjYWU0YTRhNGRjOWNhNjZhNTEzMmI2NDA0Mzp7Il9zZXNzaW9uX2V4cGlyeSI6MH0=','2018-03-10 13:35:08.004493'),('1654fhvkh4p7k6ylft66klkey1dma6fa','YmE1ZDJjNjBkZDMxYWJmYTM0MWRlYTZlMjJlNDA5OTY0NDEyZTU2NTp7ImluY29tZV9pZCI6IjI2NiIsIndvcmtlcl9pZCI6IjEzIiwidXNlcl9pZCI6NiwiX3Nlc3Npb25fZXhwaXJ5IjowfQ==','2018-03-13 12:32:26.529557'),('1a65ourevdt79ti1k83dx6wnci3xodii','YWFiZTFkNmVmY2IzZGZjYWU0YTRhNGRjOWNhNjZhNTEzMmI2NDA0Mzp7Il9zZXNzaW9uX2V4cGlyeSI6MH0=','2018-03-10 13:48:17.592892'),('26dx07w7oheyl8jdt45q0j8d5kc9f77f','YWFiZTFkNmVmY2IzZGZjYWU0YTRhNGRjOWNhNjZhNTEzMmI2NDA0Mzp7Il9zZXNzaW9uX2V4cGlyeSI6MH0=','2018-03-15 02:59:14.244594'),('2lxh6nhfo6rs4p6p0nmkyo2sqv477kq5','YjUzNjc0ZjYzZDJhMjM4ZmM1MWExY2Q1MmU4Y2U5ZTU3OTczOTE3NTp7InVzZXJfaWQiOjQsIl9zZXNzaW9uX2V4cGlyeSI6MH0=','2018-03-09 03:05:21.482489'),('2r3fl34m4gkhg3khbg25iag9lf39afdh','YWFiZTFkNmVmY2IzZGZjYWU0YTRhNGRjOWNhNjZhNTEzMmI2NDA0Mzp7Il9zZXNzaW9uX2V4cGlyeSI6MH0=','2018-03-07 01:08:54.681411'),('2rdbqao3aitjv088bow7kmk95bcs8ymb','YjUzNjc0ZjYzZDJhMjM4ZmM1MWExY2Q1MmU4Y2U5ZTU3OTczOTE3NTp7InVzZXJfaWQiOjQsIl9zZXNzaW9uX2V4cGlyeSI6MH0=','2018-03-12 01:32:53.317992'),('2uge2ov44pgf32rchfndes228q5h55pz','YjUzNjc0ZjYzZDJhMjM4ZmM1MWExY2Q1MmU4Y2U5ZTU3OTczOTE3NTp7InVzZXJfaWQiOjQsIl9zZXNzaW9uX2V4cGlyeSI6MH0=','2018-03-09 03:05:03.995386'),('2ya71pdqafohavtezrj1o0b7f8yrq3tj','YWFiZTFkNmVmY2IzZGZjYWU0YTRhNGRjOWNhNjZhNTEzMmI2NDA0Mzp7Il9zZXNzaW9uX2V4cGlyeSI6MH0=','2018-03-13 08:31:13.939492'),('34wun15rizjo8rv7bw59mk2ft8w796ca','YjUzNjc0ZjYzZDJhMjM4ZmM1MWExY2Q1MmU4Y2U5ZTU3OTczOTE3NTp7InVzZXJfaWQiOjQsIl9zZXNzaW9uX2V4cGlyeSI6MH0=','2018-03-09 03:15:03.829905'),('4k1etliblmhta61jzepmt72nydk5or8y','YjUzNjc0ZjYzZDJhMjM4ZmM1MWExY2Q1MmU4Y2U5ZTU3OTczOTE3NTp7InVzZXJfaWQiOjQsIl9zZXNzaW9uX2V4cGlyeSI6MH0=','2018-03-13 12:58:54.244747'),('4m165n77typ3jgbq65dtedopz7w0ad27','YWFiZTFkNmVmY2IzZGZjYWU0YTRhNGRjOWNhNjZhNTEzMmI2NDA0Mzp7Il9zZXNzaW9uX2V4cGlyeSI6MH0=','2018-03-07 01:09:41.244165'),('5elwuybl8ypdrhuao1zipn6gnrnyblnp','ODU4NTUyY2RiZWQ3MzZlMmEzNzExYWU1ZTk1OGI0NzlkNDFmZDYxNTp7InVzZXJfaWQiOjMsIl9zZXNzaW9uX2V4cGlyeSI6MH0=','2018-03-09 02:33:23.543632'),('5ooulg0cdy0kpyfod44neuhxac6vpfsh','YWFiZTFkNmVmY2IzZGZjYWU0YTRhNGRjOWNhNjZhNTEzMmI2NDA0Mzp7Il9zZXNzaW9uX2V4cGlyeSI6MH0=','2018-03-14 13:09:08.760877'),('6g6ld3yaob36b6376l52kh372m17qdkj','YWFiZTFkNmVmY2IzZGZjYWU0YTRhNGRjOWNhNjZhNTEzMmI2NDA0Mzp7Il9zZXNzaW9uX2V4cGlyeSI6MH0=','2018-03-11 02:32:06.925181'),('6oazh9k40i1d1k81y7585enu5v58aexi','YjUzNjc0ZjYzZDJhMjM4ZmM1MWExY2Q1MmU4Y2U5ZTU3OTczOTE3NTp7InVzZXJfaWQiOjQsIl9zZXNzaW9uX2V4cGlyeSI6MH0=','2018-03-09 03:02:37.169315'),('76cw34v5pdbc8y52xnve3qvhacvz11q0','YjUzNjc0ZjYzZDJhMjM4ZmM1MWExY2Q1MmU4Y2U5ZTU3OTczOTE3NTp7InVzZXJfaWQiOjQsIl9zZXNzaW9uX2V4cGlyeSI6MH0=','2018-03-09 13:57:33.400622'),('7awovd29cg1d265bf78us1g1jwkdup9c','YjUzNjc0ZjYzZDJhMjM4ZmM1MWExY2Q1MmU4Y2U5ZTU3OTczOTE3NTp7InVzZXJfaWQiOjQsIl9zZXNzaW9uX2V4cGlyeSI6MH0=','2018-03-13 12:36:22.978994'),('7hfydru5vib82jaba25jivimph21684i','NDM1NzBlNmFhYjdlYTNjNmM1YzZkZjRjMDE5YTdmYTllYmU1YjRkMDp7InVzZXJfaWQiOjIsIl9zZXNzaW9uX2V4cGlyeSI6MH0=','2018-03-08 13:49:44.902663'),('7o4u1gluq8b8n1vj1l1u1td81zzdhgts','YWFiZTFkNmVmY2IzZGZjYWU0YTRhNGRjOWNhNjZhNTEzMmI2NDA0Mzp7Il9zZXNzaW9uX2V4cGlyeSI6MH0=','2018-03-07 02:38:39.790709'),('7ozcskatlz51xxzwao7yr5axhshdunsv','YjUzNjc0ZjYzZDJhMjM4ZmM1MWExY2Q1MmU4Y2U5ZTU3OTczOTE3NTp7InVzZXJfaWQiOjQsIl9zZXNzaW9uX2V4cGlyeSI6MH0=','2018-03-12 00:48:54.003084'),('7rl8joj88pb5hyvpeyc9pzoc39wiw8h2','MzcyYTNhOWQ4ZWQ4OTE2NDY1NzZkZjljNjNlZWNhNDM4MWRiNDUwYzp7InVzZXJfaWQiOjEsIl9zZXNzaW9uX2V4cGlyeSI6MH0=','2018-03-07 01:59:09.946672'),('7ryd98ivknbn4sbq4zn6hp53t2xps6va','YjUzNjc0ZjYzZDJhMjM4ZmM1MWExY2Q1MmU4Y2U5ZTU3OTczOTE3NTp7InVzZXJfaWQiOjQsIl9zZXNzaW9uX2V4cGlyeSI6MH0=','2018-03-15 06:03:35.932832'),('7z8a5fn1ym2fnm4dbku6iysavy1ev30u','MzcyYTNhOWQ4ZWQ4OTE2NDY1NzZkZjljNjNlZWNhNDM4MWRiNDUwYzp7InVzZXJfaWQiOjEsIl9zZXNzaW9uX2V4cGlyeSI6MH0=','2018-03-12 14:15:51.180536'),('7zxb68ssv2znrtoyersut1hve9ikn8ek','YWFiZTFkNmVmY2IzZGZjYWU0YTRhNGRjOWNhNjZhNTEzMmI2NDA0Mzp7Il9zZXNzaW9uX2V4cGlyeSI6MH0=','2018-03-07 01:06:14.986696'),('80conp3g29oxssx16s25fqs0ro7izk6j','NDM1NzBlNmFhYjdlYTNjNmM1YzZkZjRjMDE5YTdmYTllYmU1YjRkMDp7InVzZXJfaWQiOjIsIl9zZXNzaW9uX2V4cGlyeSI6MH0=','2018-03-07 03:01:00.261767'),('8pt6pr6jwmfmhiwq5u5f1a3750ldd6a1','YmM2N2VhZTM5YzVmOTQ1MGIzMDExODAwZDE3ZWFhYmMzMDU2ODU3Njp7ImluY29tZV9pZCI6Ijk2Iiwid29ya2VyX2lkIjoiNyIsInVzZXJfaWQiOjYsIl9zZXNzaW9uX2V4cGlyeSI6MH0=','2018-03-11 02:17:03.506202'),('8yy61lg0c6ptk5dgt0jm5qehls74h6i1','MWE4NTQyZDEwZmE1ODFmZmZmNmFkZmNjYTQxMmQ2ZTkxZDQ1NmZmNzp7InVzZXJfaWQiOjYsIl9zZXNzaW9uX2V4cGlyeSI6MH0=','2018-03-12 01:10:12.128554'),('99hqwat5vo0l2p2e7qswq57tatd04zt2','YWFiZTFkNmVmY2IzZGZjYWU0YTRhNGRjOWNhNjZhNTEzMmI2NDA0Mzp7Il9zZXNzaW9uX2V4cGlyeSI6MH0=','2018-03-07 01:06:42.289225'),('9bytyugyrgospuggdzsqhbsc3hvbrtcn','MzcyYTNhOWQ4ZWQ4OTE2NDY1NzZkZjljNjNlZWNhNDM4MWRiNDUwYzp7InVzZXJfaWQiOjEsIl9zZXNzaW9uX2V4cGlyeSI6MH0=','2018-03-10 01:37:02.783044'),('9sx59znyu4ajvlg0pvjw4yuatdsi211i','YWFiZTFkNmVmY2IzZGZjYWU0YTRhNGRjOWNhNjZhNTEzMmI2NDA0Mzp7Il9zZXNzaW9uX2V4cGlyeSI6MH0=','2018-03-13 13:34:58.888313'),('akpz7xx1jmbu0qy67dlq4vtfqem7b2wr','ODU4NTUyY2RiZWQ3MzZlMmEzNzExYWU1ZTk1OGI0NzlkNDFmZDYxNTp7InVzZXJfaWQiOjMsIl9zZXNzaW9uX2V4cGlyeSI6MH0=','2018-03-14 01:25:52.707338'),('atbr81gyj03hahp4qtnw62wt0qy05sor','NTg2MWI0OTNiOGUyZDAxMTMzYTJhYzdhMDAxMjBlMDI2OGY2ZjQ4OTp7ImluY29tZV9pZCI6IjM2MCIsIndvcmtlcl9pZCI6IjEzIiwidXNlcl9pZCI6NiwiX3Nlc3Npb25fZXhwaXJ5IjowfQ==','2018-03-15 06:54:44.911156'),('b6sd4s0uhp1zg5hsts30w3ccu5sr1g0c','YWFiZTFkNmVmY2IzZGZjYWU0YTRhNGRjOWNhNjZhNTEzMmI2NDA0Mzp7Il9zZXNzaW9uX2V4cGlyeSI6MH0=','2018-03-09 03:56:47.860580'),('c79s1s5w2vc9pkfyotoowmwfxrtinyca','YjUzNjc0ZjYzZDJhMjM4ZmM1MWExY2Q1MmU4Y2U5ZTU3OTczOTE3NTp7InVzZXJfaWQiOjQsIl9zZXNzaW9uX2V4cGlyeSI6MH0=','2018-03-09 03:10:41.740938'),('cdg7xwetsyb4pu2ysn2y1oyawry6tq2o','YjUzNjc0ZjYzZDJhMjM4ZmM1MWExY2Q1MmU4Y2U5ZTU3OTczOTE3NTp7InVzZXJfaWQiOjQsIl9zZXNzaW9uX2V4cGlyeSI6MH0=','2018-03-13 08:25:14.408274'),('cgznvj1frd55rrqzpmw1b14yoh24rkr2','YWFiZTFkNmVmY2IzZGZjYWU0YTRhNGRjOWNhNjZhNTEzMmI2NDA0Mzp7Il9zZXNzaW9uX2V4cGlyeSI6MH0=','2018-03-09 14:19:32.814469'),('ch5khyb7vduv6vfaybfx8rup3xwgiab6','MzcyYTNhOWQ4ZWQ4OTE2NDY1NzZkZjljNjNlZWNhNDM4MWRiNDUwYzp7InVzZXJfaWQiOjEsIl9zZXNzaW9uX2V4cGlyeSI6MH0=','2018-03-13 07:01:25.599921'),('co2hph9uz96zkigoznkllp4sx67lzsv0','YjUzNjc0ZjYzZDJhMjM4ZmM1MWExY2Q1MmU4Y2U5ZTU3OTczOTE3NTp7InVzZXJfaWQiOjQsIl9zZXNzaW9uX2V4cGlyeSI6MH0=','2018-03-09 05:39:21.901185'),('cwks60l6760sg8gnjtv07w5xzg87vqcm','YjUzNjc0ZjYzZDJhMjM4ZmM1MWExY2Q1MmU4Y2U5ZTU3OTczOTE3NTp7InVzZXJfaWQiOjQsIl9zZXNzaW9uX2V4cGlyeSI6MH0=','2018-03-13 14:28:43.690077'),('czpm0ifauhu1trrr7o9jir2z66jc2tb8','YWFiZTFkNmVmY2IzZGZjYWU0YTRhNGRjOWNhNjZhNTEzMmI2NDA0Mzp7Il9zZXNzaW9uX2V4cGlyeSI6MH0=','2018-03-12 13:27:11.333929'),('d1bovwbdijp20pn4bu3mlemlig9bfzt3','YWFiZTFkNmVmY2IzZGZjYWU0YTRhNGRjOWNhNjZhNTEzMmI2NDA0Mzp7Il9zZXNzaW9uX2V4cGlyeSI6MH0=','2018-03-07 02:59:42.176921'),('d7c3e84drxawylzhv9ucimppni4prtr3','YWFiZTFkNmVmY2IzZGZjYWU0YTRhNGRjOWNhNjZhNTEzMmI2NDA0Mzp7Il9zZXNzaW9uX2V4cGlyeSI6MH0=','2018-03-12 00:50:39.949851'),('eaihcpu7if40gbwd9qm6lc0z72afzuzq','YWFiZTFkNmVmY2IzZGZjYWU0YTRhNGRjOWNhNjZhNTEzMmI2NDA0Mzp7Il9zZXNzaW9uX2V4cGlyeSI6MH0=','2018-03-09 02:24:26.424295'),('ebec9j47b3wpxlfsjj7wfylcwzbsf5c1','YWFiZTFkNmVmY2IzZGZjYWU0YTRhNGRjOWNhNjZhNTEzMmI2NDA0Mzp7Il9zZXNzaW9uX2V4cGlyeSI6MH0=','2018-03-12 01:14:10.450855'),('ep7zfx24uapbdgoxpas7inquib5pgcm8','ODU4NTUyY2RiZWQ3MzZlMmEzNzExYWU1ZTk1OGI0NzlkNDFmZDYxNTp7InVzZXJfaWQiOjMsIl9zZXNzaW9uX2V4cGlyeSI6MH0=','2018-03-09 13:18:08.031353'),('fiz4dapj0sb89jgeqy5dc4b752e4iv23','YWFiZTFkNmVmY2IzZGZjYWU0YTRhNGRjOWNhNjZhNTEzMmI2NDA0Mzp7Il9zZXNzaW9uX2V4cGlyeSI6MH0=','2018-03-07 01:06:39.247875'),('g0rc781d49k6kycpbaovhikfny9kc8hs','NWU3ZTlkMzhlOTkwZjkwNDMyODM0Njc2MzU1OGNhMjYyZWJjZDhkYTp7ImluY29tZV9pZCI6IjM3Iiwid29ya2VyX2lkIjoiNyIsInVzZXJfaWQiOjYsIl9zZXNzaW9uX2V4cGlyeSI6MH0=','2018-03-11 01:50:31.373089'),('g2rhiugcffw9tdh68reu804q2vxva8uw','YjUzNjc0ZjYzZDJhMjM4ZmM1MWExY2Q1MmU4Y2U5ZTU3OTczOTE3NTp7InVzZXJfaWQiOjQsIl9zZXNzaW9uX2V4cGlyeSI6MH0=','2018-03-11 01:03:13.869061'),('gwt1pl90bqd7avogxnzg2qx2uvymky0j','YjUzNjc0ZjYzZDJhMjM4ZmM1MWExY2Q1MmU4Y2U5ZTU3OTczOTE3NTp7InVzZXJfaWQiOjQsIl9zZXNzaW9uX2V4cGlyeSI6MH0=','2018-03-13 08:25:34.427496'),('h66z4oxvrjy7tps8nc4bdoz3a3n72y2x','YjMxZDk2Y2Q2NTMwNzc4NTE2Mzc1ZWE0NDIwYTU5ODM2Y2IyNzhkOTp7ImluY29tZV9pZCI6IjMzOCIsIndvcmtlcl9pZCI6IjYiLCJ1c2VyX2lkIjo2LCJfc2Vzc2lvbl9leHBpcnkiOjB9','2018-03-15 01:28:27.298191'),('heuofvs2xgnrwig8s0ef9sft8u9n9gv5','MzcyYTNhOWQ4ZWQ4OTE2NDY1NzZkZjljNjNlZWNhNDM4MWRiNDUwYzp7InVzZXJfaWQiOjEsIl9zZXNzaW9uX2V4cGlyeSI6MH0=','2018-03-15 07:02:10.932259'),('hez4h9331m9dkqmjjdc5h1gezy6up9j6','NDM1NzBlNmFhYjdlYTNjNmM1YzZkZjRjMDE5YTdmYTllYmU1YjRkMDp7InVzZXJfaWQiOjIsIl9zZXNzaW9uX2V4cGlyeSI6MH0=','2018-03-07 02:02:23.000075'),('hw8s1chxf5ikxc2yua01h2dmgzcbx0u2','YjUzNjc0ZjYzZDJhMjM4ZmM1MWExY2Q1MmU4Y2U5ZTU3OTczOTE3NTp7InVzZXJfaWQiOjQsIl9zZXNzaW9uX2V4cGlyeSI6MH0=','2018-03-09 03:52:29.897522'),('hxxnztldn8320okcm876cda5iu1mq3ow','YjUzNjc0ZjYzZDJhMjM4ZmM1MWExY2Q1MmU4Y2U5ZTU3OTczOTE3NTp7InVzZXJfaWQiOjQsIl9zZXNzaW9uX2V4cGlyeSI6MH0=','2018-03-10 03:49:53.925063'),('i0n8ysr8b3yclpnhvy64um6i11r0g9zy','YWFiZTFkNmVmY2IzZGZjYWU0YTRhNGRjOWNhNjZhNTEzMmI2NDA0Mzp7Il9zZXNzaW9uX2V4cGlyeSI6MH0=','2018-03-12 01:05:39.498905'),('i2mhok1b69pqfp70mgb3wzgwxlbtqhiq','YWFiZTFkNmVmY2IzZGZjYWU0YTRhNGRjOWNhNjZhNTEzMmI2NDA0Mzp7Il9zZXNzaW9uX2V4cGlyeSI6MH0=','2018-03-12 01:04:20.912072'),('ilexq2xpghk85i6vc29aa1g85dtfdi30','YjUzNjc0ZjYzZDJhMjM4ZmM1MWExY2Q1MmU4Y2U5ZTU3OTczOTE3NTp7InVzZXJfaWQiOjQsIl9zZXNzaW9uX2V4cGlyeSI6MH0=','2018-03-09 03:36:09.919415'),('jj1vrkppwjvwlsxperlaivdvcaqd64gq','YWFiZTFkNmVmY2IzZGZjYWU0YTRhNGRjOWNhNjZhNTEzMmI2NDA0Mzp7Il9zZXNzaW9uX2V4cGlyeSI6MH0=','2018-03-09 03:39:29.371787'),('kdwyddcer4wfe7rmkklds2adebmzyvf9','YjUzNjc0ZjYzZDJhMjM4ZmM1MWExY2Q1MmU4Y2U5ZTU3OTczOTE3NTp7InVzZXJfaWQiOjQsIl9zZXNzaW9uX2V4cGlyeSI6MH0=','2018-03-15 05:57:25.066570'),('kr06ohqrekm32y4xob21q730qc6o5jel','NGNiNjY0MTliNjY5YTAwMWU0ODEyZmQ4NDc1YmM2MWQyNWFjOTExZjp7ImluY29tZV9pZCI6IjM0MCIsIndvcmtlcl9pZCI6IjYiLCJ1c2VyX2lkIjo2LCJfc2Vzc2lvbl9leHBpcnkiOjB9','2018-03-14 12:22:55.237842'),('l0uaveocczq3fnsjbdyyqsqh7aj7nn39','NDM1NzBlNmFhYjdlYTNjNmM1YzZkZjRjMDE5YTdmYTllYmU1YjRkMDp7InVzZXJfaWQiOjIsIl9zZXNzaW9uX2V4cGlyeSI6MH0=','2018-03-12 01:14:26.370086'),('lag48c6m64gwono87zbuuhr4f9mp1q4l','MzcyYTNhOWQ4ZWQ4OTE2NDY1NzZkZjljNjNlZWNhNDM4MWRiNDUwYzp7InVzZXJfaWQiOjEsIl9zZXNzaW9uX2V4cGlyeSI6MH0=','2018-03-07 01:02:28.458521'),('lf2hx2m9skaobbq9gk3fw8hcz0fe0bel','NDM1NzBlNmFhYjdlYTNjNmM1YzZkZjRjMDE5YTdmYTllYmU1YjRkMDp7InVzZXJfaWQiOjIsIl9zZXNzaW9uX2V4cGlyeSI6MH0=','2018-03-08 11:23:19.732585'),('lhwcwzma1hl55eacmszt74f2u712gqao','MTUwNzU3NTEzYjQ2OTVkN2MyOGNhNTNmOGIwODMyMzg5ZDk0NDU5Mjp7ImluY29tZV9pZCI6IjMxIiwid29ya2VyX2lkIjoiNyIsInVzZXJfaWQiOjYsIl9zZXNzaW9uX2V4cGlyeSI6MH0=','2018-03-09 15:17:03.494238'),('lkcuh1xqhdbxagyearyi94pkk84l2qnk','YWFiZTFkNmVmY2IzZGZjYWU0YTRhNGRjOWNhNjZhNTEzMmI2NDA0Mzp7Il9zZXNzaW9uX2V4cGlyeSI6MH0=','2018-03-14 23:14:27.149981'),('metijopmsnleere98w6b64g71nhzw96f','YjUzNjc0ZjYzZDJhMjM4ZmM1MWExY2Q1MmU4Y2U5ZTU3OTczOTE3NTp7InVzZXJfaWQiOjQsIl9zZXNzaW9uX2V4cGlyeSI6MH0=','2018-03-13 04:15:32.819812'),('n2iwkgmm4uy1jx3t7eobozy2fbixrzp0','ZmNiODIwMTBjOWE3YWRmYzgzNzYzZjdjNWI2YzQzMGI1YWQwN2ZmMDp7ImluY29tZV9pZCI6IjE2MCIsIndvcmtlcl9pZCI6IjYiLCJ1c2VyX2lkIjo2LCJfc2Vzc2lvbl9leHBpcnkiOjB9','2018-03-12 01:03:58.449598'),('n79nj8dfqnscf1hqnra3e1sxc9w3wf6c','NDM1NzBlNmFhYjdlYTNjNmM1YzZkZjRjMDE5YTdmYTllYmU1YjRkMDp7InVzZXJfaWQiOjIsIl9zZXNzaW9uX2V4cGlyeSI6MH0=','2018-03-11 01:46:57.530396'),('nj272pl4k5lxjscifms5qylbcy7sqitb','YWFiZTFkNmVmY2IzZGZjYWU0YTRhNGRjOWNhNjZhNTEzMmI2NDA0Mzp7Il9zZXNzaW9uX2V4cGlyeSI6MH0=','2018-03-09 03:36:07.763567'),('o2hijjlbaw4xneywqx4p85p765g9hp5w','YWFiZTFkNmVmY2IzZGZjYWU0YTRhNGRjOWNhNjZhNTEzMmI2NDA0Mzp7Il9zZXNzaW9uX2V4cGlyeSI6MH0=','2018-03-09 02:26:57.452230'),('o3uzyi68nkucq9ig6w4ce2kj7jw5i4mb','YjUzNjc0ZjYzZDJhMjM4ZmM1MWExY2Q1MmU4Y2U5ZTU3OTczOTE3NTp7InVzZXJfaWQiOjQsIl9zZXNzaW9uX2V4cGlyeSI6MH0=','2018-03-13 12:53:47.310038'),('o4jg9zb9eg0aff05kup7r2zdom5cb6q9','NDM1NzBlNmFhYjdlYTNjNmM1YzZkZjRjMDE5YTdmYTllYmU1YjRkMDp7InVzZXJfaWQiOjIsIl9zZXNzaW9uX2V4cGlyeSI6MH0=','2018-03-15 00:12:27.780848'),('o8vjz7gpalog74nkjohfshfv3xi0lluv','YjUzNjc0ZjYzZDJhMjM4ZmM1MWExY2Q1MmU4Y2U5ZTU3OTczOTE3NTp7InVzZXJfaWQiOjQsIl9zZXNzaW9uX2V4cGlyeSI6MH0=','2018-03-10 13:14:10.767598'),('og5nhode55algeh4zmru7hjg75pp4eie','YjMxODZlNDVmOGU4NTdlNTA2MjNiOTlmMGE2YmU1NDg0MmM2MDk0MTp7ImluY29tZV9pZCI6Ijk4Iiwid29ya2VyX2lkIjoiNyIsInVzZXJfaWQiOjYsIl9zZXNzaW9uX2V4cGlyeSI6MH0=','2018-03-11 07:30:14.166332'),('oo27v3t05r22gsr1mt2yimghi1itctgt','ODU4NTUyY2RiZWQ3MzZlMmEzNzExYWU1ZTk1OGI0NzlkNDFmZDYxNTp7InVzZXJfaWQiOjMsIl9zZXNzaW9uX2V4cGlyeSI6MH0=','2018-03-11 05:11:11.406034'),('osq8a68znjvhyhmxvj2zhjvwl66buwq8','YjUzNjc0ZjYzZDJhMjM4ZmM1MWExY2Q1MmU4Y2U5ZTU3OTczOTE3NTp7InVzZXJfaWQiOjQsIl9zZXNzaW9uX2V4cGlyeSI6MH0=','2018-03-09 03:17:04.245426'),('ql5j9dkfqkssq1jdgvd5cun8gw36xmyp','YjUzNjc0ZjYzZDJhMjM4ZmM1MWExY2Q1MmU4Y2U5ZTU3OTczOTE3NTp7InVzZXJfaWQiOjQsIl9zZXNzaW9uX2V4cGlyeSI6MH0=','2018-03-13 08:38:38.782212'),('qrb0gmxh58jm1bxfxqhvbwehvwrewj37','Y2Q2M2UyNzU1NGQ5MDVmOWFjODA3ODRmNTg2NDIxZWY3YzIyNGM0ZTp7ImluY29tZV9pZCI6IjIxNiIsIndvcmtlcl9pZCI6IjciLCJ1c2VyX2lkIjo2LCJfc2Vzc2lvbl9leHBpcnkiOjB9','2018-03-12 13:29:25.071518'),('r86kot5vfulsnhg30irfjh6xnln3s8f5','YWFiZTFkNmVmY2IzZGZjYWU0YTRhNGRjOWNhNjZhNTEzMmI2NDA0Mzp7Il9zZXNzaW9uX2V4cGlyeSI6MH0=','2018-03-11 02:04:43.847185'),('rftoe5tk965toab9jdli2rhlpijqwwuz','NDM1NzBlNmFhYjdlYTNjNmM1YzZkZjRjMDE5YTdmYTllYmU1YjRkMDp7InVzZXJfaWQiOjIsIl9zZXNzaW9uX2V4cGlyeSI6MH0=','2018-03-07 03:11:55.084421'),('s27i3oa4ci24n3u5b9gv5yz7xydworpy','YjUzNjc0ZjYzZDJhMjM4ZmM1MWExY2Q1MmU4Y2U5ZTU3OTczOTE3NTp7InVzZXJfaWQiOjQsIl9zZXNzaW9uX2V4cGlyeSI6MH0=','2018-03-13 13:00:05.158887'),('soljm3gmy9ib4app0katwoh5g1x9xy3n','OWU2ZmQ0MTllZDEzZmU4MzcyYzEwZDMwNTcxZjJjMDM0NzAwMGFiYjp7ImluY29tZV9pZCI6IjExMyIsIndvcmtlcl9pZCI6IjExIiwidXNlcl9pZCI6NiwiX3Nlc3Npb25fZXhwaXJ5IjowfQ==','2018-03-11 02:37:58.088520'),('sx80kekkwvojbydiklnch6wv005ok1ol','MWE4NTQyZDEwZmE1ODFmZmZmNmFkZmNjYTQxMmQ2ZTkxZDQ1NmZmNzp7InVzZXJfaWQiOjYsIl9zZXNzaW9uX2V4cGlyeSI6MH0=','2018-03-09 02:21:49.475853'),('t0g8eu97ibb9gebwcuklrmpmsp5x4ytf','ODU4NTUyY2RiZWQ3MzZlMmEzNzExYWU1ZTk1OGI0NzlkNDFmZDYxNTp7InVzZXJfaWQiOjMsIl9zZXNzaW9uX2V4cGlyeSI6MH0=','2018-03-09 13:51:40.135875'),('tyjqxpawoefjgnxyj92n9rcg1zd7um9x','YjUzNjc0ZjYzZDJhMjM4ZmM1MWExY2Q1MmU4Y2U5ZTU3OTczOTE3NTp7InVzZXJfaWQiOjQsIl9zZXNzaW9uX2V4cGlyeSI6MH0=','2018-03-09 03:39:31.795520'),('u2smdekfov2zscvq221reywbuoad96iv','YjUzNjc0ZjYzZDJhMjM4ZmM1MWExY2Q1MmU4Y2U5ZTU3OTczOTE3NTp7InVzZXJfaWQiOjQsIl9zZXNzaW9uX2V4cGlyeSI6MH0=','2018-03-09 03:35:06.463921'),('u7iytussxgwdl90ufn8r42f1ufn4aptd','YWFiZTFkNmVmY2IzZGZjYWU0YTRhNGRjOWNhNjZhNTEzMmI2NDA0Mzp7Il9zZXNzaW9uX2V4cGlyeSI6MH0=','2018-03-07 02:06:05.568607'),('u9to9c2thz3y3vk083k8zf3jzzj3hskf','YWFiZTFkNmVmY2IzZGZjYWU0YTRhNGRjOWNhNjZhNTEzMmI2NDA0Mzp7Il9zZXNzaW9uX2V4cGlyeSI6MH0=','2018-03-12 01:07:01.304475'),('ulf2tbq3rp9qwn1h1kbb8bcuv7ry3ow0','NDM1NzBlNmFhYjdlYTNjNmM1YzZkZjRjMDE5YTdmYTllYmU1YjRkMDp7InVzZXJfaWQiOjIsIl9zZXNzaW9uX2V4cGlyeSI6MH0=','2018-03-08 13:43:50.130493'),('v0txm5qq3ozgqmat0or7qqqdwg3yrbg4','YjUzNjc0ZjYzZDJhMjM4ZmM1MWExY2Q1MmU4Y2U5ZTU3OTczOTE3NTp7InVzZXJfaWQiOjQsIl9zZXNzaW9uX2V4cGlyeSI6MH0=','2018-03-15 01:24:23.991706'),('we3cspsx633pkda3u0u52boop2d3xnhs','YjUzNjc0ZjYzZDJhMjM4ZmM1MWExY2Q1MmU4Y2U5ZTU3OTczOTE3NTp7InVzZXJfaWQiOjQsIl9zZXNzaW9uX2V4cGlyeSI6MH0=','2018-03-13 06:09:40.648578'),('wexiu91aclvahezs8tk51wid5p4scsq3','YjUzNjc0ZjYzZDJhMjM4ZmM1MWExY2Q1MmU4Y2U5ZTU3OTczOTE3NTp7InVzZXJfaWQiOjQsIl9zZXNzaW9uX2V4cGlyeSI6MH0=','2018-03-12 01:12:41.027412'),('wmdzwhrznhfnam0u6uow8ck0j2baif3o','NDM1NzBlNmFhYjdlYTNjNmM1YzZkZjRjMDE5YTdmYTllYmU1YjRkMDp7InVzZXJfaWQiOjIsIl9zZXNzaW9uX2V4cGlyeSI6MH0=','2018-03-12 00:41:16.430147'),('x3iv2iakbf6u44d4h9krzyn3am01nvid','ODU4NTUyY2RiZWQ3MzZlMmEzNzExYWU1ZTk1OGI0NzlkNDFmZDYxNTp7InVzZXJfaWQiOjMsIl9zZXNzaW9uX2V4cGlyeSI6MH0=','2018-03-14 01:07:01.715007'),('y8cgcb6myxu6yl8ug7n6skt03nsb3ezp','MzcyYTNhOWQ4ZWQ4OTE2NDY1NzZkZjljNjNlZWNhNDM4MWRiNDUwYzp7InVzZXJfaWQiOjEsIl9zZXNzaW9uX2V4cGlyeSI6MH0=','2018-03-14 14:09:21.705962'),('ybd6v4j9n6dm1xn8bwora481cb428pfa','YjUzNjc0ZjYzZDJhMjM4ZmM1MWExY2Q1MmU4Y2U5ZTU3OTczOTE3NTp7InVzZXJfaWQiOjQsIl9zZXNzaW9uX2V4cGlyeSI6MH0=','2018-03-10 01:56:14.954763'),('zam7mxrge6foybs9vvfj16p2394ozyek','ODU4NTUyY2RiZWQ3MzZlMmEzNzExYWU1ZTk1OGI0NzlkNDFmZDYxNTp7InVzZXJfaWQiOjMsIl9zZXNzaW9uX2V4cGlyeSI6MH0=','2018-03-09 13:32:01.171786'),('zldkcq96nyb8q5eso1xtbwmm4u9f6o9x','YWFiZTFkNmVmY2IzZGZjYWU0YTRhNGRjOWNhNjZhNTEzMmI2NDA0Mzp7Il9zZXNzaW9uX2V4cGlyeSI6MH0=','2018-03-09 03:59:52.039350');
/*!40000 ALTER TABLE `django_session` ENABLE KEYS */;
UNLOCK TABLES;
/*!40103 SET TIME_ZONE=@OLD_TIME_ZONE */;

/*!40101 SET SQL_MODE=@OLD_SQL_MODE */;
/*!40014 SET FOREIGN_KEY_CHECKS=@OLD_FOREIGN_KEY_CHECKS */;
/*!40014 SET UNIQUE_CHECKS=@OLD_UNIQUE_CHECKS */;
/*!40101 SET CHARACTER_SET_CLIENT=@OLD_CHARACTER_SET_CLIENT */;
/*!40101 SET CHARACTER_SET_RESULTS=@OLD_CHARACTER_SET_RESULTS */;
/*!40101 SET COLLATION_CONNECTION=@OLD_COLLATION_CONNECTION */;
/*!40111 SET SQL_NOTES=@OLD_SQL_NOTES */;

-- Dump completed on 2018-03-01 15:07:25
